date,latitude,longitude,potential_evaporation_max,potential_evaporation_mean,potential_evaporation_min,total_precipitation_max,total_precipitation_mean,total_precipitation_min,skin_temperature_max,skin_temperature_mean,skin_temperature_min,soil_temperature_level_1_max,soil_temperature_level_1_mean,soil_temperature_level_1_min,volumetric_soil_water_layer_1_max,volumetric_soil_water_layer_1_mean,volumetric_soil_water_layer_1_min,irrigation_mm
2022-03-18,10.282741,105.414218,125.443,125.443,125.443,85.973,85.973,85.973,30.04,30.04,30.04,31.06,31.06,31.06,0.19265429178873697,0.19265429178873697,0.19265429178873697,39.47
2022-03-18,10.292251,105.405536,125.443,125.443,125.443,85.973,85.973,85.973,30.04,30.04,30.04,31.06,31.06,31.06,0.19265429178873697,0.19265429178873697,0.19265429178873697,39.47
2022-03-18,10.303175,105.416814,112.931,112.931,112.931,78.063,78.063,78.063,30.19,30.19,30.19,31.14,31.14,31.14,0.18091201782226562,0.18091201782226562,0.18091201782226562,34.868
2022-03-18,10.320924,105.404264,112.931,112.931,112.931,78.063,78.063,78.063,30.19,30.19,30.19,31.14,31.14,31.14,0.18091201782226562,0.18091201782226562,0.18091201782226562,34.868
2022-03-18,10.335158,105.395026,114.492,114.492,114.492,100.196,100.196,100.196,30.42,30.42,30.42,31.42,31.42,31.42,0.19748242696126303,0.19748242696126303,0.19748242696126303,14.296
2022-03-20,10.430707,105.315671,129.406,129.406,129.406,154.678,154.678,154.678,29.53,29.53,29.53,30.49,30.49,30.49,0.30064646402994794,0.30064646402994794,0.30064646402994794,0.0
2022-03-20,10.434624,105.327551,129.406,129.406,129.406,154.678,154.678,154.678,29.53,29.53,29.53,30.49,30.49,30.49,0.30064646402994794,0.30064646402994794,0.30064646402994794,0.0
2022-03-20,10.436532,105.313783,,,,,,,,,,,,,,,,
2022-03-20,10.439647,105.334052,129.406,129.406,129.406,154.678,154.678,154.678,29.53,29.53,29.53,30.49,30.49,30.49,0.30064646402994794,0.30064646402994794,0.30064646402994794,0.0
2022-03-20,10.442271,105.339057,129.406,129.406,129.406,154.678,154.678,154.678,29.53,29.53,29.53,30.49,30.49,30.49,0.30064646402994794,0.30064646402994794,0.30064646402994794,0.0
2022-03-20,10.443677,105.348236,129.406,129.406,129.406,154.678,154.678,154.678,29.53,29.53,29.53,30.49,30.49,30.49,0.30064646402994794,0.30064646402994794,0.30064646402994794,0.0
2022-03-20,10.444036,105.331928,129.406,129.406,129.406,154.678,154.678,154.678,29.53,29.53,29.53,30.49,30.49,30.49,0.30064646402994794,0.30064646402994794,0.30064646402994794,0.0
2022-03-20,10.446006,105.338972,129.406,129.406,129.406,154.678,154.678,154.678,29.53,29.53,29.53,30.49,30.49,30.49,0.30064646402994794,0.30064646402994794,0.30064646402994794,0.0
2022-03-20,10.447125,105.31374,129.406,129.406,129.406,154.678,154.678,154.678,29.53,29.53,29.53,30.49,30.49,30.49,0.30064646402994794,0.30064646402994794,0.30064646402994794,0.0
2022-03-20,10.454342,105.322838,129.406,129.406,129.406,154.678,154.678,154.678,29.53,29.53,29.53,30.49,30.49,30.49,0.30064646402994794,0.30064646402994794,0.30064646402994794,0.0
2022-03-21,10.459704,105.218744,109.273,109.273,109.273,174.92,174.92,174.92,27.85,27.85,27.85,29.11,29.11,29.11,0.36520131429036456,0.36520131429036456,0.36520131429036456,0.0
2022-03-22,10.370371,105.275589,91.449,91.449,91.449,247.38,247.38,247.38,26.93,26.93,26.93,28.21,28.21,28.21,0.3387889862060547,0.3387889862060547,0.3387889862060547,0.0
2022-03-22,10.375756,105.208993,,,,,,,,,,,,,,,,
2022-03-22,10.380497,105.274972,91.449,91.449,91.449,247.38,247.38,247.38,26.93,26.93,26.93,28.21,28.21,28.21,0.3387889862060547,0.3387889862060547,0.3387889862060547,0.0
2022-03-22,10.387459,105.205582,,,,,,,,,,,,,,,,
2022-03-22,10.387619,105.243467,,,,,,,,,,,,,,,,
2022-03-22,10.394517,105.260713,91.449,91.449,91.449,247.38,247.38,247.38,26.93,26.93,26.93,28.21,28.21,28.21,0.3387889862060547,0.3387889862060547,0.3387889862060547,0.0
2022-03-22,10.395256,105.268561,91.449,91.449,91.449,247.38,247.38,247.38,26.93,26.93,26.93,28.21,28.21,28.21,0.3387889862060547,0.3387889862060547,0.3387889862060547,0.0
2022-03-22,10.399256,105.204494,,,,,,,,,,,,,,,,
2022-03-22,10.402927,105.235656,91.819,91.819,91.819,220.474,220.474,220.474,27.16,27.16,27.16,28.4,28.4,28.4,0.36473719278971356,0.36473719278971356,0.36473719278971356,0.0
2022-03-22,10.404721,105.258428,91.819,91.819,91.819,220.474,220.474,220.474,27.16,27.16,27.16,28.4,28.4,28.4,0.36473719278971356,0.36473719278971356,0.36473719278971356,0.0
2022-03-22,10.406199,105.248616,91.819,91.819,91.819,220.474,220.474,220.474,27.16,27.16,27.16,28.4,28.4,28.4,0.36473719278971356,0.36473719278971356,0.36473719278971356,0.0
2022-03-24,10.378511,105.144998,120.887,120.887,120.887,17.791,17.791,17.791,28.92,28.92,28.92,29.53,29.53,29.53,0.44100379943847656,0.44100379943847656,0.44100379943847656,103.096
2022-03-24,10.379507,105.154892,120.887,120.887,120.887,17.791,17.791,17.791,28.92,28.92,28.92,29.53,29.53,29.53,0.44100379943847656,0.44100379943847656,0.44100379943847656,103.096
2022-03-24,10.386546,105.19302,,,,,,,,,,,,,,,,
2022-03-24,10.387123,105.119326,,,,,,,,,,,,,,,,
2022-03-24,10.389374,105.169781,120.887,120.887,120.887,17.791,17.791,17.791,28.92,28.92,28.92,29.53,29.53,29.53,0.44100379943847656,0.44100379943847656,0.44100379943847656,103.096
2022-03-24,10.389594,105.147461,120.887,120.887,120.887,17.791,17.791,17.791,28.92,28.92,28.92,29.53,29.53,29.53,0.44100379943847656,0.44100379943847656,0.44100379943847656,103.096
2022-03-24,10.391781,105.161155,120.887,120.887,120.887,17.791,17.791,17.791,28.92,28.92,28.92,29.53,29.53,29.53,0.44100379943847656,0.44100379943847656,0.44100379943847656,103.096
2022-03-24,10.394341,105.126836,120.887,120.887,120.887,17.791,17.791,17.791,28.92,28.92,28.92,29.53,29.53,29.53,0.44100379943847656,0.44100379943847656,0.44100379943847656,103.096
2022-03-24,10.395094,105.169245,120.887,120.887,120.887,17.791,17.791,17.791,28.92,28.92,28.92,29.53,29.53,29.53,0.44100379943847656,0.44100379943847656,0.44100379943847656,103.096
2022-03-24,10.395734,105.143745,120.887,120.887,120.887,17.791,17.791,17.791,28.92,28.92,28.92,29.53,29.53,29.53,0.44100379943847656,0.44100379943847656,0.44100379943847656,103.096
2022-03-24,10.396044,105.180167,120.887,120.887,120.887,17.791,17.791,17.791,28.92,28.92,28.92,29.53,29.53,29.53,0.44100379943847656,0.44100379943847656,0.44100379943847656,103.096
2022-03-25,10.37346,105.184697,112.913,112.913,112.913,13.831,13.831,13.831,28.59,28.59,28.59,29.41,29.41,29.41,0.42241477966308594,0.42241477966308594,0.42241477966308594,99.081
2022-03-25,10.377238,105.165363,112.913,112.913,112.913,13.831,13.831,13.831,28.59,28.59,28.59,29.41,29.41,29.41,0.42241477966308594,0.42241477966308594,0.42241477966308594,99.081
2022-03-25,10.381544,105.174719,112.913,112.913,112.913,13.831,13.831,13.831,28.59,28.59,28.59,29.41,29.41,29.41,0.42241477966308594,0.42241477966308594,0.42241477966308594,99.081
2022-03-25,10.384444,105.3447,111.851,111.851,111.851,41.573,41.573,41.573,28.61,28.61,28.61,29.45,29.45,29.45,0.31447474161783856,0.31447474161783856,0.31447474161783856,70.278
2022-03-25,10.391149,105.359279,111.851,111.851,111.851,41.573,41.573,41.573,28.61,28.61,28.61,29.45,29.45,29.45,0.31447474161783856,0.31447474161783856,0.31447474161783856,70.278
2022-03-25,10.391491,105.34899,111.851,111.851,111.851,41.573,41.573,41.573,28.61,28.61,28.61,29.45,29.45,29.45,0.31447474161783856,0.31447474161783856,0.31447474161783856,70.278
2022-03-25,10.399353,105.356462,,,,,,,,,,,,,,,,
2022-03-25,10.400189,105.331053,,,,,,,,,,,,,,,,
2022-03-25,10.405902,105.36283,112.211,112.211,112.211,46.409,46.409,46.409,28.83,28.83,28.83,29.65,29.65,29.65,0.31517664591471356,0.31517664591471356,0.31517664591471356,65.801
2022-03-25,10.411649,105.370659,,,,,,,,,,,,,,,,
2022-03-25,10.412537,105.321768,,,,,,,,,,,,,,,,
2022-03-25,10.417429,105.363577,112.211,112.211,112.211,46.409,46.409,46.409,28.83,28.83,28.83,29.65,29.65,29.65,0.31517664591471356,0.31517664591471356,0.31517664591471356,65.801
2022-03-25,10.419561,105.277369,113.426,113.426,113.426,31.046,31.046,31.046,28.84,28.84,28.84,29.63,29.63,29.63,0.30832862854003906,0.30832862854003906,0.30832862854003906,82.38
2022-03-25,10.434116,105.27315,113.426,113.426,113.426,31.046,31.046,31.046,28.84,28.84,28.84,29.63,29.63,29.63,0.30832862854003906,0.30832862854003906,0.30832862854003906,82.38
2022-03-25,10.43531,105.292557,113.426,113.426,113.426,31.046,31.046,31.046,28.84,28.84,28.84,29.63,29.63,29.63,0.30832862854003906,0.30832862854003906,0.30832862854003906,82.38
2022-03-25,10.443492,105.281103,113.426,113.426,113.426,31.046,31.046,31.046,28.84,28.84,28.84,29.63,29.63,29.63,0.30832862854003906,0.30832862854003906,0.30832862854003906,82.38
2022-03-25,10.458369,105.270803,113.426,113.426,113.426,31.046,31.046,31.046,28.84,28.84,28.84,29.63,29.63,29.63,0.30832862854003906,0.30832862854003906,0.30832862854003906,82.38
2022-03-25,10.470013,105.264425,113.426,113.426,113.426,31.046,31.046,31.046,28.84,28.84,28.84,29.63,29.63,29.63,0.30832862854003906,0.30832862854003906,0.30832862854003906,82.38
2022-03-25,10.470305,105.287062,113.426,113.426,113.426,31.046,31.046,31.046,28.84,28.84,28.84,29.63,29.63,29.63,0.30832862854003906,0.30832862854003906,0.30832862854003906,82.38
2022-03-25,10.485812,105.267525,113.426,113.426,113.426,31.046,31.046,31.046,28.84,28.84,28.84,29.63,29.63,29.63,0.30832862854003906,0.30832862854003906,0.30832862854003906,82.38
2022-03-25,10.494104,105.291042,113.426,113.426,113.426,31.046,31.046,31.046,28.84,28.84,28.84,29.63,29.63,29.63,0.30832862854003906,0.30832862854003906,0.30832862854003906,82.38
2022-03-26,10.400449,105.171793,,,,,,,,,,,,,,,,
2022-03-26,10.402793,105.189574,133.14,133.14,133.14,1.215,1.215,1.215,30.08,30.08,30.08,30.43,30.43,30.43,0.3249613444010417,0.3249613444010417,0.3249613444010417,131.925
2022-03-26,10.405702,105.208668,129.251,129.251,129.251,1.924,1.924,1.924,30.1,30.1,30.1,30.54,30.54,30.54,0.2856394449869792,0.2856394449869792,0.2856394449869792,127.327
2022-03-26,10.412311,105.176834,,,,,,,,,,,,,,,,
2022-03-26,10.414226,105.195214,133.14,133.14,133.14,1.215,1.215,1.215,30.08,30.08,30.08,30.43,30.43,30.43,0.3249613444010417,0.3249613444010417,0.3249613444010417,131.925
2022-03-26,10.417324,105.208881,129.251,129.251,129.251,1.924,1.924,1.924,30.1,30.1,30.1,30.54,30.54,30.54,0.2856394449869792,0.2856394449869792,0.2856394449869792,127.327
2022-03-26,10.426155,105.176598,133.14,133.14,133.14,1.215,1.215,1.215,30.08,30.08,30.08,30.43,30.43,30.43,0.3249613444010417,0.3249613444010417,0.3249613444010417,131.925
2022-03-26,10.427104,105.210954,129.251,129.251,129.251,1.924,1.924,1.924,30.1,30.1,30.1,30.54,30.54,30.54,0.2856394449869792,0.2856394449869792,0.2856394449869792,127.327
2022-03-26,10.437524,105.185343,,,,,,,,,,,,,,,,
2022-03-26,10.437524,105.202166,,,,,,,,,,,,,,,,
2022-03-26,10.445632,105.21046,129.251,129.251,129.251,1.924,1.924,1.924,30.1,30.1,30.1,30.54,30.54,30.54,0.2856394449869792,0.2856394449869792,0.2856394449869792,127.327
2022-03-26,10.447684,105.190977,133.14,133.14,133.14,1.215,1.215,1.215,30.08,30.08,30.08,30.43,30.43,30.43,0.3249613444010417,0.3249613444010417,0.3249613444010417,131.925
2022-03-26,10.44819,105.181879,133.14,133.14,133.14,1.215,1.215,1.215,30.08,30.08,30.08,30.43,30.43,30.43,0.3249613444010417,0.3249613444010417,0.3249613444010417,131.925
2022-03-26,10.452516,105.191857,133.14,133.14,133.14,1.215,1.215,1.215,30.08,30.08,30.08,30.43,30.43,30.43,0.3249613444010417,0.3249613444010417,0.3249613444010417,131.925
2022-03-26,10.452537,105.205118,129.251,129.251,129.251,1.924,1.924,1.924,30.1,30.1,30.1,30.54,30.54,30.54,0.2856394449869792,0.2856394449869792,0.2856394449869792,127.327
2022-03-26,10.452718,105.220233,129.251,129.251,129.251,1.924,1.924,1.924,30.1,30.1,30.1,30.54,30.54,30.54,0.2856394449869792,0.2856394449869792,0.2856394449869792,127.327
2022-03-26,10.458467,105.196191,133.14,133.14,133.14,1.215,1.215,1.215,30.08,30.08,30.08,30.43,30.43,30.43,0.3249613444010417,0.3249613444010417,0.3249613444010417,131.925
2022-03-27,10.375656,105.29185,,,,,,,,,,,,,,,,
2022-03-27,10.386495,105.284636,120.191,120.191,120.191,88.858,88.858,88.858,29.47,29.47,29.47,30.2,30.2,30.2,0.295559565226237,0.295559565226237,0.295559565226237,31.333
2022-03-27,10.396712,105.324921,119.578,119.578,119.578,86.538,86.538,86.538,29.52,29.52,29.52,30.34,30.34,30.34,0.3084920247395833,0.3084920247395833,0.3084920247395833,33.039
2022-03-27,10.396951,105.281083,120.191,120.191,120.191,88.858,88.858,88.858,29.47,29.47,29.47,30.2,30.2,30.2,0.295559565226237,0.295559565226237,0.295559565226237,31.333
2022-03-27,10.399444,105.118528,,,,,,,,,,,,,,,,
2022-03-27,10.399645,105.141286,,,,,,,,,,,,,,,,
2022-03-27,10.400025,105.152916,,,,,,,,,,,,,,,,
2022-03-27,10.403175,105.123726,121.492,121.492,121.492,139.898,139.898,139.898,29.5,29.5,29.5,30.32,30.32,30.32,0.3665332794189453,0.3665332794189453,0.3665332794189453,0.0
2022-03-27,10.40466,105.311554,118.904,118.904,118.904,81.128,81.128,81.128,29.6,29.6,29.6,30.45,30.45,30.45,0.30697377522786456,0.30697377522786456,0.30697377522786456,37.776
2022-03-27,10.406597,105.221367,120.248,120.248,120.248,108.929,108.929,108.929,29.59,29.59,29.59,30.43,30.43,30.43,0.31356557210286456,0.31356557210286456,0.31356557210286456,11.319
2022-03-27,10.407581,105.1521,121.492,121.492,121.492,139.898,139.898,139.898,29.5,29.5,29.5,30.32,30.32,30.32,0.3665332794189453,0.3665332794189453,0.3665332794189453,0.0
2022-03-27,10.408003,105.139183,121.492,121.492,121.492,139.898,139.898,139.898,29.5,29.5,29.5,30.32,30.32,30.32,0.3665332794189453,0.3665332794189453,0.3665332794189453,0.0
2022-03-27,10.408214,105.131329,121.492,121.492,121.492,139.898,139.898,139.898,29.5,29.5,29.5,30.32,30.32,30.32,0.3665332794189453,0.3665332794189453,0.3665332794189453,0.0
2022-03-27,10.409187,105.288345,120.248,120.248,120.248,108.929,108.929,108.929,29.59,29.59,29.59,30.43,30.43,30.43,0.31356557210286456,0.31356557210286456,0.31356557210286456,11.319
2022-03-27,10.410742,105.220616,120.248,120.248,120.248,108.929,108.929,108.929,29.59,29.59,29.59,30.43,30.43,30.43,0.31356557210286456,0.31356557210286456,0.31356557210286456,11.319
2022-03-27,10.413742,105.22261,120.248,120.248,120.248,108.929,108.929,108.929,29.59,29.59,29.59,30.43,30.43,30.43,0.31356557210286456,0.31356557210286456,0.31356557210286456,11.319
2022-03-27,10.413908,105.234515,120.248,120.248,120.248,108.929,108.929,108.929,29.59,29.59,29.59,30.43,30.43,30.43,0.31356557210286456,0.31356557210286456,0.31356557210286456,11.319
2022-03-27,10.415236,105.156765,121.492,121.492,121.492,139.898,139.898,139.898,29.5,29.5,29.5,30.32,30.32,30.32,0.3665332794189453,0.3665332794189453,0.3665332794189453,0.0
2022-03-27,10.41636,105.142144,121.492,121.492,121.492,139.898,139.898,139.898,29.5,29.5,29.5,30.32,30.32,30.32,0.3665332794189453,0.3665332794189453,0.3665332794189453,0.0
2022-03-27,10.417011,105.261676,120.248,120.248,120.248,108.929,108.929,108.929,29.59,29.59,29.59,30.43,30.43,30.43,0.31356557210286456,0.31356557210286456,0.31356557210286456,11.319
2022-03-27,10.419552,105.116409,121.492,121.492,121.492,139.898,139.898,139.898,29.5,29.5,29.5,30.32,30.32,30.32,0.3665332794189453,0.3665332794189453,0.3665332794189453,0.0
2022-03-27,10.420174,105.16361,121.492,121.492,121.492,139.898,139.898,139.898,29.5,29.5,29.5,30.32,30.32,30.32,0.3665332794189453,0.3665332794189453,0.3665332794189453,0.0
2022-03-27,10.420483,105.223648,120.248,120.248,120.248,108.929,108.929,108.929,29.59,29.59,29.59,30.43,30.43,30.43,0.31356557210286456,0.31356557210286456,0.31356557210286456,11.319
2022-03-27,10.420702,105.15698,121.492,121.492,121.492,139.898,139.898,139.898,29.5,29.5,29.5,30.32,30.32,30.32,0.3665332794189453,0.3665332794189453,0.3665332794189453,0.0
2022-03-27,10.421066,105.136822,121.492,121.492,121.492,139.898,139.898,139.898,29.5,29.5,29.5,30.32,30.32,30.32,0.3665332794189453,0.3665332794189453,0.3665332794189453,0.0
2022-03-27,10.422463,105.151846,121.492,121.492,121.492,139.898,139.898,139.898,29.5,29.5,29.5,30.32,30.32,30.32,0.3665332794189453,0.3665332794189453,0.3665332794189453,0.0
2022-03-27,10.42324,105.126544,121.492,121.492,121.492,139.898,139.898,139.898,29.5,29.5,29.5,30.32,30.32,30.32,0.3665332794189453,0.3665332794189453,0.3665332794189453,0.0
2022-03-27,10.426536,105.115181,121.492,121.492,121.492,139.898,139.898,139.898,29.5,29.5,29.5,30.32,30.32,30.32,0.3665332794189453,0.3665332794189453,0.3665332794189453,0.0
2022-03-27,10.428426,105.156744,121.492,121.492,121.492,139.898,139.898,139.898,29.5,29.5,29.5,30.32,30.32,30.32,0.3665332794189453,0.3665332794189453,0.3665332794189453,0.0
2022-03-27,10.429142,105.151556,121.492,121.492,121.492,139.898,139.898,139.898,29.5,29.5,29.5,30.32,30.32,30.32,0.3665332794189453,0.3665332794189453,0.3665332794189453,0.0
2022-03-27,10.429339,105.125493,121.492,121.492,121.492,139.898,139.898,139.898,29.5,29.5,29.5,30.32,30.32,30.32,0.3665332794189453,0.3665332794189453,0.3665332794189453,0.0
2022-03-27,10.430085,105.221996,120.248,120.248,120.248,108.929,108.929,108.929,29.59,29.59,29.59,30.43,30.43,30.43,0.31356557210286456,0.31356557210286456,0.31356557210286456,11.319
2022-03-27,10.43062,105.165627,121.492,121.492,121.492,139.898,139.898,139.898,29.5,29.5,29.5,30.32,30.32,30.32,0.3665332794189453,0.3665332794189453,0.3665332794189453,0.0
2022-03-27,10.433791,105.231265,120.248,120.248,120.248,108.929,108.929,108.929,29.59,29.59,29.59,30.43,30.43,30.43,0.31356557210286456,0.31356557210286456,0.31356557210286456,11.319
2022-03-27,10.435839,105.132981,121.492,121.492,121.492,139.898,139.898,139.898,29.5,29.5,29.5,30.32,30.32,30.32,0.3665332794189453,0.3665332794189453,0.3665332794189453,0.0
2022-03-27,10.438048,105.153225,,,,,,,,,,,,,,,,
2022-03-27,10.451085,105.243664,120.248,120.248,120.248,108.929,108.929,108.929,29.59,29.59,29.59,30.43,30.43,30.43,0.31356557210286456,0.31356557210286456,0.31356557210286456,11.319
2022-03-27,10.454948,105.23029,120.248,120.248,120.248,108.929,108.929,108.929,29.59,29.59,29.59,30.43,30.43,30.43,0.31356557210286456,0.31356557210286456,0.31356557210286456,11.319
2022-03-27,10.455571,105.240074,120.248,120.248,120.248,108.929,108.929,108.929,29.59,29.59,29.59,30.43,30.43,30.43,0.31356557210286456,0.31356557210286456,0.31356557210286456,11.319
2022-03-27,10.467229,105.24767,120.248,120.248,120.248,108.929,108.929,108.929,29.59,29.59,29.59,30.43,30.43,30.43,0.31356557210286456,0.31356557210286456,0.31356557210286456,11.319
2022-03-28,10.257715,105.375007,123.901,123.901,123.901,115.977,115.977,115.977,29.05,29.05,29.05,29.79,29.79,29.79,0.3520628611246745,0.3520628611246745,0.3520628611246745,7.923
2022-03-28,10.275826,105.364451,,,,,,,,,,,,,,,,
2022-03-28,10.292156,105.361294,123.901,123.901,123.901,115.977,115.977,115.977,29.05,29.05,29.05,29.79,29.79,29.79,0.3520628611246745,0.3520628611246745,0.3520628611246745,7.923
2022-03-28,10.3037,105.354593,119.293,119.293,119.293,110.425,110.425,110.425,29.33,29.33,29.33,30.18,30.18,30.18,0.34681129455566406,0.34681129455566406,0.34681129455566406,8.869
2022-03-28,10.314233,105.359823,119.293,119.293,119.293,110.425,110.425,110.425,29.33,29.33,29.33,30.18,30.18,30.18,0.34681129455566406,0.34681129455566406,0.34681129455566406,8.869
2022-03-28,10.34297,105.382435,119.293,119.293,119.293,110.425,110.425,110.425,29.33,29.33,29.33,30.18,30.18,30.18,0.34681129455566406,0.34681129455566406,0.34681129455566406,8.869
2022-04-01,10.468679,105.203699,70.91,70.91,70.91,199.722,199.722,199.722,26.53,26.53,26.53,27.73,27.73,27.73,0.382080078125,0.382080078125,0.382080078125,0.0
2022-04-01,10.48195,105.238448,70.91,70.91,70.91,199.722,199.722,199.722,26.53,26.53,26.53,27.73,27.73,27.73,0.382080078125,0.382080078125,0.382080078125,0.0
2022-04-01,10.482003,105.203866,70.91,70.91,70.91,199.722,199.722,199.722,26.53,26.53,26.53,27.73,27.73,27.73,0.382080078125,0.382080078125,0.382080078125,0.0
2022-04-01,10.494453,105.241281,70.91,70.91,70.91,199.722,199.722,199.722,26.53,26.53,26.53,27.73,27.73,27.73,0.382080078125,0.382080078125,0.382080078125,0.0
2022-04-01,10.501829,105.273585,74.687,74.687,74.687,208.255,208.255,208.255,26.54,26.54,26.54,27.79,27.79,27.79,0.37490272521972656,0.37490272521972656,0.37490272521972656,0.0
2022-04-01,10.50203,105.222373,74.687,74.687,74.687,208.255,208.255,208.255,26.54,26.54,26.54,27.79,27.79,27.79,0.37490272521972656,0.37490272521972656,0.37490272521972656,0.0
2022-04-01,10.50915,105.265098,74.687,74.687,74.687,208.255,208.255,208.255,26.54,26.54,26.54,27.79,27.79,27.79,0.37490272521972656,0.37490272521972656,0.37490272521972656,0.0
2022-04-01,10.510542,105.248554,74.687,74.687,74.687,208.255,208.255,208.255,26.54,26.54,26.54,27.79,27.79,27.79,0.37490272521972656,0.37490272521972656,0.37490272521972656,0.0
2022-04-01,10.524082,105.268907,,,,,,,,,,,,,,,,
2022-04-01,10.524439,105.254678,,,,,,,,,,,,,,,,
2022-04-01,10.536277,105.293087,74.687,74.687,74.687,208.255,208.255,208.255,26.54,26.54,26.54,27.79,27.79,27.79,0.37490272521972656,0.37490272521972656,0.37490272521972656,0.0
2022-04-01,10.542998,105.261159,74.687,74.687,74.687,208.255,208.255,208.255,26.54,26.54,26.54,27.79,27.79,27.79,0.37490272521972656,0.37490272521972656,0.37490272521972656,0.0
2022-04-01,10.549477,105.273725,,,,,,,,,,,,,,,,
2022-04-02,10.485464,105.251956,86.037,86.037,86.037,233.471,233.471,233.471,26.44,26.44,26.44,27.56,27.56,27.56,0.38788922627766925,0.38788922627766925,0.38788922627766925,0.0
2022-04-03,10.44784,105.141425,142.141,142.141,142.141,20.891,20.891,20.891,26.54,26.54,26.54,27.48,27.48,27.48,0.4078788757324219,0.4078788757324219,0.4078788757324219,121.249
2022-04-03,10.458071,105.162504,142.141,142.141,142.141,20.891,20.891,20.891,26.54,26.54,26.54,27.48,27.48,27.48,0.4078788757324219,0.4078788757324219,0.4078788757324219,121.249
2022-04-03,10.461453,105.172294,142.141,142.141,142.141,20.891,20.891,20.891,26.54,26.54,26.54,27.48,27.48,27.48,0.4078788757324219,0.4078788757324219,0.4078788757324219,121.249
2022-04-03,10.464233,105.183189,142.141,142.141,142.141,20.891,20.891,20.891,26.54,26.54,26.54,27.48,27.48,27.48,0.4078788757324219,0.4078788757324219,0.4078788757324219,121.249
2022-04-03,10.467778,105.163448,142.141,142.141,142.141,20.891,20.891,20.891,26.54,26.54,26.54,27.48,27.48,27.48,0.4078788757324219,0.4078788757324219,0.4078788757324219,121.249
2022-04-03,10.476738,105.227333,142.406,142.406,142.406,21.104,21.104,21.104,26.54,26.54,26.54,27.53,27.53,27.53,0.3680610656738281,0.3680610656738281,0.3680610656738281,121.302
2022-04-03,10.505489,105.203926,148.26,148.26,148.26,19.128,19.128,19.128,26.58,26.58,26.58,27.58,27.58,27.58,0.3598753611246745,0.3598753611246745,0.3598753611246745,129.132
2022-04-03,10.514912,105.216308,148.26,148.26,148.26,19.128,19.128,19.128,26.58,26.58,26.58,27.58,27.58,27.58,0.3598753611246745,0.3598753611246745,0.3598753611246745,129.132
2022-04-03,10.522871,105.184845,148.299,148.299,148.299,18.87,18.87,18.87,26.59,26.59,26.59,27.55,27.55,27.55,0.38356272379557294,0.38356272379557294,0.38356272379557294,129.43
2022-04-03,10.527792,105.204924,148.26,148.26,148.26,19.128,19.128,19.128,26.58,26.58,26.58,27.58,27.58,27.58,0.3598753611246745,0.3598753611246745,0.3598753611246745,129.132
2022-04-04,10.474439,105.216928,,,,,,,,,,,,,,,,
2022-04-04,10.498551,105.167513,133.53,133.53,133.53,43.52,43.52,43.52,26.51,26.51,26.51,27.59,27.59,27.59,0.4005788167317708,0.4005788167317708,0.4005788167317708,90.01
2022-04-05,10.195117,105.200047,127.795,128.221,129.075,137.481,136.576,134.766,27.37,27.35,27.34,28.0,27.98,27.95,0.49088414510091144,0.4906751844618055,0.49025726318359375,0.0
2022-04-05,10.208515,105.202809,130.524,134.17,135.992,142.02,140.255,139.373,27.52,27.52,27.52,28.17,28.1,28.07,0.489410400390625,0.4616589016384549,0.4477831522623698,0.0
2022-04-05,10.22418,105.198785,,,,,,,,,,,,,,,,
2022-04-05,10.227343,105.230821,135.992,135.992,135.992,139.373,139.373,139.373,27.52,27.52,27.52,28.07,28.07,28.07,0.4477831522623698,0.4477831522623698,0.4477831522623698,0.0
2022-04-05,10.228207,105.177659,130.524,130.524,130.524,142.02,142.02,142.02,27.52,27.52,27.52,28.17,28.17,28.17,0.489410400390625,0.489410400390625,0.489410400390625,0.0
2022-04-05,10.236082,105.210347,135.992,135.992,135.992,139.373,139.373,139.373,27.52,27.52,27.52,28.07,28.07,28.07,0.4477831522623698,0.4477831522623698,0.4477831522623698,0.0
2022-04-06,10.46658,105.139698,135.884,135.884,135.884,14.963,14.963,14.963,28.21,28.21,28.21,28.86,28.86,28.86,0.3996836344401042,0.3996836344401042,0.3996836344401042,120.92
2022-04-06,10.540457,105.207852,141.396,141.396,141.396,12.681,12.681,12.681,28.32,28.32,28.32,29.06,29.06,29.06,0.3540178934733073,0.3540178934733073,0.3540178934733073,128.715
2022-04-06,10.550361,105.218667,,,,,,,,,,,,,,,,
2022-04-07,10.445962,105.123164,132.131,132.131,132.131,8.513,8.513,8.513,28.17,28.17,28.17,28.89,28.89,28.89,0.37520408630371094,0.37520408630371094,0.37520408630371094,123.618
2022-04-09,10.297494,105.145318,112.976,112.976,112.976,28.452,28.452,28.452,27.76,27.76,27.76,28.44,28.44,28.44,0.46512476603190106,0.46512476603190106,0.46512476603190106,84.524
2022-04-09,10.30701,105.130668,113.66,113.66,113.66,30.457,30.457,30.457,27.95,27.95,27.95,28.65,28.65,28.65,0.4571634928385417,0.4571634928385417,0.4571634928385417,83.203
2022-04-10,10.248814,105.361138,124.957,124.957,124.957,33.193,33.193,33.193,27.99,27.99,27.99,28.62,28.62,28.62,0.34408124287923175,0.34408124287923175,0.34408124287923175,91.764
2022-04-10,10.249044,105.347198,,,,,,,,,,,,,,,,
2022-04-10,10.252308,105.334358,124.957,124.957,124.957,33.193,33.193,33.193,27.99,27.99,27.99,28.62,28.62,28.62,0.34408124287923175,0.34408124287923175,0.34408124287923175,91.764
2022-04-10,10.258961,105.323388,124.957,124.957,124.957,33.193,33.193,33.193,27.99,27.99,27.99,28.62,28.62,28.62,0.34408124287923175,0.34408124287923175,0.34408124287923175,91.764
2022-04-10,10.27049,105.316832,124.957,124.957,124.957,33.193,33.193,33.193,27.99,27.99,27.99,28.62,28.62,28.62,0.34408124287923175,0.34408124287923175,0.34408124287923175,91.764
2022-04-10,10.272277,105.291556,125.723,125.723,125.723,31.809,31.809,31.809,27.9,27.9,27.9,28.53,28.53,28.53,0.4057776133219401,0.4057776133219401,0.4057776133219401,93.915
2022-04-10,10.277579,105.307934,124.957,124.957,124.957,33.193,33.193,33.193,27.99,27.99,27.99,28.62,28.62,28.62,0.34408124287923175,0.34408124287923175,0.34408124287923175,91.764
2022-04-10,10.282445,105.330149,124.957,124.957,124.957,33.193,33.193,33.193,27.99,27.99,27.99,28.62,28.62,28.62,0.34408124287923175,0.34408124287923175,0.34408124287923175,91.764
2022-04-10,10.28697,105.341571,,,,,,,,,,,,,,,,
2022-04-10,10.290802,105.32462,124.957,124.957,124.957,33.193,33.193,33.193,27.99,27.99,27.99,28.62,28.62,28.62,0.34408124287923175,0.34408124287923175,0.34408124287923175,91.764
2022-04-10,10.291025,105.299533,124.957,125.34,125.723,33.193,32.501,31.809,27.99,27.95,27.9,28.62,28.57,28.53,0.4057776133219401,0.37492942810058594,0.34408124287923175,92.839
2022-04-10,10.298963,105.275991,125.723,125.723,125.723,31.809,31.809,31.809,27.9,27.9,27.9,28.53,28.53,28.53,0.4057776133219401,0.4057776133219401,0.4057776133219401,93.915
2022-04-10,10.306886,105.290958,117.39,117.39,117.39,26.404,26.404,26.404,28.1,28.1,28.1,28.79,28.79,28.79,0.3257325490315755,0.3257325490315755,0.3257325490315755,90.987
2022-04-10,10.309795,105.31553,119.039,119.039,119.039,27.382,27.382,27.382,28.12,28.12,28.12,28.89,28.89,28.89,0.3352101643880208,0.3352101643880208,0.3352101643880208,91.657
2022-04-10,10.316024,105.309873,119.039,119.039,119.039,27.382,27.382,27.382,28.12,28.12,28.12,28.89,28.89,28.89,0.3352101643880208,0.3352101643880208,0.3352101643880208,91.657
2022-04-10,10.328521,105.30163,117.39,118.489,119.039,27.382,27.056,26.404,28.12,28.11,28.1,28.89,28.86,28.79,0.3352101643880208,0.3320509592692057,0.3257325490315755,91.434
2022-04-10,10.356519,105.30945,119.039,119.039,119.039,27.382,27.382,27.382,28.12,28.12,28.12,28.89,28.89,28.89,0.3352101643880208,0.3352101643880208,0.3352101643880208,91.657
2022-04-10,10.359519,105.360913,119.039,119.039,119.039,27.382,27.382,27.382,28.12,28.12,28.12,28.89,28.89,28.89,0.3352101643880208,0.3352101643880208,0.3352101643880208,91.657
2022-04-10,10.363786,105.288188,117.39,117.39,117.39,26.404,26.404,26.404,28.1,28.1,28.1,28.79,28.79,28.79,0.3257325490315755,0.3257325490315755,0.3257325490315755,90.987
2022-04-10,10.364433,105.327337,119.039,119.039,119.039,27.382,27.382,27.382,28.12,28.12,28.12,28.89,28.89,28.89,0.3352101643880208,0.3352101643880208,0.3352101643880208,91.657
2022-04-10,10.369819,105.304833,119.039,119.039,119.039,27.382,27.382,27.382,28.12,28.12,28.12,28.89,28.89,28.89,0.3352101643880208,0.3352101643880208,0.3352101643880208,91.657
2022-04-10,10.374447,105.330923,,,,,,,,,,,,,,,,
2022-04-10,10.38045,105.349866,119.039,119.039,119.039,27.382,27.382,27.382,28.12,28.12,28.12,28.89,28.89,28.89,0.3352101643880208,0.3352101643880208,0.3352101643880208,91.657
2022-04-10,10.455882,105.126628,118.822,118.822,118.822,22.126,22.126,22.126,28.45,28.45,28.45,29.1,29.1,29.1,0.3661905924479167,0.3661905924479167,0.3661905924479167,96.695
2022-04-10,10.475484,105.13594,,,,,,,,,,,,,,,,
2022-04-10,10.479304,105.102943,118.822,119.506,120.876,28.688,24.314,22.126,28.45,28.44,28.42,29.12,29.11,29.1,0.43767865498860675,0.3900199466281467,0.3661905924479167,95.193
2022-04-10,10.492507,105.122386,118.822,118.822,118.822,22.126,22.126,22.126,28.45,28.45,28.45,29.1,29.1,29.1,0.3661905924479167,0.3661905924479167,0.3661905924479167,96.695
2022-04-10,10.499686,105.158111,,,,,,,,,,,,,,,,
2022-04-10,10.505349,105.165087,122.135,122.135,122.135,22.991,22.991,22.991,28.72,28.72,28.72,29.37,29.37,29.37,0.3342857360839844,0.3342857360839844,0.3342857360839844,99.144
2022-04-10,10.510203,105.111601,122.135,122.135,122.135,22.991,22.991,22.991,28.72,28.72,28.72,29.37,29.37,29.37,0.3342857360839844,0.3342857360839844,0.3342857360839844,99.144
2022-04-10,10.513536,105.127422,,,,,,,,,,,,,,,,
2022-04-10,10.521024,105.146349,122.135,122.135,122.135,22.991,22.991,22.991,28.72,28.72,28.72,29.37,29.37,29.37,0.3342857360839844,0.3342857360839844,0.3342857360839844,99.144
2022-04-10,10.522164,105.178664,122.135,122.135,122.135,22.991,22.991,22.991,28.72,28.72,28.72,29.37,29.37,29.37,0.3342857360839844,0.3342857360839844,0.3342857360839844,99.144
2022-04-10,10.522821,105.229739,123.708,123.708,123.708,22.365,22.365,22.365,28.62,28.62,28.62,29.32,29.32,29.32,0.3066082000732422,0.3066082000732422,0.3066082000732422,101.344
2022-04-10,10.5263,105.091077,123.628,123.628,123.628,29.607,29.607,29.607,28.76,28.76,28.76,29.4,29.4,29.4,0.3888708750406901,0.3888708750406901,0.3888708750406901,94.022
2022-04-10,10.527277,105.237319,123.708,123.708,123.708,22.365,22.365,22.365,28.62,28.62,28.62,29.32,29.32,29.32,0.3066082000732422,0.3066082000732422,0.3066082000732422,101.344
2022-04-10,10.531488,105.186775,122.135,122.135,122.135,22.991,22.991,22.991,28.72,28.72,28.72,29.37,29.37,29.37,0.3342857360839844,0.3342857360839844,0.3342857360839844,99.144
2022-04-10,10.533759,105.243145,123.708,123.708,123.708,22.365,22.365,22.365,28.62,28.62,28.62,29.32,29.32,29.32,0.3066082000732422,0.3066082000732422,0.3066082000732422,101.344
2022-04-10,10.534074,105.126326,122.135,122.135,122.135,22.991,22.991,22.991,28.72,28.72,28.72,29.37,29.37,29.37,0.3342857360839844,0.3342857360839844,0.3342857360839844,99.144
2022-04-10,10.534615,105.134916,122.135,122.135,122.135,22.991,22.991,22.991,28.72,28.72,28.72,29.37,29.37,29.37,0.3342857360839844,0.3342857360839844,0.3342857360839844,99.144
2022-04-10,10.536087,105.175145,122.135,122.135,122.135,22.991,22.991,22.991,28.72,28.72,28.72,29.37,29.37,29.37,0.3342857360839844,0.3342857360839844,0.3342857360839844,99.144
2022-04-10,10.539297,105.225673,123.708,123.708,123.708,22.365,22.365,22.365,28.62,28.62,28.62,29.32,29.32,29.32,0.3066082000732422,0.3066082000732422,0.3066082000732422,101.344
2022-04-10,10.545098,105.112895,122.135,122.135,122.135,22.991,22.991,22.991,28.72,28.72,28.72,29.37,29.37,29.37,0.3342857360839844,0.3342857360839844,0.3342857360839844,99.144
2022-04-10,10.546629,105.163964,122.135,122.135,122.135,22.991,22.991,22.991,28.72,28.72,28.72,29.37,29.37,29.37,0.3342857360839844,0.3342857360839844,0.3342857360839844,99.144
2022-04-10,10.546679,105.126512,122.135,122.135,122.135,22.991,22.991,22.991,28.72,28.72,28.72,29.37,29.37,29.37,0.3342857360839844,0.3342857360839844,0.3342857360839844,99.144
2022-04-10,10.546857,105.181035,122.135,122.135,122.135,22.991,22.991,22.991,28.72,28.72,28.72,29.37,29.37,29.37,0.3342857360839844,0.3342857360839844,0.3342857360839844,99.144
2022-04-10,10.547628,105.146859,122.135,122.135,122.135,22.991,22.991,22.991,28.72,28.72,28.72,29.37,29.37,29.37,0.3342857360839844,0.3342857360839844,0.3342857360839844,99.144
2022-04-10,10.548566,105.198194,122.135,122.135,122.135,22.991,22.991,22.991,28.72,28.72,28.72,29.37,29.37,29.37,0.3342857360839844,0.3342857360839844,0.3342857360839844,99.144
2022-04-10,10.552114,105.091399,123.628,123.628,123.628,29.607,29.607,29.607,28.76,28.76,28.76,29.4,29.4,29.4,0.3888708750406901,0.3888708750406901,0.3888708750406901,94.022
2022-04-10,10.554634,105.1522,122.135,122.135,122.135,22.991,22.991,22.991,28.72,28.72,28.72,29.37,29.37,29.37,0.3342857360839844,0.3342857360839844,0.3342857360839844,99.144
2022-04-10,10.555822,105.1711,122.135,122.135,122.135,22.991,22.991,22.991,28.72,28.72,28.72,29.37,29.37,29.37,0.3342857360839844,0.3342857360839844,0.3342857360839844,99.144
2022-04-10,10.558195,105.203328,123.708,123.708,123.708,22.365,22.365,22.365,28.62,28.62,28.62,29.32,29.32,29.32,0.3066082000732422,0.3066082000732422,0.3066082000732422,101.344
2022-04-10,10.559295,105.124493,122.135,122.135,122.135,22.991,22.991,22.991,28.72,28.72,28.72,29.37,29.37,29.37,0.3342857360839844,0.3342857360839844,0.3342857360839844,99.144
2022-04-10,10.562531,105.169469,,,,,,,,,,,,,,,,
2022-04-10,10.564704,105.19729,122.135,122.135,122.135,22.991,22.991,22.991,28.72,28.72,28.72,29.37,29.37,29.37,0.3342857360839844,0.3342857360839844,0.3342857360839844,99.144
2022-04-10,10.56526,105.088832,123.628,123.628,123.628,29.607,29.607,29.607,28.76,28.76,28.76,29.4,29.4,29.4,0.3888708750406901,0.3888708750406901,0.3888708750406901,94.022
2022-04-10,10.565735,105.172074,122.135,122.135,122.135,22.991,22.991,22.991,28.72,28.72,28.72,29.37,29.37,29.37,0.3342857360839844,0.3342857360839844,0.3342857360839844,99.144
2022-04-10,10.567359,105.177342,122.135,122.135,122.135,22.991,22.991,22.991,28.72,28.72,28.72,29.37,29.37,29.37,0.3342857360839844,0.3342857360839844,0.3342857360839844,99.144
2022-04-10,10.570816,105.208925,123.708,123.708,123.708,22.365,22.365,22.365,28.62,28.62,28.62,29.32,29.32,29.32,0.3066082000732422,0.3066082000732422,0.3066082000732422,101.344
2022-04-10,10.571202,105.135919,122.135,122.135,122.135,22.991,22.991,22.991,28.72,28.72,28.72,29.37,29.37,29.37,0.3342857360839844,0.3342857360839844,0.3342857360839844,99.144
2022-04-10,10.571793,105.16066,122.135,122.135,122.135,22.991,22.991,22.991,28.72,28.72,28.72,29.37,29.37,29.37,0.3342857360839844,0.3342857360839844,0.3342857360839844,99.144
2022-04-10,10.576126,105.183375,122.135,122.135,122.135,22.991,22.991,22.991,28.72,28.72,28.72,29.37,29.37,29.37,0.3342857360839844,0.3342857360839844,0.3342857360839844,99.144
2022-04-10,10.580993,105.154027,122.135,122.135,122.135,22.991,22.991,22.991,28.72,28.72,28.72,29.37,29.37,29.37,0.3342857360839844,0.3342857360839844,0.3342857360839844,99.144
2022-04-10,10.581404,105.200348,122.135,122.922,123.708,22.991,22.678,22.365,28.72,28.67,28.62,29.37,29.35,29.32,0.3342857360839844,0.3204469680786132,0.3066082000732422,100.244
2022-04-10,10.585739,105.193578,122.135,122.135,122.135,22.991,22.991,22.991,28.72,28.72,28.72,29.37,29.37,29.37,0.3342857360839844,0.3342857360839844,0.3342857360839844,99.144
2022-04-10,10.590564,105.128439,122.135,122.135,122.135,22.991,22.991,22.991,28.72,28.72,28.72,29.37,29.37,29.37,0.3342857360839844,0.3342857360839844,0.3342857360839844,99.144
2022-04-10,10.593644,105.075243,123.628,123.628,123.628,29.607,29.607,29.607,28.76,28.76,28.76,29.4,29.4,29.4,0.3888708750406901,0.3888708750406901,0.3888708750406901,94.022
2022-04-10,10.603094,105.127872,122.769,122.769,122.769,26.708,26.708,26.708,29.01,29.01,29.01,29.64,29.64,29.64,0.2747313181559245,0.2747313181559245,0.2747313181559245,96.061
2022-04-10,10.612095,105.141919,,,,,,,,,,,,,,,,
2022-04-10,10.619493,105.095029,131.107,131.107,131.107,33.973,33.973,33.973,28.76,28.76,28.76,29.42,29.42,29.42,0.3036460876464844,0.3036460876464844,0.3036460876464844,97.133
2022-04-10,10.626774,105.140369,122.769,122.769,122.769,26.708,26.708,26.708,29.01,29.01,29.01,29.64,29.64,29.64,0.2747313181559245,0.2747313181559245,0.2747313181559245,96.061
2022-04-10,10.628311,105.12253,122.769,122.769,122.769,26.708,26.708,26.708,29.01,29.01,29.01,29.64,29.64,29.64,0.2747313181559245,0.2747313181559245,0.2747313181559245,96.061
2022-04-10,10.634849,105.13078,122.769,122.769,122.769,26.708,26.708,26.708,29.01,29.01,29.01,29.64,29.64,29.64,0.2747313181559245,0.2747313181559245,0.2747313181559245,96.061
2022-04-10,10.636733,105.155635,,,,,,,,,,,,,,,,
2022-04-10,10.64394,105.165296,122.769,122.769,122.769,26.708,26.708,26.708,29.01,29.01,29.01,29.64,29.64,29.64,0.2747313181559245,0.2747313181559245,0.2747313181559245,96.061
2022-04-10,10.64683,105.119494,122.769,122.769,122.769,26.708,26.708,26.708,29.01,29.01,29.01,29.64,29.64,29.64,0.2747313181559245,0.2747313181559245,0.2747313181559245,96.061
2022-04-10,10.649258,105.142121,,,,,,,,,,,,,,,,
2022-04-10,10.653314,105.174185,122.769,122.769,122.769,26.708,26.708,26.708,29.01,29.01,29.01,29.64,29.64,29.64,0.2747313181559245,0.2747313181559245,0.2747313181559245,96.061
2022-04-10,10.663484,105.168203,,,,,,,,,,,,,,,,
2022-04-10,10.676956,105.147011,122.769,122.769,122.769,26.708,26.708,26.708,29.01,29.01,29.01,29.64,29.64,29.64,0.2747313181559245,0.2747313181559245,0.2747313181559245,96.061
2022-04-12,10.327543,105.350908,126.609,126.609,126.609,14.694,14.694,14.694,28.5,28.5,28.5,29.13,29.13,29.13,0.3063367207845052,0.3063367207845052,0.3063367207845052,111.915
2022-04-12,10.331447,105.158675,123.092,123.092,123.092,24.692,24.692,24.692,28.41,28.41,28.41,29.03,29.03,29.03,0.41900889078776044,0.41900889078776044,0.41900889078776044,98.4
2022-04-12,10.33791,105.357013,,,,,,,,,,,,,,,,
2022-04-12,10.339092,105.325101,126.609,126.609,126.609,14.694,14.694,14.694,28.5,28.5,28.5,29.13,29.13,29.13,0.3063367207845052,0.3063367207845052,0.3063367207845052,111.915
2022-04-12,10.340626,105.172116,123.092,123.092,123.092,24.692,24.692,24.692,28.41,28.41,28.41,29.03,29.03,29.03,0.41900889078776044,0.41900889078776044,0.41900889078776044,98.4
2022-04-12,10.342217,105.346028,126.609,126.609,126.609,14.694,14.694,14.694,28.5,28.5,28.5,29.13,29.13,29.13,0.3063367207845052,0.3063367207845052,0.3063367207845052,111.915
2022-04-12,10.342299,105.365285,126.609,126.609,126.609,14.694,14.694,14.694,28.5,28.5,28.5,29.13,29.13,29.13,0.3063367207845052,0.3063367207845052,0.3063367207845052,111.915
2022-04-12,10.342809,105.315657,126.609,126.609,126.609,14.694,14.694,14.694,28.5,28.5,28.5,29.13,29.13,29.13,0.3063367207845052,0.3063367207845052,0.3063367207845052,111.915
2022-04-12,10.345924,105.270456,124.936,124.936,124.936,19.468,19.468,19.468,28.45,28.45,28.45,28.99,28.99,28.99,0.300387700398763,0.300387700398763,0.300387700398763,105.468
2022-04-12,10.346876,105.206507,124.936,124.936,124.936,19.468,19.468,19.468,28.45,28.45,28.45,28.99,28.99,28.99,0.300387700398763,0.300387700398763,0.300387700398763,105.468
2022-04-12,10.358094,105.189541,123.092,123.092,123.092,24.692,24.692,24.692,28.41,28.41,28.41,29.03,29.03,29.03,0.41900889078776044,0.41900889078776044,0.41900889078776044,98.4
2022-04-12,10.35853,105.127583,123.092,123.092,123.092,24.692,24.692,24.692,28.41,28.41,28.41,29.03,29.03,29.03,0.41900889078776044,0.41900889078776044,0.41900889078776044,98.4
2022-04-12,10.364419,105.164984,123.092,123.092,123.092,24.692,24.692,24.692,28.41,28.41,28.41,29.03,29.03,29.03,0.41900889078776044,0.41900889078776044,0.41900889078776044,98.4
2022-04-12,10.368014,105.238516,124.936,124.936,124.936,19.468,19.468,19.468,28.45,28.45,28.45,28.99,28.99,28.99,0.300387700398763,0.300387700398763,0.300387700398763,105.468
2022-04-12,10.368598,105.136423,123.092,123.092,123.092,24.692,24.692,24.692,28.41,28.41,28.41,29.03,29.03,29.03,0.41900889078776044,0.41900889078776044,0.41900889078776044,98.4
2022-04-12,10.467721,105.192464,126.445,126.445,126.445,24.557,24.557,24.557,28.66,28.66,28.66,29.28,29.28,29.28,0.3428993225097656,0.3428993225097656,0.3428993225097656,101.888
2022-04-12,10.557185,105.227883,132.163,132.163,132.163,20.454,20.454,20.454,28.87,28.87,28.87,29.55,29.55,29.55,0.2824821472167969,0.2824821472167969,0.2824821472167969,111.709
2022-04-12,10.595261,105.15779,129.365,129.365,129.365,25.106,25.106,25.106,28.88,28.88,28.88,29.53,29.53,29.53,0.31350453694661456,0.31350453694661456,0.31350453694661456,104.259
2022-04-12,10.599524,105.186221,,,,,,,,,,,,,,,,
2022-04-12,10.603991,105.147312,129.26,129.26,129.26,26.247,26.247,26.247,29.16,29.16,29.16,29.81,29.81,29.81,0.2581768035888672,0.2581768035888672,0.2581768035888672,103.013
2022-04-12,10.605148,105.164514,129.26,129.26,129.26,26.247,26.247,26.247,29.16,29.16,29.16,29.81,29.81,29.81,0.2581768035888672,0.2581768035888672,0.2581768035888672,103.013
2022-04-12,10.61225,105.175364,,,,,,,,,,,,,,,,
2022-04-12,10.630244,105.19128,129.26,129.26,129.26,26.247,26.247,26.247,29.16,29.16,29.16,29.81,29.81,29.81,0.2581768035888672,0.2581768035888672,0.2581768035888672,103.013
2022-04-13,10.29466,105.248528,149.403,149.403,149.403,15.066,15.066,15.066,29.35,29.35,29.35,29.51,29.51,29.51,0.3717664082845052,0.3717664082845052,0.3717664082845052,134.337
2022-04-13,10.303589,105.234936,139.44,139.44,139.44,14.169,14.169,14.169,29.46,29.46,29.46,29.74,29.74,29.74,0.2850030263264974,0.2850030263264974,0.2850030263264974,125.271
2022-04-13,10.304295,105.27046,139.44,139.44,139.44,14.169,14.169,14.169,29.46,29.46,29.46,29.74,29.74,29.74,0.2850030263264974,0.2850030263264974,0.2850030263264974,125.271
2022-04-13,10.307585,105.254064,139.44,139.44,139.44,14.169,14.169,14.169,29.46,29.46,29.46,29.74,29.74,29.74,0.2850030263264974,0.2850030263264974,0.2850030263264974,125.271
2022-04-13,10.319903,105.230831,139.44,139.44,139.44,14.169,14.169,14.169,29.46,29.46,29.46,29.74,29.74,29.74,0.2850030263264974,0.2850030263264974,0.2850030263264974,125.271
2022-04-13,10.331036,105.232626,139.44,139.44,139.44,14.169,14.169,14.169,29.46,29.46,29.46,29.74,29.74,29.74,0.2850030263264974,0.2850030263264974,0.2850030263264974,125.271
2022-04-13,10.33114,105.278682,139.44,139.44,139.44,14.169,14.169,14.169,29.46,29.46,29.46,29.74,29.74,29.74,0.2850030263264974,0.2850030263264974,0.2850030263264974,125.271
2022-04-13,10.332664,105.264027,139.44,139.44,139.44,14.169,14.169,14.169,29.46,29.46,29.46,29.74,29.74,29.74,0.2850030263264974,0.2850030263264974,0.2850030263264974,125.271
2022-04-16,10.28859,105.207594,,,,,,,,,,,,,,,,
2022-04-16,10.309139,105.215737,103.662,103.662,103.662,210.177,210.177,210.177,28.21,28.21,28.21,29.19,29.19,29.19,0.34810511271158856,0.34810511271158856,0.34810511271158856,0.0
2022-04-16,10.318227,105.218967,103.662,103.662,103.662,210.177,210.177,210.177,28.21,28.21,28.21,29.19,29.19,29.19,0.34810511271158856,0.34810511271158856,0.34810511271158856,0.0
2022-04-16,10.321392,105.177554,104.899,104.899,104.899,285.163,285.163,285.163,28.31,28.31,28.31,29.32,29.32,29.32,0.4348214467366536,0.4348214467366536,0.4348214467366536,0.0
2022-04-16,10.327832,105.216844,103.662,103.662,103.662,210.177,210.177,210.177,28.21,28.21,28.21,29.19,29.19,29.19,0.34810511271158856,0.34810511271158856,0.34810511271158856,0.0
2022-04-20,10.23625,105.234527,126.751,126.751,126.751,22.859,22.859,22.859,28.35,28.35,28.35,28.96,28.96,28.96,0.3810863494873047,0.3810863494873047,0.3810863494873047,103.892
2022-04-20,10.244181,105.230614,126.751,126.751,126.751,22.859,22.859,22.859,28.35,28.35,28.35,28.96,28.96,28.96,0.3810863494873047,0.3810863494873047,0.3810863494873047,103.892
2022-04-20,10.257436,105.217205,126.751,126.751,126.751,22.859,22.859,22.859,28.35,28.35,28.35,28.96,28.96,28.96,0.3810863494873047,0.3810863494873047,0.3810863494873047,103.892
2022-04-20,10.265814,105.21507,126.751,126.751,126.751,22.859,22.859,22.859,28.35,28.35,28.35,28.96,28.96,28.96,0.3810863494873047,0.3810863494873047,0.3810863494873047,103.892
2022-04-20,10.275419,105.234563,,,,,,,,,,,,,,,,
2022-04-20,10.275776,105.258985,,,,,,,,,,,,,,,,
2022-04-20,10.280379,105.241273,126.751,126.751,126.751,22.859,22.859,22.859,28.35,28.35,28.35,28.96,28.96,28.96,0.3810863494873047,0.3810863494873047,0.3810863494873047,103.892
2022-04-20,10.281994,105.246519,126.751,126.751,126.751,22.859,22.859,22.859,28.35,28.35,28.35,28.96,28.96,28.96,0.3810863494873047,0.3810863494873047,0.3810863494873047,103.892
2022-04-20,10.283233,105.260351,126.751,126.751,126.751,22.859,22.859,22.859,28.35,28.35,28.35,28.96,28.96,28.96,0.3810863494873047,0.3810863494873047,0.3810863494873047,103.892
2022-04-22,10.227394,105.164987,134.342,134.342,134.342,46.717,46.717,46.717,28.27,28.27,28.27,29.05,29.05,29.05,0.4268627166748047,0.4268627166748047,0.4268627166748047,87.625
2022-04-22,10.245058,105.178415,134.342,134.342,134.342,46.717,46.717,46.717,28.27,28.27,28.27,29.05,29.05,29.05,0.4268627166748047,0.4268627166748047,0.4268627166748047,87.625
2022-04-22,10.24991,105.206339,,,,,,,,,,,,,,,,
2022-04-22,10.254048,105.172039,134.342,134.342,134.342,46.717,46.717,46.717,28.27,28.27,28.27,29.05,29.05,29.05,0.4268627166748047,0.4268627166748047,0.4268627166748047,87.625
2022-04-22,10.255579,105.190922,134.342,134.342,134.342,46.717,46.717,46.717,28.27,28.27,28.27,29.05,29.05,29.05,0.4268627166748047,0.4268627166748047,0.4268627166748047,87.625
2022-04-22,10.262681,105.14739,,,,,,,,,,,,,,,,
2022-04-22,10.262836,105.117192,,,,,,,,,,,,,,,,
2022-04-22,10.265977,105.125368,134.342,134.342,134.342,46.717,46.717,46.717,28.27,28.27,28.27,29.05,29.05,29.05,0.4268627166748047,0.4268627166748047,0.4268627166748047,87.625
2022-04-22,10.270486,105.19207,134.342,134.342,134.342,46.717,46.717,46.717,28.27,28.27,28.27,29.05,29.05,29.05,0.4268627166748047,0.4268627166748047,0.4268627166748047,87.625
2022-04-22,10.279364,105.19089,134.342,134.342,134.342,46.717,46.717,46.717,28.27,28.27,28.27,29.05,29.05,29.05,0.4268627166748047,0.4268627166748047,0.4268627166748047,87.625
2022-04-22,10.281814,105.114918,134.342,134.342,134.342,46.717,46.717,46.717,28.27,28.27,28.27,29.05,29.05,29.05,0.4268627166748047,0.4268627166748047,0.4268627166748047,87.625
2022-04-22,10.283009,105.129752,134.342,134.342,134.342,46.717,46.717,46.717,28.27,28.27,28.27,29.05,29.05,29.05,0.4268627166748047,0.4268627166748047,0.4268627166748047,87.625
2022-04-22,10.284027,105.15814,134.342,134.342,134.342,46.717,46.717,46.717,28.27,28.27,28.27,29.05,29.05,29.05,0.4268627166748047,0.4268627166748047,0.4268627166748047,87.625
2022-04-22,10.284175,105.143442,134.342,134.342,134.342,46.717,46.717,46.717,28.27,28.27,28.27,29.05,29.05,29.05,0.4268627166748047,0.4268627166748047,0.4268627166748047,87.625
2022-04-22,10.286013,105.107472,134.342,134.342,134.342,46.717,46.717,46.717,28.27,28.27,28.27,29.05,29.05,29.05,0.4268627166748047,0.4268627166748047,0.4268627166748047,87.625
2022-07-05,10.262288,105.409359,,,,,,,,,,,,,,,,
2022-07-05,10.270666,105.424059,120.264,120.264,120.264,196.907,196.907,196.907,27.61,27.61,27.61,28.26,28.26,28.26,0.4101829528808594,0.4101829528808594,0.4101829528808594,0.0
2022-07-05,10.282741,105.414218,120.264,120.264,120.264,196.907,196.907,196.907,27.61,27.61,27.61,28.26,28.26,28.26,0.4101829528808594,0.4101829528808594,0.4101829528808594,0.0
2022-07-05,10.292251,105.405536,120.264,120.264,120.264,196.907,196.907,196.907,27.61,27.61,27.61,28.26,28.26,28.26,0.4101829528808594,0.4101829528808594,0.4101829528808594,0.0
2022-07-05,10.303175,105.416814,109.549,109.549,109.549,188.411,188.411,188.411,27.79,27.79,27.79,28.43,28.43,28.43,0.4149881998697917,0.4149881998697917,0.4149881998697917,0.0
2022-07-10,10.434624,105.327551,109.587,109.587,109.587,26.136,26.136,26.136,27.07,27.07,27.07,27.77,27.77,27.77,0.39911969502766925,0.39911969502766925,0.39911969502766925,83.451
2022-07-10,10.436532,105.313783,,,,,,,,,,,,,,,,
2022-07-10,10.439647,105.334052,109.587,109.587,109.587,26.136,26.136,26.136,27.07,27.07,27.07,27.77,27.77,27.77,0.39911969502766925,0.39911969502766925,0.39911969502766925,83.451
2022-07-10,10.442271,105.339057,109.587,109.587,109.587,26.136,26.136,26.136,27.07,27.07,27.07,27.77,27.77,27.77,0.39911969502766925,0.39911969502766925,0.39911969502766925,83.451
2022-07-10,10.444036,105.331928,109.587,109.587,109.587,26.136,26.136,26.136,27.07,27.07,27.07,27.77,27.77,27.77,0.39911969502766925,0.39911969502766925,0.39911969502766925,83.451
2022-07-10,10.446006,105.338972,109.587,109.587,109.587,26.136,26.136,26.136,27.07,27.07,27.07,27.77,27.77,27.77,0.39911969502766925,0.39911969502766925,0.39911969502766925,83.451
2022-07-10,10.447125,105.31374,109.587,109.587,109.587,26.136,26.136,26.136,27.07,27.07,27.07,27.77,27.77,27.77,0.39911969502766925,0.39911969502766925,0.39911969502766925,83.451
2022-07-12,10.257715,105.375007,68.818,68.818,68.818,406.997,406.997,406.997,24.95,24.95,24.95,26.11,26.11,26.11,0.4240163167317708,0.4240163167317708,0.4240163167317708,0.0
2022-07-12,10.275826,105.364451,,,,,,,,,,,,,,,,
2022-07-12,10.303437,105.381252,69.783,69.783,69.783,455.887,455.887,455.887,25.21,25.21,25.21,26.36,26.36,26.36,0.4216988881429036,0.4216988881429036,0.4216988881429036,0.0
2022-07-12,10.3037,105.354593,69.783,69.783,69.783,455.887,455.887,455.887,25.21,25.21,25.21,26.36,26.36,26.36,0.4216988881429036,0.4216988881429036,0.4216988881429036,0.0
2022-07-12,10.314233,105.359823,69.783,69.783,69.783,455.887,455.887,455.887,25.21,25.21,25.21,26.36,26.36,26.36,0.4216988881429036,0.4216988881429036,0.4216988881429036,0.0
2022-07-12,10.31856,105.374468,69.783,69.783,69.783,455.887,455.887,455.887,25.21,25.21,25.21,26.36,26.36,26.36,0.4216988881429036,0.4216988881429036,0.4216988881429036,0.0
2022-07-12,10.320676,105.364971,69.783,69.783,69.783,455.887,455.887,455.887,25.21,25.21,25.21,26.36,26.36,26.36,0.4216988881429036,0.4216988881429036,0.4216988881429036,0.0
2022-07-12,10.331447,105.158675,66.094,66.094,66.094,379.664,379.664,379.664,25.06,25.06,25.06,26.24,26.24,26.24,0.4877281188964844,0.4877281188964844,0.4877281188964844,0.0
2022-07-12,10.334417,105.375498,69.783,69.783,69.783,455.887,455.887,455.887,25.21,25.21,25.21,26.36,26.36,26.36,0.4216988881429036,0.4216988881429036,0.4216988881429036,0.0
2022-07-12,10.34297,105.382435,69.783,69.783,69.783,455.887,455.887,455.887,25.21,25.21,25.21,26.36,26.36,26.36,0.4216988881429036,0.4216988881429036,0.4216988881429036,0.0
2022-07-12,10.35091,105.142796,,,,,,,,,,,,,,,,
2022-07-12,10.35853,105.127583,66.094,66.094,66.094,379.664,379.664,379.664,25.06,25.06,25.06,26.24,26.24,26.24,0.4877281188964844,0.4877281188964844,0.4877281188964844,0.0
2022-07-12,10.364419,105.164984,66.094,66.094,66.094,379.664,379.664,379.664,25.06,25.06,25.06,26.24,26.24,26.24,0.4877281188964844,0.4877281188964844,0.4877281188964844,0.0
2022-07-12,10.368598,105.136423,66.094,66.094,66.094,379.664,379.664,379.664,25.06,25.06,25.06,26.24,26.24,26.24,0.4877281188964844,0.4877281188964844,0.4877281188964844,0.0
2022-07-13,10.533759,105.243145,51.841,51.841,51.841,159.53,159.53,159.53,24.6,24.6,24.6,25.8,25.8,25.8,0.42071278889973956,0.42071278889973956,0.42071278889973956,0.0
2022-07-13,10.548011,105.248097,51.841,51.841,51.841,159.53,159.53,159.53,24.6,24.6,24.6,25.8,25.8,25.8,0.42071278889973956,0.42071278889973956,0.42071278889973956,0.0
2022-07-14,10.37346,105.184697,88.161,88.161,88.161,59.074,59.074,59.074,26.31,26.31,26.31,26.71,26.71,26.71,0.49947357177734375,0.49947357177734375,0.49947357177734375,29.087
2022-07-14,10.375619,105.124248,,,,,,,,,,,,,,,,
2022-07-14,10.378511,105.144998,88.161,88.161,88.161,59.074,59.074,59.074,26.31,26.31,26.31,26.71,26.71,26.71,0.49947357177734375,0.49947357177734375,0.49947357177734375,29.087
2022-07-14,10.379507,105.154892,88.161,88.161,88.161,59.074,59.074,59.074,26.31,26.31,26.31,26.71,26.71,26.71,0.49947357177734375,0.49947357177734375,0.49947357177734375,29.087
2022-07-14,10.381544,105.174719,88.161,88.161,88.161,59.074,59.074,59.074,26.31,26.31,26.31,26.71,26.71,26.71,0.49947357177734375,0.49947357177734375,0.49947357177734375,29.087
2022-07-14,10.389374,105.169781,88.161,88.161,88.161,59.074,59.074,59.074,26.31,26.31,26.31,26.71,26.71,26.71,0.49947357177734375,0.49947357177734375,0.49947357177734375,29.087
2022-07-14,10.391295,105.178235,88.161,88.161,88.161,59.074,59.074,59.074,26.31,26.31,26.31,26.71,26.71,26.71,0.49947357177734375,0.49947357177734375,0.49947357177734375,29.087
2022-07-14,10.391781,105.161155,88.161,88.161,88.161,59.074,59.074,59.074,26.31,26.31,26.31,26.71,26.71,26.71,0.49947357177734375,0.49947357177734375,0.49947357177734375,29.087
2022-07-14,10.395094,105.169245,88.161,88.161,88.161,59.074,59.074,59.074,26.31,26.31,26.31,26.71,26.71,26.71,0.49947357177734375,0.49947357177734375,0.49947357177734375,29.087
2022-07-14,10.395734,105.143745,88.161,88.161,88.161,59.074,59.074,59.074,26.31,26.31,26.31,26.71,26.71,26.71,0.49947357177734375,0.49947357177734375,0.49947357177734375,29.087
2022-07-14,10.396044,105.180167,88.161,88.161,88.161,59.074,59.074,59.074,26.31,26.31,26.31,26.71,26.71,26.71,0.49947357177734375,0.49947357177734375,0.49947357177734375,29.087
2022-07-14,10.44784,105.141425,85.694,85.694,85.694,58.933,58.933,58.933,26.23,26.23,26.23,26.67,26.67,26.67,0.44047991434733075,0.44047991434733075,0.44047991434733075,26.76
2022-07-14,10.461453,105.172294,85.694,85.694,85.694,58.933,58.933,58.933,26.23,26.23,26.23,26.67,26.67,26.67,0.44047991434733075,0.44047991434733075,0.44047991434733075,26.76
2022-07-14,10.467778,105.163448,85.694,85.694,85.694,58.933,58.933,58.933,26.23,26.23,26.23,26.67,26.67,26.67,0.44047991434733075,0.44047991434733075,0.44047991434733075,26.76
2022-07-14,10.522871,105.184845,78.444,78.444,78.444,56.566,56.566,56.566,26.05,26.05,26.05,26.58,26.58,26.58,0.4266211191813151,0.4266211191813151,0.4266211191813151,21.879
2022-07-14,10.524439,105.254678,,,,,,,,,,,,,,,,
2022-07-14,10.535058,105.252744,81.754,81.754,81.754,48.653,48.653,48.653,26.08,26.08,26.08,26.61,26.61,26.61,0.4108804066975911,0.4108804066975911,0.4108804066975911,33.101
2022-07-14,10.536277,105.293087,81.754,81.754,81.754,48.653,48.653,48.653,26.08,26.08,26.08,26.61,26.61,26.61,0.4108804066975911,0.4108804066975911,0.4108804066975911,33.101
2022-07-15,10.384444,105.3447,90.266,90.266,90.266,118.646,118.646,118.646,26.78,26.78,26.78,27.36,27.36,27.36,0.40634600321451825,0.40634600321451825,0.40634600321451825,0.0
2022-07-15,10.390554,105.336857,90.266,90.266,90.266,118.646,118.646,118.646,26.78,26.78,26.78,27.36,27.36,27.36,0.40634600321451825,0.40634600321451825,0.40634600321451825,0.0
2022-07-15,10.391149,105.359279,90.266,90.266,90.266,118.646,118.646,118.646,26.78,26.78,26.78,27.36,27.36,27.36,0.40634600321451825,0.40634600321451825,0.40634600321451825,0.0
2022-07-15,10.391491,105.34899,90.266,90.266,90.266,118.646,118.646,118.646,26.78,26.78,26.78,27.36,27.36,27.36,0.40634600321451825,0.40634600321451825,0.40634600321451825,0.0
2022-07-15,10.399353,105.356462,,,,,,,,,,,,,,,,
2022-07-15,10.405902,105.36283,89.894,89.894,89.894,124.984,124.984,124.984,26.85,26.85,26.85,27.43,27.43,27.43,0.4099890391031901,0.4099890391031901,0.4099890391031901,0.0
2022-07-15,10.409367,105.355252,89.894,89.894,89.894,124.984,124.984,124.984,26.85,26.85,26.85,27.43,27.43,27.43,0.4099890391031901,0.4099890391031901,0.4099890391031901,0.0
2022-07-15,10.419561,105.277369,92.461,92.461,92.461,102.008,102.008,102.008,26.91,26.91,26.91,27.48,27.48,27.48,0.4104169209798177,0.4104169209798177,0.4104169209798177,0.0
2022-07-15,10.420981,105.295797,92.461,92.461,92.461,102.008,102.008,102.008,26.91,26.91,26.91,27.48,27.48,27.48,0.4104169209798177,0.4104169209798177,0.4104169209798177,0.0
2022-07-15,10.43531,105.292557,92.461,92.461,92.461,102.008,102.008,102.008,26.91,26.91,26.91,27.48,27.48,27.48,0.4104169209798177,0.4104169209798177,0.4104169209798177,0.0
2022-07-15,10.458369,105.270803,92.461,92.461,92.461,102.008,102.008,102.008,26.91,26.91,26.91,27.48,27.48,27.48,0.4104169209798177,0.4104169209798177,0.4104169209798177,0.0
2022-07-15,10.467721,105.192464,97.356,97.356,97.356,80.255,80.255,80.255,27.01,27.01,27.01,27.48,27.48,27.48,0.43887964884440106,0.43887964884440106,0.43887964884440106,17.101
2022-07-15,10.469839,105.211568,92.461,92.461,92.461,102.008,102.008,102.008,26.91,26.91,26.91,27.48,27.48,27.48,0.4104169209798177,0.4104169209798177,0.4104169209798177,0.0
2022-07-15,10.470013,105.264425,92.461,92.461,92.461,102.008,102.008,102.008,26.91,26.91,26.91,27.48,27.48,27.48,0.4104169209798177,0.4104169209798177,0.4104169209798177,0.0
2022-07-15,10.470305,105.287062,92.461,92.461,92.461,102.008,102.008,102.008,26.91,26.91,26.91,27.48,27.48,27.48,0.4104169209798177,0.4104169209798177,0.4104169209798177,0.0
2022-07-15,10.476738,105.227333,92.461,92.461,92.461,102.008,102.008,102.008,26.91,26.91,26.91,27.48,27.48,27.48,0.4104169209798177,0.4104169209798177,0.4104169209798177,0.0
2022-07-15,10.48195,105.238448,92.461,92.461,92.461,102.008,102.008,102.008,26.91,26.91,26.91,27.48,27.48,27.48,0.4104169209798177,0.4104169209798177,0.4104169209798177,0.0
2022-07-15,10.485812,105.267525,92.461,92.461,92.461,102.008,102.008,102.008,26.91,26.91,26.91,27.48,27.48,27.48,0.4104169209798177,0.4104169209798177,0.4104169209798177,0.0
2022-07-15,10.485917,105.210104,92.461,92.461,92.461,102.008,102.008,102.008,26.91,26.91,26.91,27.48,27.48,27.48,0.4104169209798177,0.4104169209798177,0.4104169209798177,0.0
2022-07-15,10.492098,105.216926,92.461,92.461,92.461,102.008,102.008,102.008,26.91,26.91,26.91,27.48,27.48,27.48,0.4104169209798177,0.4104169209798177,0.4104169209798177,0.0
2022-07-15,10.494104,105.291042,92.461,92.461,92.461,102.008,102.008,102.008,26.91,26.91,26.91,27.48,27.48,27.48,0.4104169209798177,0.4104169209798177,0.4104169209798177,0.0
2022-07-15,10.494453,105.241281,92.461,92.461,92.461,102.008,102.008,102.008,26.91,26.91,26.91,27.48,27.48,27.48,0.4104169209798177,0.4104169209798177,0.4104169209798177,0.0
2022-07-15,10.501829,105.273585,94.888,94.888,94.888,105.865,105.865,105.865,26.91,26.91,26.91,27.47,27.47,27.47,0.4098987579345703,0.4098987579345703,0.4098987579345703,0.0
2022-07-15,10.50203,105.222373,94.888,94.888,94.888,105.865,105.865,105.865,26.91,26.91,26.91,27.47,27.47,27.47,0.4098987579345703,0.4098987579345703,0.4098987579345703,0.0
2022-07-15,10.502728,105.233111,94.888,94.888,94.888,105.865,105.865,105.865,26.91,26.91,26.91,27.47,27.47,27.47,0.4098987579345703,0.4098987579345703,0.4098987579345703,0.0
2022-07-15,10.50915,105.265098,94.888,94.888,94.888,105.865,105.865,105.865,26.91,26.91,26.91,27.47,27.47,27.47,0.4098987579345703,0.4098987579345703,0.4098987579345703,0.0
2022-07-15,10.510542,105.248554,94.888,94.888,94.888,105.865,105.865,105.865,26.91,26.91,26.91,27.47,27.47,27.47,0.4098987579345703,0.4098987579345703,0.4098987579345703,0.0
2022-07-17,10.375656,105.29185,,,,,,,,,,,,,,,,
2022-07-17,10.378696,105.309113,94.671,94.671,94.671,127.637,127.637,127.637,27.19,27.19,27.19,27.88,27.88,27.88,0.41150474548339844,0.41150474548339844,0.41150474548339844,0.0
2022-07-17,10.386495,105.284636,97.895,97.895,97.895,128.109,128.109,128.109,27.16,27.16,27.16,27.81,27.81,27.81,0.4193433125813802,0.4193433125813802,0.4193433125813802,0.0
2022-07-17,10.396712,105.324921,94.671,94.671,94.671,127.637,127.637,127.637,27.19,27.19,27.19,27.88,27.88,27.88,0.41150474548339844,0.41150474548339844,0.41150474548339844,0.0
2022-07-17,10.396951,105.281083,97.895,97.895,97.895,128.109,128.109,128.109,27.16,27.16,27.16,27.81,27.81,27.81,0.4193433125813802,0.4193433125813802,0.4193433125813802,0.0
2022-07-17,10.415137,105.316832,90.862,90.862,90.862,132.179,132.179,132.179,27.16,27.16,27.16,27.87,27.87,27.87,0.41489601135253906,0.41489601135253906,0.41489601135253906,0.0
2022-07-17,10.421158,105.237197,95.267,95.267,95.267,130.024,130.024,130.024,27.24,27.24,27.24,27.96,27.96,27.96,0.4122384389241536,0.4122384389241536,0.4122384389241536,0.0
2022-07-19,10.370371,105.275589,86.976,86.976,86.976,274.087,274.087,274.087,26.88,26.88,26.88,27.78,27.78,27.78,0.42202123006184894,0.42202123006184894,0.42202123006184894,0.0
2022-07-19,10.374004,105.228649,86.976,86.976,86.976,274.087,274.087,274.087,26.88,26.88,26.88,27.78,27.78,27.78,0.42202123006184894,0.42202123006184894,0.42202123006184894,0.0
2022-07-19,10.374524,105.255016,,,,,,,,,,,,,,,,
2022-07-19,10.375756,105.208993,,,,,,,,,,,,,,,,
2022-07-19,10.392248,105.227502,86.976,86.976,86.976,274.087,274.087,274.087,26.88,26.88,26.88,27.78,27.78,27.78,0.42202123006184894,0.42202123006184894,0.42202123006184894,0.0
2022-07-19,10.394517,105.260713,86.976,86.976,86.976,274.087,274.087,274.087,26.88,26.88,26.88,27.78,27.78,27.78,0.42202123006184894,0.42202123006184894,0.42202123006184894,0.0
2022-07-19,10.402927,105.235656,86.611,86.611,86.611,270.493,270.493,270.493,26.97,26.97,26.97,27.87,27.87,27.87,0.41156768798828125,0.41156768798828125,0.41156768798828125,0.0
2022-07-19,10.404721,105.258428,86.611,86.611,86.611,270.493,270.493,270.493,26.97,26.97,26.97,27.87,27.87,27.87,0.41156768798828125,0.41156768798828125,0.41156768798828125,0.0
2022-07-19,10.406199,105.248616,86.611,86.611,86.611,270.493,270.493,270.493,26.97,26.97,26.97,27.87,27.87,27.87,0.41156768798828125,0.41156768798828125,0.41156768798828125,0.0
2022-07-20,10.195117,105.200047,52.06,52.891,54.553,398.649,389.223,370.369,25.46,25.45,25.43,26.49,26.48,26.48,0.4767589569091797,0.46039136250813806,0.4522075653076172,0.0
2022-07-20,10.205563,105.193771,51.657,51.657,51.657,391.393,391.393,391.393,25.51,25.51,25.51,26.57,26.57,26.57,0.45356305440266925,0.45356305440266925,0.45356305440266925,0.0
2022-07-20,10.208515,105.202809,51.657,53.342,54.185,391.393,373.871,365.11,25.51,25.43,25.38,26.57,26.5,26.47,0.45356305440266925,0.44656138949924046,0.44306055704752606,0.0
2022-07-20,10.212886,105.174836,,,,,,,,,,,,,,,,
2022-07-20,10.214156,105.214175,54.185,54.185,54.185,365.11,365.11,365.11,25.38,25.38,25.38,26.47,26.47,26.47,0.44306055704752606,0.44306055704752606,0.44306055704752606,0.0
2022-07-20,10.227394,105.164987,51.657,51.657,51.657,391.393,391.393,391.393,25.51,25.51,25.51,26.57,26.57,26.57,0.45356305440266925,0.45356305440266925,0.45356305440266925,0.0
2022-07-20,10.232673,105.15164,51.657,51.657,51.657,391.393,391.393,391.393,25.51,25.51,25.51,26.57,26.57,26.57,0.45356305440266925,0.45356305440266925,0.45356305440266925,0.0
2022-07-20,10.245058,105.178415,51.657,51.657,51.657,391.393,391.393,391.393,25.51,25.51,25.51,26.57,26.57,26.57,0.45356305440266925,0.45356305440266925,0.45356305440266925,0.0
2022-07-20,10.246984,105.216849,54.185,54.185,54.185,365.11,365.11,365.11,25.38,25.38,25.38,26.47,26.47,26.47,0.44306055704752606,0.44306055704752606,0.44306055704752606,0.0
2022-07-20,10.248814,105.361138,54.558,54.558,54.558,324.749,324.749,324.749,25.44,25.44,25.44,26.55,26.55,26.55,0.4277172088623047,0.4277172088623047,0.4277172088623047,0.0
2022-07-20,10.249044,105.347198,,,,,,,,,,,,,,,,
2022-07-20,10.254048,105.172039,51.657,51.657,51.657,391.393,391.393,391.393,25.51,25.51,25.51,26.57,26.57,26.57,0.45356305440266925,0.45356305440266925,0.45356305440266925,0.0
2022-07-20,10.258961,105.323388,54.558,54.558,54.558,324.749,324.749,324.749,25.44,25.44,25.44,26.55,26.55,26.55,0.4277172088623047,0.4277172088623047,0.4277172088623047,0.0
2022-07-20,10.265977,105.125368,51.657,51.657,51.657,391.393,391.393,391.393,25.51,25.51,25.51,26.57,26.57,26.57,0.45356305440266925,0.45356305440266925,0.45356305440266925,0.0
2022-07-20,10.268095,105.344826,54.558,54.558,54.558,324.749,324.749,324.749,25.44,25.44,25.44,26.55,26.55,26.55,0.4277172088623047,0.4277172088623047,0.4277172088623047,0.0
2022-07-20,10.268524,105.337611,54.558,54.558,54.558,324.749,324.749,324.749,25.44,25.44,25.44,26.55,26.55,26.55,0.4277172088623047,0.4277172088623047,0.4277172088623047,0.0
2022-07-20,10.272277,105.291556,54.185,54.185,54.185,365.11,365.11,365.11,25.38,25.38,25.38,26.47,26.47,26.47,0.44306055704752606,0.44306055704752606,0.44306055704752606,0.0
2022-07-20,10.277579,105.307934,54.558,54.558,54.558,324.749,324.749,324.749,25.44,25.44,25.44,26.55,26.55,26.55,0.4277172088623047,0.4277172088623047,0.4277172088623047,0.0
2022-07-20,10.282365,105.276189,54.185,54.185,54.185,365.11,365.11,365.11,25.38,25.38,25.38,26.47,26.47,26.47,0.44306055704752606,0.44306055704752606,0.44306055704752606,0.0
2022-07-20,10.282445,105.330149,54.558,54.558,54.558,324.749,324.749,324.749,25.44,25.44,25.44,26.55,26.55,26.55,0.4277172088623047,0.4277172088623047,0.4277172088623047,0.0
2022-07-20,10.298963,105.275991,54.185,54.185,54.185,365.11,365.11,365.11,25.38,25.38,25.38,26.47,26.47,26.47,0.44306055704752606,0.44306055704752606,0.44306055704752606,0.0
2022-07-20,10.303589,105.234936,52.961,52.961,52.961,369.626,369.626,369.626,25.59,25.59,25.59,26.71,26.71,26.71,0.42813682556152344,0.42813682556152344,0.42813682556152344,0.0
2022-07-20,10.306769,105.34023,52.989,52.989,52.989,347.64,347.64,347.64,25.66,25.66,25.66,26.71,26.71,26.71,0.4198131561279297,0.4198131561279297,0.4198131561279297,0.0
2022-07-20,10.3154,105.280846,52.961,52.961,52.961,369.626,369.626,369.626,25.59,25.59,25.59,26.71,26.71,26.71,0.42813682556152344,0.42813682556152344,0.42813682556152344,0.0
2022-07-20,10.316024,105.309873,52.989,52.989,52.989,347.64,347.64,347.64,25.66,25.66,25.66,26.71,26.71,26.71,0.4198131561279297,0.4198131561279297,0.4198131561279297,0.0
2022-07-20,10.319903,105.230831,52.961,52.961,52.961,369.626,369.626,369.626,25.59,25.59,25.59,26.71,26.71,26.71,0.42813682556152344,0.42813682556152344,0.42813682556152344,0.0
2022-07-20,10.320371,105.259016,52.961,52.961,52.961,369.626,369.626,369.626,25.59,25.59,25.59,26.71,26.71,26.71,0.42813682556152344,0.42813682556152344,0.42813682556152344,0.0
2022-07-20,10.325047,105.251136,,,,,,,,,,,,,,,,
2022-07-20,10.327284,105.359541,52.989,52.989,52.989,347.64,347.64,347.64,25.66,25.66,25.66,26.71,26.71,26.71,0.4198131561279297,0.4198131561279297,0.4198131561279297,0.0
2022-07-20,10.327543,105.350908,52.989,52.989,52.989,347.64,347.64,347.64,25.66,25.66,25.66,26.71,26.71,26.71,0.4198131561279297,0.4198131561279297,0.4198131561279297,0.0
2022-07-20,10.327617,105.33024,52.989,52.989,52.989,347.64,347.64,347.64,25.66,25.66,25.66,26.71,26.71,26.71,0.4198131561279297,0.4198131561279297,0.4198131561279297,0.0
2022-07-20,10.33114,105.278682,52.961,52.961,52.961,369.626,369.626,369.626,25.59,25.59,25.59,26.71,26.71,26.71,0.42813682556152344,0.42813682556152344,0.42813682556152344,0.0
2022-07-20,10.337977,105.288583,,,,,,,,,,,,,,,,
2022-07-20,10.339092,105.325101,52.989,52.989,52.989,347.64,347.64,347.64,25.66,25.66,25.66,26.71,26.71,26.71,0.4198131561279297,0.4198131561279297,0.4198131561279297,0.0
2022-07-20,10.342217,105.346028,52.989,52.989,52.989,347.64,347.64,347.64,25.66,25.66,25.66,26.71,26.71,26.71,0.4198131561279297,0.4198131561279297,0.4198131561279297,0.0
2022-07-20,10.342299,105.365285,52.989,52.989,52.989,347.64,347.64,347.64,25.66,25.66,25.66,26.71,26.71,26.71,0.4198131561279297,0.4198131561279297,0.4198131561279297,0.0
2022-07-20,10.345924,105.270456,52.961,52.961,52.961,369.626,369.626,369.626,25.59,25.59,25.59,26.71,26.71,26.71,0.42813682556152344,0.42813682556152344,0.42813682556152344,0.0
2022-07-20,10.400449,105.171793,,,,,,,,,,,,,,,,
2022-07-20,10.412311,105.176834,,,,,,,,,,,,,,,,
2022-07-20,10.417324,105.208881,53.429,53.429,53.429,354.002,354.002,354.002,25.72,25.72,25.72,26.76,26.76,26.76,0.42690277099609375,0.42690277099609375,0.42690277099609375,0.0
2022-07-20,10.426155,105.176598,54.614,54.614,54.614,359.297,359.297,359.297,25.65,25.65,25.65,26.82,26.82,26.82,0.45612208048502606,0.45612208048502606,0.45612208048502606,0.0
2022-07-20,10.427104,105.210954,53.429,53.429,53.429,354.002,354.002,354.002,25.72,25.72,25.72,26.76,26.76,26.76,0.42690277099609375,0.42690277099609375,0.42690277099609375,0.0
2022-07-20,10.447684,105.190977,54.614,54.614,54.614,359.297,359.297,359.297,25.65,25.65,25.65,26.82,26.82,26.82,0.45612208048502606,0.45612208048502606,0.45612208048502606,0.0
2022-07-20,10.44819,105.181879,54.614,54.614,54.614,359.297,359.297,359.297,25.65,25.65,25.65,26.82,26.82,26.82,0.45612208048502606,0.45612208048502606,0.45612208048502606,0.0
2022-07-20,10.452718,105.220233,53.429,53.429,53.429,354.002,354.002,354.002,25.72,25.72,25.72,26.76,26.76,26.76,0.42690277099609375,0.42690277099609375,0.42690277099609375,0.0
2022-07-20,10.452795,105.21348,53.429,53.429,53.429,354.002,354.002,354.002,25.72,25.72,25.72,26.76,26.76,26.76,0.42690277099609375,0.42690277099609375,0.42690277099609375,0.0
2022-07-20,10.458467,105.196191,54.614,54.614,54.614,359.297,359.297,359.297,25.65,25.65,25.65,26.82,26.82,26.82,0.45612208048502606,0.45612208048502606,0.45612208048502606,0.0
2022-07-20,10.459704,105.218744,53.429,53.429,53.429,354.002,354.002,354.002,25.72,25.72,25.72,26.76,26.76,26.76,0.42690277099609375,0.42690277099609375,0.42690277099609375,0.0
2022-07-20,10.460493,105.209967,53.429,53.429,53.429,354.002,354.002,354.002,25.72,25.72,25.72,26.76,26.76,26.76,0.42690277099609375,0.42690277099609375,0.42690277099609375,0.0
2022-07-20,10.463816,105.133945,54.614,54.614,54.614,359.297,359.297,359.297,25.65,25.65,25.65,26.82,26.82,26.82,0.45612208048502606,0.45612208048502606,0.45612208048502606,0.0
2022-07-20,10.465667,105.225904,53.429,53.429,53.429,354.002,354.002,354.002,25.72,25.72,25.72,26.76,26.76,26.76,0.42690277099609375,0.42690277099609375,0.42690277099609375,0.0
2022-07-20,10.48065,105.130089,54.614,54.614,54.614,359.297,359.297,359.297,25.65,25.65,25.65,26.82,26.82,26.82,0.45612208048502606,0.45612208048502606,0.45612208048502606,0.0
2022-07-20,10.501648,105.096892,53.015,53.015,53.015,417.679,417.679,417.679,25.64,25.64,25.64,26.8,26.8,26.8,0.4526894887288411,0.4526894887288411,0.4526894887288411,0.0
2022-07-20,10.510203,105.111601,52.735,52.735,52.735,367.052,367.052,367.052,25.68,25.68,25.68,26.75,26.75,26.75,0.4348901112874349,0.4348901112874349,0.4348901112874349,0.0
2022-07-20,10.521154,105.115666,52.735,52.735,52.735,367.052,367.052,367.052,25.68,25.68,25.68,26.75,26.75,26.75,0.4348901112874349,0.4348901112874349,0.4348901112874349,0.0
2022-07-20,10.534074,105.126326,52.735,52.735,52.735,367.052,367.052,367.052,25.68,25.68,25.68,26.75,26.75,26.75,0.4348901112874349,0.4348901112874349,0.4348901112874349,0.0
2022-07-21,10.358094,105.189541,56.374,56.374,56.374,176.857,176.857,176.857,24.91,24.91,24.91,26.17,26.17,26.17,0.491085688273112,0.491085688273112,0.491085688273112,0.0
2022-07-21,10.358727,105.222371,57.349,57.349,57.349,163.408,163.408,163.408,24.93,24.93,24.93,26.17,26.17,26.17,0.4232838948567708,0.4232838948567708,0.4232838948567708,0.0
2022-07-21,10.365734,105.267634,57.349,57.349,57.349,163.408,163.408,163.408,24.93,24.93,24.93,26.17,26.17,26.17,0.4232838948567708,0.4232838948567708,0.4232838948567708,0.0
2022-07-21,10.368014,105.238516,57.349,57.349,57.349,163.408,163.408,163.408,24.93,24.93,24.93,26.17,26.17,26.17,0.4232838948567708,0.4232838948567708,0.4232838948567708,0.0
2022-07-22,10.244181,105.230614,119.908,119.908,119.908,18.395,18.395,18.395,28.08,28.08,28.08,28.04,28.04,28.04,0.4414634704589844,0.4414634704589844,0.4414634704589844,101.514
2022-07-22,10.250745,105.24539,,,,,,,,,,,,,,,,
2022-07-22,10.275776,105.258985,,,,,,,,,,,,,,,,
2022-07-22,10.280407,105.223352,119.908,119.908,119.908,18.395,18.395,18.395,28.08,28.08,28.08,28.04,28.04,28.04,0.4414634704589844,0.4414634704589844,0.4414634704589844,101.514
2022-07-22,10.281994,105.246519,119.908,119.908,119.908,18.395,18.395,18.395,28.08,28.08,28.08,28.04,28.04,28.04,0.4414634704589844,0.4414634704589844,0.4414634704589844,101.514
2022-07-22,10.283233,105.260351,119.908,119.908,119.908,18.395,18.395,18.395,28.08,28.08,28.08,28.04,28.04,28.04,0.4414634704589844,0.4414634704589844,0.4414634704589844,101.514
2022-07-22,10.284315,105.252391,119.908,119.908,119.908,18.395,18.395,18.395,28.08,28.08,28.08,28.04,28.04,28.04,0.4414634704589844,0.4414634704589844,0.4414634704589844,101.514
2022-07-23,10.287565,105.192862,,,,,,,,,,,,,,,,
2022-07-23,10.290816,105.182958,115.489,115.489,115.489,107.571,107.571,107.571,28.67,28.67,28.67,28.93,28.93,28.93,0.48367754618326825,0.48367754618326825,0.48367754618326825,7.918
2022-07-23,10.299014,105.215448,119.14,119.14,119.14,131.406,131.406,131.406,28.55,28.55,28.55,28.76,28.76,28.76,0.45314598083496094,0.45314598083496094,0.45314598083496094,0.0
2022-07-23,10.303766,105.203102,117.531,117.531,117.531,134.54,134.54,134.54,28.84,28.84,28.84,29.11,29.11,29.11,0.41229693094889325,0.41229693094889325,0.41229693094889325,0.0
2022-07-23,10.309139,105.215737,117.531,117.531,117.531,134.54,134.54,134.54,28.84,28.84,28.84,29.11,29.11,29.11,0.41229693094889325,0.41229693094889325,0.41229693094889325,0.0
2022-07-23,10.318227,105.218967,117.531,117.531,117.531,134.54,134.54,134.54,28.84,28.84,28.84,29.11,29.11,29.11,0.41229693094889325,0.41229693094889325,0.41229693094889325,0.0
2022-07-23,10.319027,105.191902,121.626,121.626,121.626,106.776,106.776,106.776,29.03,29.03,29.03,29.32,29.32,29.32,0.4850616455078125,0.4850616455078125,0.4850616455078125,14.85
2022-07-23,10.321392,105.177554,121.626,121.626,121.626,106.776,106.776,106.776,29.03,29.03,29.03,29.32,29.32,29.32,0.4850616455078125,0.4850616455078125,0.4850616455078125,14.85
2022-07-23,10.327832,105.216844,117.531,117.531,117.531,134.54,134.54,134.54,28.84,28.84,28.84,29.11,29.11,29.11,0.41229693094889325,0.41229693094889325,0.41229693094889325,0.0
2022-07-23,10.337185,105.197822,,,,,,,,,,,,,,,,
2022-07-23,10.346876,105.206507,117.531,117.531,117.531,134.54,134.54,134.54,28.84,28.84,28.84,29.11,29.11,29.11,0.41229693094889325,0.41229693094889325,0.41229693094889325,0.0
2022-07-25,10.262681,105.14739,,,,,,,,,,,,,,,,
2022-07-25,10.284027,105.15814,114.925,114.925,114.925,41.207,41.207,41.207,28.42,28.42,28.42,29.01,29.01,29.01,0.4689871470133464,0.4689871470133464,0.4689871470133464,73.719
2022-07-25,10.297494,105.145318,114.925,114.925,114.925,41.207,41.207,41.207,28.42,28.42,28.42,29.01,29.01,29.01,0.4689871470133464,0.4689871470133464,0.4689871470133464,73.719
2022-07-25,10.30701,105.130668,118.216,118.216,118.216,38.165,38.165,38.165,28.82,28.82,28.82,29.42,29.42,29.42,0.46841176350911456,0.46841176350911456,0.46841176350911456,80.051
2022-07-25,10.320247,105.141848,118.216,118.216,118.216,38.165,38.165,38.165,28.82,28.82,28.82,29.42,29.42,29.42,0.46841176350911456,0.46841176350911456,0.46841176350911456,80.051
2022-07-25,10.325825,105.129268,,,,,,,,,,,,,,,,
2022-07-26,10.399444,105.118528,,,,,,,,,,,,,,,,
2022-07-26,10.399645,105.141286,,,,,,,,,,,,,,,,
2022-07-26,10.403175,105.123726,118.275,118.275,118.275,75.081,75.081,75.081,29.0,29.0,29.0,29.57,29.57,29.57,0.43310546875,0.43310546875,0.43310546875,43.194
2022-07-26,10.407581,105.1521,118.275,118.275,118.275,75.081,75.081,75.081,29.0,29.0,29.0,29.57,29.57,29.57,0.43310546875,0.43310546875,0.43310546875,43.194
2022-07-26,10.407982,105.123304,118.275,118.275,118.275,75.081,75.081,75.081,29.0,29.0,29.0,29.57,29.57,29.57,0.43310546875,0.43310546875,0.43310546875,43.194
2022-07-26,10.408214,105.131329,118.275,118.275,118.275,75.081,75.081,75.081,29.0,29.0,29.0,29.57,29.57,29.57,0.43310546875,0.43310546875,0.43310546875,43.194
2022-07-26,10.414613,105.125615,118.275,118.275,118.275,75.081,75.081,75.081,29.0,29.0,29.0,29.57,29.57,29.57,0.43310546875,0.43310546875,0.43310546875,43.194
2022-07-26,10.415236,105.156765,118.275,118.275,118.275,75.081,75.081,75.081,29.0,29.0,29.0,29.57,29.57,29.57,0.43310546875,0.43310546875,0.43310546875,43.194
2022-07-26,10.419552,105.116409,118.275,118.275,118.275,75.081,75.081,75.081,29.0,29.0,29.0,29.57,29.57,29.57,0.43310546875,0.43310546875,0.43310546875,43.194
2022-07-26,10.420174,105.16361,118.275,118.275,118.275,75.081,75.081,75.081,29.0,29.0,29.0,29.57,29.57,29.57,0.43310546875,0.43310546875,0.43310546875,43.194
2022-07-26,10.421066,105.136822,118.275,118.275,118.275,75.081,75.081,75.081,29.0,29.0,29.0,29.57,29.57,29.57,0.43310546875,0.43310546875,0.43310546875,43.194
2022-07-26,10.422463,105.151846,118.275,118.275,118.275,75.081,75.081,75.081,29.0,29.0,29.0,29.57,29.57,29.57,0.43310546875,0.43310546875,0.43310546875,43.194
2022-07-26,10.42324,105.126544,118.275,118.275,118.275,75.081,75.081,75.081,29.0,29.0,29.0,29.57,29.57,29.57,0.43310546875,0.43310546875,0.43310546875,43.194
2022-07-26,10.429142,105.151556,118.275,118.275,118.275,75.081,75.081,75.081,29.0,29.0,29.0,29.57,29.57,29.57,0.43310546875,0.43310546875,0.43310546875,43.194
2022-07-26,10.429212,105.141436,118.275,118.275,118.275,75.081,75.081,75.081,29.0,29.0,29.0,29.57,29.57,29.57,0.43310546875,0.43310546875,0.43310546875,43.194
2022-07-26,10.429339,105.125493,118.275,118.275,118.275,75.081,75.081,75.081,29.0,29.0,29.0,29.57,29.57,29.57,0.43310546875,0.43310546875,0.43310546875,43.194
2022-07-26,10.43062,105.165627,118.275,118.275,118.275,75.081,75.081,75.081,29.0,29.0,29.0,29.57,29.57,29.57,0.43310546875,0.43310546875,0.43310546875,43.194
2022-07-26,10.438048,105.153225,,,,,,,,,,,,,,,,
2022-07-28,10.406597,105.221367,114.47,114.47,114.47,270.522,270.522,270.522,29.09,29.09,29.09,29.63,29.63,29.63,0.4120362599690755,0.4120362599690755,0.4120362599690755,0.0
2022-07-28,10.407515,105.229231,114.47,114.47,114.47,270.522,270.522,270.522,29.09,29.09,29.09,29.63,29.63,29.63,0.4120362599690755,0.4120362599690755,0.4120362599690755,0.0
2022-07-28,10.410742,105.220616,114.47,114.47,114.47,270.522,270.522,270.522,29.09,29.09,29.09,29.63,29.63,29.63,0.4120362599690755,0.4120362599690755,0.4120362599690755,0.0
2022-07-28,10.412925,105.251545,,,,,,,,,,,,,,,,
2022-07-28,10.413742,105.22261,114.47,114.47,114.47,270.522,270.522,270.522,29.09,29.09,29.09,29.63,29.63,29.63,0.4120362599690755,0.4120362599690755,0.4120362599690755,0.0
2022-07-28,10.413908,105.234515,114.47,114.47,114.47,270.522,270.522,270.522,29.09,29.09,29.09,29.63,29.63,29.63,0.4120362599690755,0.4120362599690755,0.4120362599690755,0.0
2022-07-28,10.417011,105.261676,114.47,114.47,114.47,270.522,270.522,270.522,29.09,29.09,29.09,29.63,29.63,29.63,0.4120362599690755,0.4120362599690755,0.4120362599690755,0.0
2022-07-28,10.420483,105.223648,114.47,114.47,114.47,270.522,270.522,270.522,29.09,29.09,29.09,29.63,29.63,29.63,0.4120362599690755,0.4120362599690755,0.4120362599690755,0.0
2022-07-28,10.430085,105.221996,114.47,114.47,114.47,270.522,270.522,270.522,29.09,29.09,29.09,29.63,29.63,29.63,0.4120362599690755,0.4120362599690755,0.4120362599690755,0.0
2022-07-28,10.432459,105.260003,114.47,114.47,114.47,270.522,270.522,270.522,29.09,29.09,29.09,29.63,29.63,29.63,0.4120362599690755,0.4120362599690755,0.4120362599690755,0.0
2022-07-28,10.436907,105.236241,,,,,,,,,,,,,,,,
2022-07-28,10.443488,105.236111,114.47,114.47,114.47,270.522,270.522,270.522,29.09,29.09,29.09,29.63,29.63,29.63,0.4120362599690755,0.4120362599690755,0.4120362599690755,0.0
2022-07-28,10.451085,105.243664,114.47,114.47,114.47,270.522,270.522,270.522,29.09,29.09,29.09,29.63,29.63,29.63,0.4120362599690755,0.4120362599690755,0.4120362599690755,0.0
2022-07-28,10.467229,105.24767,114.47,114.47,114.47,270.522,270.522,270.522,29.09,29.09,29.09,29.63,29.63,29.63,0.4120362599690755,0.4120362599690755,0.4120362599690755,0.0
2022-07-28,10.505349,105.165087,113.871,113.871,113.871,368.063,368.063,368.063,28.91,28.91,28.91,29.47,29.47,29.47,0.42499542236328125,0.42499542236328125,0.42499542236328125,0.0
2022-07-28,10.51191,105.170596,,,,,,,,,,,,,,,,
2022-07-28,10.521024,105.146349,113.871,113.871,113.871,368.063,368.063,368.063,28.91,28.91,28.91,29.47,29.47,29.47,0.42499542236328125,0.42499542236328125,0.42499542236328125,0.0
2022-07-28,10.522164,105.178664,113.871,113.871,113.871,368.063,368.063,368.063,28.91,28.91,28.91,29.47,29.47,29.47,0.42499542236328125,0.42499542236328125,0.42499542236328125,0.0
2022-07-28,10.534615,105.134916,113.871,113.871,113.871,368.063,368.063,368.063,28.91,28.91,28.91,29.47,29.47,29.47,0.42499542236328125,0.42499542236328125,0.42499542236328125,0.0
2022-07-28,10.542192,105.18792,113.871,113.871,113.871,368.063,368.063,368.063,28.91,28.91,28.91,29.47,29.47,29.47,0.42499542236328125,0.42499542236328125,0.42499542236328125,0.0
2022-07-28,10.546629,105.163964,113.871,113.871,113.871,368.063,368.063,368.063,28.91,28.91,28.91,29.47,29.47,29.47,0.42499542236328125,0.42499542236328125,0.42499542236328125,0.0
2022-07-28,10.546679,105.126512,113.871,113.871,113.871,368.063,368.063,368.063,28.91,28.91,28.91,29.47,29.47,29.47,0.42499542236328125,0.42499542236328125,0.42499542236328125,0.0
2022-07-28,10.546857,105.181035,113.871,113.871,113.871,368.063,368.063,368.063,28.91,28.91,28.91,29.47,29.47,29.47,0.42499542236328125,0.42499542236328125,0.42499542236328125,0.0
2022-07-28,10.547628,105.146859,113.871,113.871,113.871,368.063,368.063,368.063,28.91,28.91,28.91,29.47,29.47,29.47,0.42499542236328125,0.42499542236328125,0.42499542236328125,0.0
2022-07-28,10.555822,105.1711,113.871,113.871,113.871,368.063,368.063,368.063,28.91,28.91,28.91,29.47,29.47,29.47,0.42499542236328125,0.42499542236328125,0.42499542236328125,0.0
2022-07-28,10.560601,105.1792,113.871,113.871,113.871,368.063,368.063,368.063,28.91,28.91,28.91,29.47,29.47,29.47,0.42499542236328125,0.42499542236328125,0.42499542236328125,0.0
2022-07-28,10.565735,105.172074,113.871,113.871,113.871,368.063,368.063,368.063,28.91,28.91,28.91,29.47,29.47,29.47,0.42499542236328125,0.42499542236328125,0.42499542236328125,0.0
2022-08-04,10.354744,105.336739,108.76,108.76,108.76,150.556,150.556,150.556,28.12,28.12,28.12,28.77,28.77,28.77,0.41028086344401044,0.41028086344401044,0.41028086344401044,0.0
2022-08-04,10.359519,105.360913,108.76,108.76,108.76,150.556,150.556,150.556,28.12,28.12,28.12,28.77,28.77,28.77,0.41028086344401044,0.41028086344401044,0.41028086344401044,0.0
2022-08-04,10.363786,105.288188,108.166,108.166,108.166,142.252,142.252,142.252,28.0,28.0,28.0,28.62,28.62,28.62,0.41739463806152344,0.41739463806152344,0.41739463806152344,0.0
2022-08-04,10.369692,105.29684,108.166,108.166,108.166,142.252,142.252,142.252,28.0,28.0,28.0,28.62,28.62,28.62,0.41739463806152344,0.41739463806152344,0.41739463806152344,0.0
2022-08-04,10.374447,105.330923,,,,,,,,,,,,,,,,
2022-08-04,10.38045,105.349866,108.76,108.76,108.76,150.556,150.556,150.556,28.12,28.12,28.12,28.77,28.77,28.77,0.41028086344401044,0.41028086344401044,0.41028086344401044,0.0
2022-08-05,10.548566,105.198194,114.593,114.593,114.593,14.493,14.493,14.493,28.05,28.05,28.05,28.63,28.63,28.63,0.41467730204264325,0.41467730204264325,0.41467730204264325,100.1
2022-08-05,10.557257,105.1886,114.593,114.593,114.593,14.493,14.493,14.493,28.05,28.05,28.05,28.63,28.63,28.63,0.41467730204264325,0.41467730204264325,0.41467730204264325,100.1
2022-08-05,10.565493,105.106594,114.593,114.593,114.593,14.493,14.493,14.493,28.05,28.05,28.05,28.63,28.63,28.63,0.41467730204264325,0.41467730204264325,0.41467730204264325,100.1
2022-08-05,10.56984,105.190938,114.593,114.593,114.593,14.493,14.493,14.493,28.05,28.05,28.05,28.63,28.63,28.63,0.41467730204264325,0.41467730204264325,0.41467730204264325,100.1
2022-08-05,10.571202,105.135919,114.593,114.593,114.593,14.493,14.493,14.493,28.05,28.05,28.05,28.63,28.63,28.63,0.41467730204264325,0.41467730204264325,0.41467730204264325,100.1
2022-08-05,10.571793,105.16066,114.593,114.593,114.593,14.493,14.493,14.493,28.05,28.05,28.05,28.63,28.63,28.63,0.41467730204264325,0.41467730204264325,0.41467730204264325,100.1
2022-08-05,10.576126,105.183375,114.593,114.593,114.593,14.493,14.493,14.493,28.05,28.05,28.05,28.63,28.63,28.63,0.41467730204264325,0.41467730204264325,0.41467730204264325,100.1
2022-08-05,10.58174,105.119446,114.593,114.593,114.593,14.493,14.493,14.493,28.05,28.05,28.05,28.63,28.63,28.63,0.41467730204264325,0.41467730204264325,0.41467730204264325,100.1
2022-08-05,10.585739,105.193578,114.593,114.593,114.593,14.493,14.493,14.493,28.05,28.05,28.05,28.63,28.63,28.63,0.41467730204264325,0.41467730204264325,0.41467730204264325,100.1
2022-08-05,10.588345,105.091229,,,,,,,,,,,,,,,,
2022-08-05,10.590564,105.128439,114.593,114.593,114.593,14.493,14.493,14.493,28.05,28.05,28.05,28.63,28.63,28.63,0.41467730204264325,0.41467730204264325,0.41467730204264325,100.1
2022-08-05,10.592696,105.11414,114.593,114.593,114.593,14.493,14.493,14.493,28.05,28.05,28.05,28.63,28.63,28.63,0.41467730204264325,0.41467730204264325,0.41467730204264325,100.1
2022-08-05,10.59278,105.103464,114.593,114.593,114.593,14.493,14.493,14.493,28.05,28.05,28.05,28.63,28.63,28.63,0.41467730204264325,0.41467730204264325,0.41467730204264325,100.1
2022-08-05,10.593644,105.075243,116.49,116.49,116.49,14.91,14.91,14.91,28.1,28.1,28.1,28.68,28.68,28.68,0.4332129160563151,0.4332129160563151,0.4332129160563151,101.58
2022-08-05,10.608536,105.076041,116.778,116.778,116.778,13.289,13.289,13.289,28.1,28.1,28.1,28.66,28.66,28.66,0.4031575520833333,0.4031575520833333,0.4031575520833333,103.489
2022-08-05,10.612095,105.141919,,,,,,,,,,,,,,,,
2022-08-05,10.612317,105.116551,,,,,,,,,,,,,,,,
2022-08-05,10.619493,105.095029,116.778,116.778,116.778,13.289,13.289,13.289,28.1,28.1,28.1,28.66,28.66,28.66,0.4031575520833333,0.4031575520833333,0.4031575520833333,103.489
2022-08-05,10.623506,105.132794,111.287,111.287,111.287,12.398,12.398,12.398,28.14,28.14,28.14,28.72,28.72,28.72,0.3895486195882161,0.3895486195882161,0.3895486195882161,98.889
2022-08-05,10.625462,105.098238,,,,,,,,,,,,,,,,
2022-08-05,10.628311,105.12253,111.287,111.287,111.287,12.398,12.398,12.398,28.14,28.14,28.14,28.72,28.72,28.72,0.3895486195882161,0.3895486195882161,0.3895486195882161,98.889
2022-08-05,10.634849,105.13078,111.287,111.287,111.287,12.398,12.398,12.398,28.14,28.14,28.14,28.72,28.72,28.72,0.3895486195882161,0.3895486195882161,0.3895486195882161,98.889
2022-08-05,10.636733,105.155635,,,,,,,,,,,,,,,,
2022-08-05,10.649258,105.142121,,,,,,,,,,,,,,,,
2022-08-05,10.663484,105.168203,,,,,,,,,,,,,,,,
2022-08-09,10.585209,105.164803,81.91,81.91,81.91,70.958,70.958,70.958,26.52,26.52,26.52,27.32,27.32,27.32,0.4277687072753906,0.4277687072753906,0.4277687072753906,10.951
2022-08-09,10.594603,105.175686,81.91,81.91,81.91,70.958,70.958,70.958,26.52,26.52,26.52,27.32,27.32,27.32,0.4277687072753906,0.4277687072753906,0.4277687072753906,10.951
2022-08-09,10.603991,105.147312,81.195,81.195,81.195,73.906,73.906,73.906,26.73,26.73,26.73,27.47,27.47,27.47,0.40722020467122394,0.40722020467122394,0.40722020467122394,7.289
2022-08-09,10.605148,105.164514,81.195,81.195,81.195,73.906,73.906,73.906,26.73,26.73,26.73,27.47,27.47,27.47,0.40722020467122394,0.40722020467122394,0.40722020467122394,7.289
2022-08-09,10.615175,105.153736,81.195,81.195,81.195,73.906,73.906,73.906,26.73,26.73,26.73,27.47,27.47,27.47,0.40722020467122394,0.40722020467122394,0.40722020467122394,7.289
2022-08-09,10.619835,105.201297,81.195,87.003,89.907,107.097,96.033,73.906,26.73,26.58,26.5,27.47,27.34,27.28,0.4138724009195964,0.41165500217013895,0.40722020467122394,0.0
2022-08-09,10.621354,105.162316,81.195,81.195,81.195,73.906,73.906,73.906,26.73,26.73,26.73,27.47,27.47,27.47,0.40722020467122394,0.40722020467122394,0.40722020467122394,7.289
2022-08-09,10.633572,105.172813,81.195,81.195,81.195,73.906,73.906,73.906,26.73,26.73,26.73,27.47,27.47,27.47,0.40722020467122394,0.40722020467122394,0.40722020467122394,7.289
