date,ALLSKY_SFC_SW_DWN,RH2M,T2M,T2M_MAX,T2M_MIN,WS2M,latitude,longitude,DEW POINT TEMPERATURE,DTR,VPD
2022-04-05,19.16,82.04,27.46,31.49,24.17,3.54,10.195117,105.200047,24.11218898430279,7.319999999999997,0.6578202216285338
2022-07-20,6.87,90.71,26.95,28.36,25.86,3.03,10.195117,105.200047,25.29683192548107,2.5,0.330249753982945
2022-07-20,6.87,90.71,26.95,28.36,25.86,3.03,10.205563,105.193771,25.29683192548107,2.5,0.330249753982945
2022-04-05,19.16,82.04,27.46,31.49,24.17,3.54,10.208515,105.202809,24.11218898430279,7.319999999999997,0.6578202216285338
2022-07-20,6.87,90.71,26.95,28.36,25.86,3.03,10.208515,105.202809,25.29683192548107,2.5,0.330249753982945
2022-07-20,6.87,90.71,26.95,28.36,25.86,3.03,10.212886,105.174836,25.29683192548107,2.5,0.330249753982945
2022-07-20,6.87,90.71,26.95,28.36,25.86,3.03,10.214156,105.214175,25.29683192548107,2.5,0.330249753982945
2022-04-05,19.16,82.04,27.46,31.49,24.17,3.54,10.22418,105.198785,24.11218898430279,7.319999999999997,0.6578202216285338
2022-04-05,19.16,82.04,27.46,31.49,24.17,3.54,10.227343,105.230821,24.11218898430279,7.319999999999997,0.6578202216285338
2022-04-22,21.63,81.49,28.51,33.06,25.54,3.02,10.227394,105.164987,25.02264063734746,7.520000000000003,0.7207122775728727
2022-07-20,6.87,90.71,26.95,28.36,25.86,3.03,10.227394,105.164987,25.29683192548107,2.5,0.330249753982945
2022-04-05,19.16,82.04,27.46,31.49,24.17,3.54,10.228207,105.177659,24.11218898430279,7.319999999999997,0.6578202216285338
2022-07-20,6.87,90.71,26.95,28.36,25.86,3.03,10.232673,105.15164,25.29683192548107,2.5,0.330249753982945
2022-04-05,19.16,82.04,27.46,31.49,24.17,3.54,10.236082,105.210347,24.11218898430279,7.319999999999997,0.6578202216285338
2022-04-20,21.24,81.74,28.26,32.67,24.51,2.67,10.23625,105.234527,24.830563741900388,8.16,0.700733361230617
2022-04-20,21.24,81.74,28.26,32.67,24.51,2.67,10.244181,105.230614,24.830563741900388,8.16,0.700733361230617
2022-07-22,23.62,77.54,28.2,31.13,25.08,0.84,10.244181,105.230614,23.8898315526181,6.050000000000001,0.8589090352549394
2022-04-22,21.63,81.49,28.51,33.06,25.54,3.02,10.245058,105.178415,25.02264063734746,7.520000000000003,0.7207122775728727
2022-07-20,6.87,90.71,26.95,28.36,25.86,3.03,10.245058,105.178415,25.29683192548107,2.5,0.330249753982945
2022-07-20,6.87,90.71,26.95,28.36,25.86,3.03,10.246984,105.216849,25.29683192548107,2.5,0.330249753982945
2022-04-10,19.36,82.88,27.58,31.4,24.33,1.48,10.248814,105.361138,24.39953756661737,7.07,0.6314662097798664
2022-07-20,6.87,92.63,26.48,28.64,24.85,2.16,10.248814,105.361138,25.184821784023452,3.789999999999999,0.2548551026133851
2022-04-10,19.36,82.88,27.58,31.4,24.33,1.48,10.249044,105.347198,24.39953756661737,7.07,0.6314662097798664
2022-07-20,6.87,92.63,26.48,28.64,24.85,2.16,10.249044,105.347198,25.184821784023452,3.789999999999999,0.2548551026133851
2022-04-22,21.63,81.49,28.51,33.06,25.54,3.02,10.24991,105.206339,25.02264063734746,7.520000000000003,0.7207122775728727
2022-07-22,23.62,79.44,27.97,31.62,24.08,0.73,10.250745,105.24539,24.07069434896019,7.540000000000003,0.7757972023291232
2022-04-10,19.36,83.09,27.63,31.63,24.27,1.63,10.252308,105.334358,24.490716162434726,7.359999999999999,0.625544333307912
2022-04-22,21.63,79.9,28.5,33.77,24.85,2.29,10.254048,105.172039,24.682030058433043,8.920000000000002,0.7821672857682282
2022-07-20,6.87,92.59,26.64,28.64,25.02,2.61,10.254048,105.172039,25.335976457808076,3.620000000000001,0.25866298156386003
2022-04-22,21.63,79.9,28.5,33.77,24.85,2.29,10.255579,105.190922,24.682030058433043,8.920000000000002,0.7821672857682282
2022-04-20,21.24,80.99,27.97,32.59,23.86,1.47,10.257436,105.217205,24.393652040431206,8.730000000000004,0.7173105455387468
2022-03-28,19.65,77.37,28.8,33.86,25.0,1.3,10.257715,105.375007,24.43377241042045,8.86,0.8960603380673319
2022-07-12,11.11,94.19,26.0,27.4,24.96,3.54,10.257715,105.375007,24.98995440418559,2.4399999999999977,0.1952996540418091
2022-04-10,19.36,83.09,27.63,31.63,24.27,1.63,10.258961,105.323388,24.490716162434726,7.359999999999999,0.625544333307912
2022-07-20,6.87,92.96,26.47,28.83,24.61,2.26,10.258961,105.323388,25.234797351114793,4.219999999999999,0.24330033151965255
2022-07-05,18.78,91.3,27.06,29.6,25.05,2.48,10.262288,105.409359,25.51483388826865,4.550000000000001,0.31127813123795234
2022-04-22,21.63,79.9,28.5,33.77,24.85,2.29,10.262681,105.14739,24.682030058433043,8.920000000000002,0.7821672857682282
2022-07-25,19.74,86.46,27.42,30.49,24.54,1.33,10.262681,105.14739,24.95208659741062,5.949999999999999,0.49477048235839516
2022-04-22,21.63,79.9,28.5,33.77,24.85,2.29,10.262836,105.117192,24.682030058433043,8.920000000000002,0.7821672857682282
2022-04-20,21.24,80.99,27.97,32.59,23.86,1.47,10.265814,105.21507,24.393652040431206,8.730000000000004,0.7173105455387468
2022-04-22,21.63,79.9,28.5,33.77,24.85,2.29,10.265977,105.125368,24.682030058433043,8.920000000000002,0.7821672857682282
2022-07-20,6.87,92.59,26.64,28.64,25.02,2.61,10.265977,105.125368,25.335976457808076,3.620000000000001,0.25866298156386003
2022-07-20,6.87,92.96,26.47,28.83,24.61,2.26,10.268095,105.344826,25.234797351114793,4.219999999999999,0.24330033151965255
2022-07-20,6.87,92.96,26.47,28.83,24.61,2.26,10.268524,105.337611,25.234797351114793,4.219999999999999,0.24330033151965255
2022-04-22,21.63,79.9,28.5,33.77,24.85,2.29,10.270486,105.19207,24.682030058433043,8.920000000000002,0.7821672857682282
2022-04-10,19.36,83.09,27.63,31.63,24.27,1.63,10.27049,105.316832,24.490716162434726,7.359999999999999,0.625544333307912
2022-07-05,18.78,91.3,27.06,29.6,25.05,2.48,10.270666,105.424059,25.51483388826865,4.550000000000001,0.31127813123795234
2022-04-10,19.36,82.44,27.81,31.8,24.75,1.74,10.272277,105.291556,24.534853223742125,7.050000000000001,0.6564479686942216
2022-07-20,6.87,92.59,26.64,28.64,25.02,2.61,10.272277,105.291556,25.335976457808076,3.620000000000001,0.25866298156386003
2022-04-20,21.24,80.99,27.97,32.59,23.86,1.47,10.275419,105.234563,24.393652040431206,8.730000000000004,0.7173105455387468
2022-04-20,21.24,80.99,27.97,32.59,23.86,1.47,10.275776,105.258985,24.393652040431206,8.730000000000004,0.7173105455387468
2022-07-22,23.62,79.44,27.97,31.62,24.08,0.73,10.275776,105.258985,24.07069434896019,7.540000000000003,0.7757972023291232
2022-03-28,19.65,77.37,28.8,33.86,25.0,1.3,10.275826,105.364451,24.43377241042045,8.86,0.8960603380673319
2022-07-12,11.11,94.19,26.0,27.4,24.96,3.54,10.275826,105.364451,24.98995440418559,2.4399999999999977,0.1952996540418091
2022-04-10,19.36,82.44,27.81,31.8,24.75,1.74,10.277579,105.307934,24.534853223742125,7.050000000000001,0.6564479686942216
2022-07-20,6.87,92.59,26.64,28.64,25.02,2.61,10.277579,105.307934,25.335976457808076,3.620000000000001,0.25866298156386003
2022-04-22,21.63,79.9,28.5,33.77,24.85,2.29,10.279364,105.19089,24.682030058433043,8.920000000000002,0.7821672857682282
2022-04-20,21.24,80.99,27.97,32.59,23.86,1.47,10.280379,105.241273,24.393652040431206,8.730000000000004,0.7173105455387468
2022-07-22,23.62,79.44,27.97,31.62,24.08,0.73,10.280407,105.223352,24.07069434896019,7.540000000000003,0.7757972023291232
2022-04-22,21.63,79.9,28.5,33.77,24.85,2.29,10.281814,105.114918,24.682030058433043,8.920000000000002,0.7821672857682282
2022-04-20,21.24,80.99,27.97,32.59,23.86,1.47,10.281994,105.246519,24.393652040431206,8.730000000000004,0.7173105455387468
2022-07-22,23.62,79.44,27.97,31.62,24.08,0.73,10.281994,105.246519,24.07069434896019,7.540000000000003,0.7757972023291232
2022-07-20,6.87,92.59,26.64,28.64,25.02,2.61,10.282365,105.276189,25.335976457808076,3.620000000000001,0.25866298156386003
2022-04-10,19.36,83.09,27.63,31.63,24.27,1.63,10.282445,105.330149,24.490716162434726,7.359999999999999,0.625544333307912
2022-07-20,6.87,92.96,26.47,28.83,24.61,2.26,10.282445,105.330149,25.234797351114793,4.219999999999999,0.24330033151965255
2022-03-18,16.65,64.88,30.31,37.21,24.47,0.68,10.282741,105.414218,22.947909756383066,12.740000000000002,1.5168666447013646
2022-07-05,18.78,91.3,27.06,29.6,25.05,2.48,10.282741,105.414218,25.51483388826865,4.550000000000001,0.31127813123795234
2022-04-22,21.63,79.9,28.5,33.77,24.85,2.29,10.283009,105.129752,24.682030058433043,8.920000000000002,0.7821672857682282
2022-04-20,21.24,80.99,27.97,32.59,23.86,1.47,10.283233,105.260351,24.393652040431206,8.730000000000004,0.7173105455387468
2022-07-22,23.62,79.44,27.97,31.62,24.08,0.73,10.283233,105.260351,24.07069434896019,7.540000000000003,0.7757972023291232
2022-04-22,21.63,79.9,28.5,33.77,24.85,2.29,10.284027,105.15814,24.682030058433043,8.920000000000002,0.7821672857682282
2022-07-25,19.74,86.46,27.42,30.49,24.54,1.33,10.284027,105.15814,24.95208659741062,5.949999999999999,0.49477048235839516
2022-04-22,21.63,79.9,28.5,33.77,24.85,2.29,10.284175,105.143442,24.682030058433043,8.920000000000002,0.7821672857682282
2022-07-22,23.62,79.44,27.97,31.62,24.08,0.73,10.284315,105.252391,24.07069434896019,7.540000000000003,0.7757972023291232
2022-04-22,21.63,79.9,28.5,33.77,24.85,2.29,10.286013,105.107472,24.682030058433043,8.920000000000002,0.7821672857682282
2022-04-10,19.36,83.09,27.63,31.63,24.27,1.63,10.28697,105.341571,24.490716162434726,7.359999999999999,0.625544333307912
2022-07-23,18.59,81.73,28.35,31.2,25.53,0.53,10.287565,105.192862,24.91620180634639,5.669999999999998,0.7047923609856878
2022-04-16,15.17,81.66,28.33,31.91,25.63,1.76,10.28859,105.207594,24.882322232506183,6.280000000000001,0.7066714128202889
2022-04-10,19.36,83.09,27.63,31.63,24.27,1.63,10.290802,105.32462,24.490716162434726,7.359999999999999,0.625544333307912
2022-07-23,18.59,81.73,28.35,31.2,25.53,0.53,10.290816,105.182958,24.91620180634639,5.669999999999998,0.7047923609856878
2022-04-10,19.36,82.44,27.81,31.8,24.75,1.74,10.291025,105.299533,24.534853223742125,7.050000000000001,0.6564479686942216
2022-03-28,19.65,77.37,28.8,33.86,25.0,1.3,10.292156,105.361294,24.43377241042045,8.86,0.8960603380673319
2022-03-18,16.65,64.88,30.31,37.21,24.47,0.68,10.292251,105.405536,22.947909756383066,12.740000000000002,1.5168666447013646
2022-07-05,18.78,91.3,27.06,29.6,25.05,2.48,10.292251,105.405536,25.51483388826865,4.550000000000001,0.31127813123795234
2022-04-13,21.33,81.05,28.37,33.04,24.71,2.28,10.29466,105.248528,24.795377031149727,8.329999999999998,0.7318738473889385
2022-04-09,19.79,80.99,27.8,31.74,24.38,1.68,10.297494,105.145318,24.228196758627018,7.359999999999999,0.710239252237945
2022-07-25,19.74,86.46,27.42,30.49,24.54,1.33,10.297494,105.145318,24.95208659741062,5.949999999999999,0.49477048235839516
2022-04-10,19.36,82.44,27.81,31.8,24.75,1.74,10.298963,105.275991,24.534853223742125,7.050000000000001,0.6564479686942216
2022-07-20,6.87,92.59,26.64,28.64,25.02,2.61,10.298963,105.275991,25.335976457808076,3.620000000000001,0.25866298156386003
2022-07-23,18.59,81.73,28.35,31.2,25.53,0.53,10.299014,105.215448,24.91620180634639,5.669999999999998,0.7047923609856878
2022-03-18,16.65,64.88,30.31,37.21,24.47,0.68,10.303175,105.416814,22.947909756383066,12.740000000000002,1.5168666447013646
2022-07-05,18.78,91.3,27.06,29.6,25.05,2.48,10.303175,105.416814,25.51483388826865,4.550000000000001,0.31127813123795234
2022-07-12,11.11,94.19,26.0,27.4,24.96,3.54,10.303437,105.381252,24.98995440418559,2.4399999999999977,0.1952996540418091
2022-04-13,21.33,81.05,28.37,33.04,24.71,2.28,10.303589,105.234936,24.795377031149727,8.329999999999998,0.7318738473889385
2022-07-20,6.87,92.59,26.64,28.64,25.02,2.61,10.303589,105.234936,25.335976457808076,3.620000000000001,0.25866298156386003
2022-03-28,19.65,77.37,28.8,33.86,25.0,1.3,10.3037,105.354593,24.43377241042045,8.86,0.8960603380673319
2022-07-12,11.11,94.19,26.0,27.4,24.96,3.54,10.3037,105.354593,24.98995440418559,2.4399999999999977,0.1952996540418091
2022-07-23,18.59,81.73,28.35,31.2,25.53,0.53,10.303766,105.203102,24.91620180634639,5.669999999999998,0.7047923609856878
2022-04-13,21.33,81.05,28.37,33.04,24.71,2.28,10.304295,105.27046,24.795377031149727,8.329999999999998,0.7318738473889385
2022-07-20,6.87,92.96,26.47,28.83,24.61,2.26,10.306769,105.34023,25.234797351114793,4.219999999999999,0.24330033151965255
2022-04-10,19.36,82.44,27.81,31.8,24.75,1.74,10.306886,105.290958,24.534853223742125,7.050000000000001,0.6564479686942216
2022-04-09,19.79,80.99,27.8,31.74,24.38,1.68,10.30701,105.130668,24.228196758627018,7.359999999999999,0.710239252237945
2022-07-25,19.74,86.46,27.42,30.49,24.54,1.33,10.30701,105.130668,24.95208659741062,5.949999999999999,0.49477048235839516
2022-04-13,21.33,81.05,28.37,33.04,24.71,2.28,10.307585,105.254064,24.795377031149727,8.329999999999998,0.7318738473889385
2022-04-16,15.17,81.66,28.33,31.91,25.63,1.76,10.309139,105.215737,24.882322232506183,6.280000000000001,0.7066714128202889
2022-07-23,18.59,81.73,28.35,31.2,25.53,0.53,10.309139,105.215737,24.91620180634639,5.669999999999998,0.7047923609856878
2022-04-10,19.36,83.09,27.63,31.63,24.27,1.63,10.309795,105.31553,24.490716162434726,7.359999999999999,0.625544333307912
2022-03-28,19.65,77.37,28.8,33.86,25.0,1.3,10.314233,105.359823,24.43377241042045,8.86,0.8960603380673319
2022-07-12,11.11,94.19,26.0,27.4,24.96,3.54,10.314233,105.359823,24.98995440418559,2.4399999999999977,0.1952996540418091
2022-07-20,6.87,92.59,26.64,28.64,25.02,2.61,10.3154,105.280846,25.335976457808076,3.620000000000001,0.25866298156386003
2022-04-10,19.36,82.44,27.81,31.8,24.75,1.74,10.316024,105.309873,24.534853223742125,7.050000000000001,0.6564479686942216
2022-07-20,6.87,92.59,26.64,28.64,25.02,2.61,10.316024,105.309873,25.335976457808076,3.620000000000001,0.25866298156386003
2022-04-16,15.17,81.66,28.33,31.91,25.63,1.76,10.318227,105.218967,24.882322232506183,6.280000000000001,0.7066714128202889
2022-07-23,18.59,81.73,28.35,31.2,25.53,0.53,10.318227,105.218967,24.91620180634639,5.669999999999998,0.7047923609856878
2022-07-12,11.11,94.19,26.0,27.4,24.96,3.54,10.31856,105.374468,24.98995440418559,2.4399999999999977,0.1952996540418091
2022-07-23,18.59,81.73,28.35,31.2,25.53,0.53,10.319027,105.191902,24.91620180634639,5.669999999999998,0.7047923609856878
2022-04-13,21.33,81.05,28.37,33.04,24.71,2.28,10.319903,105.230831,24.795377031149727,8.329999999999998,0.7318738473889385
2022-07-20,6.87,92.59,26.64,28.64,25.02,2.61,10.319903,105.230831,25.335976457808076,3.620000000000001,0.25866298156386003
2022-07-25,19.74,86.46,27.42,30.49,24.54,1.33,10.320247,105.141848,24.95208659741062,5.949999999999999,0.49477048235839516
2022-07-20,6.87,92.59,26.64,28.64,25.02,2.61,10.320371,105.259016,25.335976457808076,3.620000000000001,0.25866298156386003
2022-07-12,11.11,94.19,26.0,27.4,24.96,3.54,10.320676,105.364971,24.98995440418559,2.4399999999999977,0.1952996540418091
2022-03-18,16.65,64.88,30.31,37.21,24.47,0.68,10.320924,105.404264,22.947909756383066,12.740000000000002,1.5168666447013646
2022-04-16,15.17,81.66,28.33,31.91,25.63,1.76,10.321392,105.177554,24.882322232506183,6.280000000000001,0.7066714128202889
2022-07-23,18.59,81.73,28.35,31.2,25.53,0.53,10.321392,105.177554,24.91620180634639,5.669999999999998,0.7047923609856878
2022-07-20,6.87,92.59,26.64,28.64,25.02,2.61,10.325047,105.251136,25.335976457808076,3.620000000000001,0.25866298156386003
2022-07-25,19.74,86.46,27.42,30.49,24.54,1.33,10.325825,105.129268,24.95208659741062,5.949999999999999,0.49477048235839516
2022-07-20,6.87,92.96,26.47,28.83,24.61,2.26,10.327284,105.359541,25.234797351114793,4.219999999999999,0.24330033151965255
2022-04-12,21.59,81.83,28.06,32.48,24.31,1.75,10.327543,105.350908,24.65413626352178,8.169999999999998,0.6892164148475988
2022-07-20,6.87,92.96,26.47,28.83,24.61,2.26,10.327543,105.350908,25.234797351114793,4.219999999999999,0.24330033151965255
2022-07-20,6.87,92.96,26.47,28.83,24.61,2.26,10.327617,105.33024,25.234797351114793,4.219999999999999,0.24330033151965255
2022-04-16,15.17,81.66,28.33,31.91,25.63,1.76,10.327832,105.216844,24.882322232506183,6.280000000000001,0.7066714128202889
2022-07-23,18.59,81.73,28.35,31.2,25.53,0.53,10.327832,105.216844,24.91620180634639,5.669999999999998,0.7047923609856878
2022-04-10,19.36,82.44,27.81,31.8,24.75,1.74,10.328521,105.30163,24.534853223742125,7.050000000000001,0.6564479686942216
2022-04-13,21.33,81.05,28.37,33.04,24.71,2.28,10.331036,105.232626,24.795377031149727,8.329999999999998,0.7318738473889385
2022-04-13,21.33,81.05,28.37,33.04,24.71,2.28,10.33114,105.278682,24.795377031149727,8.329999999999998,0.7318738473889385
2022-07-20,6.87,92.59,26.64,28.64,25.02,2.61,10.33114,105.278682,25.335976457808076,3.620000000000001,0.25866298156386003
2022-04-12,21.59,80.47,28.25,32.54,24.97,2.09,10.331447,105.158675,24.55819484380857,7.57,0.7490345980684868
2022-07-12,11.11,93.35,26.23,27.43,25.44,3.86,10.331447,105.158675,25.067434110883738,1.9899999999999984,0.22659304192761506
2022-04-13,21.33,81.05,28.37,33.04,24.71,2.28,10.332664,105.264027,24.795377031149727,8.329999999999998,0.7318738473889385
2022-07-12,11.11,94.19,26.0,27.4,24.96,3.54,10.334417,105.375498,24.98995440418559,2.4399999999999977,0.1952996540418091
2022-03-18,16.65,64.88,30.31,37.21,24.47,0.68,10.335158,105.395026,22.947909756383066,12.740000000000002,1.5168666447013646
2022-07-23,18.59,81.73,28.35,31.2,25.53,0.53,10.337185,105.197822,24.91620180634639,5.669999999999998,0.7047923609856878
2022-04-12,21.59,81.83,28.06,32.48,24.31,1.75,10.33791,105.357013,24.65413626352178,8.169999999999998,0.6892164148475988
2022-07-20,6.87,92.59,26.64,28.64,25.02,2.61,10.337977,105.288583,25.335976457808076,3.620000000000001,0.25866298156386003
2022-04-12,21.59,81.83,28.06,32.48,24.31,1.75,10.339092,105.325101,24.65413626352178,8.169999999999998,0.6892164148475988
2022-07-20,6.87,92.96,26.47,28.83,24.61,2.26,10.339092,105.325101,25.234797351114793,4.219999999999999,0.24330033151965255
2022-04-12,21.59,80.47,28.25,32.54,24.97,2.09,10.340626,105.172116,24.55819484380857,7.57,0.7490345980684868
2022-04-12,21.59,81.83,28.06,32.48,24.31,1.75,10.342217,105.346028,24.65413626352178,8.169999999999998,0.6892164148475988
2022-07-20,6.87,92.96,26.47,28.83,24.61,2.26,10.342217,105.346028,25.234797351114793,4.219999999999999,0.24330033151965255
2022-04-12,21.59,81.83,28.06,32.48,24.31,1.75,10.342299,105.365285,24.65413626352178,8.169999999999998,0.6892164148475988
2022-07-20,6.87,92.96,26.47,28.83,24.61,2.26,10.342299,105.365285,25.234797351114793,4.219999999999999,0.24330033151965255
2022-04-12,21.59,81.83,28.06,32.48,24.31,1.75,10.342809,105.315657,24.65413626352178,8.169999999999998,0.6892164148475988
2022-03-28,19.65,77.37,28.8,33.86,25.0,1.3,10.34297,105.382435,24.43377241042045,8.86,0.8960603380673319
2022-07-12,11.11,94.19,26.0,27.4,24.96,3.54,10.34297,105.382435,24.98995440418559,2.4399999999999977,0.1952996540418091
2022-04-12,21.59,80.47,28.25,32.54,24.97,2.09,10.345924,105.270456,24.55819484380857,7.57,0.7490345980684868
2022-07-20,6.87,92.59,26.64,28.64,25.02,2.61,10.345924,105.270456,25.335976457808076,3.620000000000001,0.25866298156386003
2022-04-12,21.59,80.47,28.25,32.54,24.97,2.09,10.346876,105.206507,24.55819484380857,7.57,0.7490345980684868
2022-07-23,18.59,81.73,28.35,31.2,25.53,0.53,10.346876,105.206507,24.91620180634639,5.669999999999998,0.7047923609856878
2022-07-12,11.11,93.35,26.23,27.43,25.44,3.86,10.35091,105.142796,25.067434110883738,1.9899999999999984,0.22659304192761506
2022-08-04,17.41,88.39,26.9,30.33,23.88,2.25,10.354744,105.336739,24.811799312081405,6.449999999999999,0.41151374148092884
2022-04-10,19.36,82.44,27.81,31.8,24.75,1.74,10.356519,105.30945,24.534853223742125,7.050000000000001,0.6564479686942216
2022-04-12,21.59,80.47,28.25,32.54,24.97,2.09,10.358094,105.189541,24.55819484380857,7.57,0.7490345980684868
2022-07-21,8.15,90.62,25.9,26.92,24.77,1.78,10.358094,105.189541,24.243290214526592,2.150000000000002,0.3134439761808746
2022-04-12,21.59,80.47,28.25,32.54,24.97,2.09,10.35853,105.127583,24.55819484380857,7.57,0.7490345980684868
2022-07-12,11.11,93.35,26.23,27.43,25.44,3.86,10.35853,105.127583,25.067434110883738,1.9899999999999984,0.22659304192761506
2022-07-21,8.15,90.62,25.9,26.92,24.77,1.78,10.358727,105.222371,24.243290214526592,2.150000000000002,0.3134439761808746
2022-04-10,19.36,83.09,27.63,31.63,24.27,1.63,10.359519,105.360913,24.490716162434726,7.359999999999999,0.625544333307912
2022-08-04,17.41,88.39,26.9,30.33,23.88,2.25,10.359519,105.360913,24.811799312081405,6.449999999999999,0.41151374148092884
2022-04-10,19.36,82.44,27.81,31.8,24.75,1.74,10.363786,105.288188,24.534853223742125,7.050000000000001,0.6564479686942216
2022-08-04,17.41,88.25,26.83,30.07,24.17,2.43,10.363786,105.288188,24.716306317786458,5.899999999999999,0.4147674293098771
2022-04-12,21.59,80.47,28.25,32.54,24.97,2.09,10.364419,105.164984,24.55819484380857,7.57,0.7490345980684868
2022-07-12,11.11,93.35,26.23,27.43,25.44,3.86,10.364419,105.164984,25.067434110883738,1.9899999999999984,0.22659304192761506
2022-04-10,19.36,83.09,27.63,31.63,24.27,1.63,10.364433,105.327337,24.490716162434726,7.359999999999999,0.625544333307912
2022-07-21,8.15,90.62,25.9,26.92,24.77,1.78,10.365734,105.267634,24.243290214526592,2.150000000000002,0.3134439761808746
2022-04-12,21.59,80.47,28.25,32.54,24.97,2.09,10.368014,105.238516,24.55819484380857,7.57,0.7490345980684868
2022-07-21,8.15,90.62,25.9,26.92,24.77,1.78,10.368014,105.238516,24.243290214526592,2.150000000000002,0.3134439761808746
2022-04-12,21.59,80.47,28.25,32.54,24.97,2.09,10.368598,105.136423,24.55819484380857,7.57,0.7490345980684868
2022-07-12,11.11,93.35,26.23,27.43,25.44,3.86,10.368598,105.136423,25.067434110883738,1.9899999999999984,0.22659304192761506
2022-08-04,17.41,88.25,26.83,30.07,24.17,2.43,10.369692,105.29684,24.716306317786458,5.899999999999999,0.4147674293098771
2022-04-10,19.36,82.44,27.81,31.8,24.75,1.74,10.369819,105.304833,24.534853223742125,7.050000000000001,0.6564479686942216
2022-03-22,15.4,82.6,27.56,31.49,25.1,2.14,10.370371,105.275589,24.32340394492977,6.389999999999997,0.6410445578849414
2022-07-19,16.3,91.98,27.29,29.64,25.65,3.01,10.370371,105.275589,25.86766694000002,3.990000000000002,0.29084132425575615
2022-03-25,24.32,79.29,28.88,34.16,25.29,1.97,10.37346,105.184697,24.922375101044477,8.869999999999997,0.823840279763745
2022-07-14,18.62,89.66,26.65,29.19,24.7,3.22,10.37346,105.184697,24.80498046868136,4.490000000000002,0.3611537133149726
2022-07-19,16.3,91.98,27.29,29.64,25.65,3.01,10.374004,105.228649,25.86766694000002,3.990000000000002,0.29084132425575615
2022-04-10,19.36,83.09,27.63,31.63,24.27,1.63,10.374447,105.330923,24.490716162434726,7.359999999999999,0.625544333307912
2022-08-04,17.41,88.39,26.9,30.33,23.88,2.25,10.374447,105.330923,24.811799312081405,6.449999999999999,0.41151374148092884
2022-07-19,16.3,91.98,27.29,29.64,25.65,3.01,10.374524,105.255016,25.86766694000002,3.990000000000002,0.29084132425575615
2022-07-14,18.62,89.66,26.65,29.19,24.7,3.22,10.375619,105.124248,24.80498046868136,4.490000000000002,0.3611537133149726
2022-03-27,20.9,80.8,28.64,32.65,25.38,1.54,10.375656,105.29185,25.006220070936045,7.27,0.7532338983974283
2022-07-17,17.45,91.4,26.96,29.13,25.28,2.6,10.375656,105.29185,25.43446017358027,3.849999999999998,0.30590044970022406
2022-03-22,15.4,82.6,27.56,31.49,25.1,2.14,10.375756,105.208993,24.32340394492977,6.389999999999997,0.6410445578849414
2022-07-19,16.3,91.98,27.29,29.64,25.65,3.01,10.375756,105.208993,25.86766694000002,3.990000000000002,0.29084132425575615
2022-03-25,24.32,79.29,28.88,34.16,25.29,1.97,10.377238,105.165363,24.922375101044477,8.869999999999997,0.823840279763745
2022-03-24,24.11,76.97,28.78,33.47,24.84,1.73,10.378511,105.144998,24.327700405379016,8.629999999999999,0.9108437745051863
2022-07-14,18.62,89.66,26.65,29.19,24.7,3.22,10.378511,105.144998,24.80498046868136,4.490000000000002,0.3611537133149726
2022-07-17,17.45,91.4,26.96,29.13,25.28,2.6,10.378696,105.309113,25.43446017358027,3.849999999999998,0.30590044970022406
2022-03-24,24.11,76.97,28.78,33.47,24.84,1.73,10.379507,105.154892,24.327700405379016,8.629999999999999,0.9108437745051863
2022-07-14,18.62,89.66,26.65,29.19,24.7,3.22,10.379507,105.154892,24.80498046868136,4.490000000000002,0.3611537133149726
2022-04-10,19.36,83.09,27.63,31.63,24.27,1.63,10.38045,105.349866,24.490716162434726,7.359999999999999,0.625544333307912
2022-08-04,17.41,88.39,26.9,30.33,23.88,2.25,10.38045,105.349866,24.811799312081405,6.449999999999999,0.41151374148092884
2022-03-22,15.4,82.6,27.56,31.49,25.1,2.14,10.380497,105.274972,24.32340394492977,6.389999999999997,0.6410445578849414
2022-03-25,24.32,79.29,28.88,34.16,25.29,1.97,10.381544,105.174719,24.922375101044477,8.869999999999997,0.823840279763745
2022-07-14,18.62,89.66,26.65,29.19,24.7,3.22,10.381544,105.174719,24.80498046868136,4.490000000000002,0.3611537133149726
2022-03-25,24.32,79.93,28.43,34.02,24.91,1.94,10.384444,105.3447,24.62031587446449,9.110000000000003,0.7778342294886329
2022-07-15,15.33,91.48,26.9,29.78,24.82,2.56,10.384444,105.3447,25.389900624500665,4.960000000000001,0.30198941235292953
2022-03-27,20.9,80.8,28.64,32.65,25.38,1.54,10.386495,105.284636,25.006220070936045,7.27,0.7532338983974283
2022-07-17,17.45,91.4,26.96,29.13,25.28,2.6,10.386495,105.284636,25.43446017358027,3.849999999999998,0.30590044970022406
2022-03-24,24.11,76.97,28.78,33.47,24.84,1.73,10.386546,105.19302,24.327700405379016,8.629999999999999,0.9108437745051863
2022-03-24,24.11,76.97,28.78,33.47,24.84,1.73,10.387123,105.119326,24.327700405379016,8.629999999999999,0.9108437745051863
2022-03-22,15.4,82.6,27.56,31.49,25.1,2.14,10.387459,105.205582,24.32340394492977,6.389999999999997,0.6410445578849414
2022-03-22,15.4,82.6,27.56,31.49,25.1,2.14,10.387619,105.243467,24.32340394492977,6.389999999999997,0.6410445578849414
2022-03-24,24.11,76.97,28.78,33.47,24.84,1.73,10.389374,105.169781,24.327700405379016,8.629999999999999,0.9108437745051863
2022-07-14,18.62,89.66,26.65,29.19,24.7,3.22,10.389374,105.169781,24.80498046868136,4.490000000000002,0.3611537133149726
2022-03-24,24.11,76.97,28.78,33.47,24.84,1.73,10.389594,105.147461,24.327700405379016,8.629999999999999,0.9108437745051863
2022-07-15,15.33,91.48,26.9,29.78,24.82,2.56,10.390554,105.336857,25.389900624500665,4.960000000000001,0.30198941235292953
2022-03-25,24.32,79.93,28.43,34.02,24.91,1.94,10.391149,105.359279,24.62031587446449,9.110000000000003,0.7778342294886329
2022-07-15,15.33,91.48,26.9,29.78,24.82,2.56,10.391149,105.359279,25.389900624500665,4.960000000000001,0.30198941235292953
2022-07-14,18.62,89.66,26.65,29.19,24.7,3.22,10.391295,105.178235,24.80498046868136,4.490000000000002,0.3611537133149726
2022-03-25,24.32,79.93,28.43,34.02,24.91,1.94,10.391491,105.34899,24.62031587446449,9.110000000000003,0.7778342294886329
2022-07-15,15.33,91.48,26.9,29.78,24.82,2.56,10.391491,105.34899,25.389900624500665,4.960000000000001,0.30198941235292953
2022-03-24,24.11,76.97,28.78,33.47,24.84,1.73,10.391781,105.161155,24.327700405379016,8.629999999999999,0.9108437745051863
2022-07-14,18.62,89.66,26.65,29.19,24.7,3.22,10.391781,105.161155,24.80498046868136,4.490000000000002,0.3611537133149726
2022-07-19,16.3,91.98,27.29,29.64,25.65,3.01,10.392248,105.227502,25.86766694000002,3.990000000000002,0.29084132425575615
2022-03-24,24.11,76.97,28.78,33.47,24.84,1.73,10.394341,105.126836,24.327700405379016,8.629999999999999,0.9108437745051863
2022-03-22,15.4,82.6,27.56,31.49,25.1,2.14,10.394517,105.260713,24.32340394492977,6.389999999999997,0.6410445578849414
2022-07-19,16.3,91.98,27.29,29.64,25.65,3.01,10.394517,105.260713,25.86766694000002,3.990000000000002,0.29084132425575615
2022-03-24,24.11,76.97,28.78,33.47,24.84,1.73,10.395094,105.169245,24.327700405379016,8.629999999999999,0.9108437745051863
2022-07-14,18.62,89.66,26.65,29.19,24.7,3.22,10.395094,105.169245,24.80498046868136,4.490000000000002,0.3611537133149726
2022-03-22,15.4,82.6,27.56,31.49,25.1,2.14,10.395256,105.268561,24.32340394492977,6.389999999999997,0.6410445578849414
2022-03-24,24.11,76.97,28.78,33.47,24.84,1.73,10.395734,105.143745,24.327700405379016,8.629999999999999,0.9108437745051863
2022-07-14,18.62,89.66,26.65,29.19,24.7,3.22,10.395734,105.143745,24.80498046868136,4.490000000000002,0.3611537133149726
2022-03-24,24.11,76.97,28.78,33.47,24.84,1.73,10.396044,105.180167,24.327700405379016,8.629999999999999,0.9108437745051863
2022-07-14,18.62,89.66,26.65,29.19,24.7,3.22,10.396044,105.180167,24.80498046868136,4.490000000000002,0.3611537133149726
2022-03-27,20.9,80.68,28.46,32.71,24.45,1.42,10.396712,105.324921,24.806145378787576,8.260000000000002,0.7500718666110526
2022-07-17,17.45,92.4,26.84,29.26,24.93,2.67,10.396712,105.324921,25.499338377702127,4.330000000000002,0.26843273583585586
2022-03-27,20.9,80.8,28.64,32.65,25.38,1.54,10.396951,105.281083,25.006220070936045,7.27,0.7532338983974283
2022-07-17,17.45,91.4,26.96,29.13,25.28,2.6,10.396951,105.281083,25.43446017358027,3.849999999999998,0.30590044970022406
2022-03-22,15.4,82.6,27.56,31.49,25.1,2.14,10.399256,105.204494,24.32340394492977,6.389999999999997,0.6410445578849414
2022-03-25,24.32,79.93,28.43,34.02,24.91,1.94,10.399353,105.356462,24.62031587446449,9.110000000000003,0.7778342294886329
2022-07-15,15.33,91.48,26.9,29.78,24.82,2.56,10.399353,105.356462,25.389900624500665,4.960000000000001,0.30198941235292953
2022-03-27,20.9,80.8,28.64,32.65,25.38,1.54,10.399444,105.118528,25.006220070936045,7.27,0.7532338983974283
2022-07-26,19.02,87.93,27.42,30.68,24.93,1.28,10.399444,105.118528,25.235711886270494,5.75,0.44105463235345804
2022-03-27,20.9,80.8,28.64,32.65,25.38,1.54,10.399645,105.141286,25.006220070936045,7.27,0.7532338983974283
2022-07-26,19.02,87.93,27.42,30.68,24.93,1.28,10.399645,105.141286,25.235711886270494,5.75,0.44105463235345804
2022-03-27,20.9,80.8,28.64,32.65,25.38,1.54,10.400025,105.152916,25.006220070936045,7.27,0.7532338983974283
2022-03-25,24.32,79.93,28.43,34.02,24.91,1.94,10.400189,105.331053,24.62031587446449,9.110000000000003,0.7778342294886329
2022-03-26,25.27,72.53,29.39,34.49,24.94,1.18,10.400449,105.171793,23.923026939473232,9.55,1.125403854694864
2022-07-20,6.87,92.59,26.64,28.64,25.02,2.61,10.400449,105.171793,25.335976457808076,3.620000000000001,0.25866298156386003
2022-03-26,25.27,72.53,29.39,34.49,24.94,1.18,10.402793,105.189574,23.923026939473232,9.55,1.125403854694864
2022-03-22,15.4,82.6,27.56,31.49,25.1,2.14,10.402927,105.235656,24.32340394492977,6.389999999999997,0.6410445578849414
2022-07-19,16.3,91.98,27.29,29.64,25.65,3.01,10.402927,105.235656,25.86766694000002,3.990000000000002,0.29084132425575615
2022-03-27,20.9,80.8,28.64,32.65,25.38,1.54,10.403175,105.123726,25.006220070936045,7.27,0.7532338983974283
2022-07-26,19.02,87.93,27.42,30.68,24.93,1.28,10.403175,105.123726,25.235711886270494,5.75,0.44105463235345804
2022-03-27,20.9,80.8,28.64,32.65,25.38,1.54,10.40466,105.311554,25.006220070936045,7.27,0.7532338983974283
2022-03-22,15.4,82.6,27.56,31.49,25.1,2.14,10.404721,105.258428,24.32340394492977,6.389999999999997,0.6410445578849414
2022-07-19,16.3,91.98,27.29,29.64,25.65,3.01,10.404721,105.258428,25.86766694000002,3.990000000000002,0.29084132425575615
2022-03-26,25.27,72.53,29.39,34.49,24.94,1.18,10.405702,105.208668,23.923026939473232,9.55,1.125403854694864
2022-03-25,24.32,79.93,28.43,34.02,24.91,1.94,10.405902,105.36283,24.62031587446449,9.110000000000003,0.7778342294886329
2022-07-15,15.33,91.48,26.9,29.78,24.82,2.56,10.405902,105.36283,25.389900624500665,4.960000000000001,0.30198941235292953
2022-03-22,15.4,82.6,27.56,31.49,25.1,2.14,10.406199,105.248616,24.32340394492977,6.389999999999997,0.6410445578849414
2022-07-19,16.3,91.98,27.29,29.64,25.65,3.01,10.406199,105.248616,25.86766694000002,3.990000000000002,0.29084132425575615
2022-03-27,20.9,80.8,28.64,32.65,25.38,1.54,10.406597,105.221367,25.006220070936045,7.27,0.7532338983974283
2022-07-28,19.71,85.56,27.6,30.48,25.14,1.61,10.406597,105.221367,24.952783099635962,5.34,0.5332377150662087
2022-07-28,19.71,85.56,27.6,30.48,25.14,1.61,10.407515,105.229231,24.952783099635962,5.34,0.5332377150662087
2022-03-27,20.9,80.8,28.64,32.65,25.38,1.54,10.407581,105.1521,25.006220070936045,7.27,0.7532338983974283
2022-07-26,19.02,87.93,27.42,30.68,24.93,1.28,10.407581,105.1521,25.235711886270494,5.75,0.44105463235345804
2022-07-26,19.02,87.93,27.42,30.68,24.93,1.28,10.407982,105.123304,25.235711886270494,5.75,0.44105463235345804
2022-03-27,20.9,80.8,28.64,32.65,25.38,1.54,10.408003,105.139183,25.006220070936045,7.27,0.7532338983974283
2022-03-27,20.9,80.8,28.64,32.65,25.38,1.54,10.408214,105.131329,25.006220070936045,7.27,0.7532338983974283
2022-07-26,19.02,87.93,27.42,30.68,24.93,1.28,10.408214,105.131329,25.235711886270494,5.75,0.44105463235345804
2022-03-27,20.9,80.8,28.64,32.65,25.38,1.54,10.409187,105.288345,25.006220070936045,7.27,0.7532338983974283
2022-07-15,15.33,91.48,26.9,29.78,24.82,2.56,10.409367,105.355252,25.389900624500665,4.960000000000001,0.30198941235292953
2022-03-27,20.9,80.8,28.64,32.65,25.38,1.54,10.410742,105.220616,25.006220070936045,7.27,0.7532338983974283
2022-07-28,19.71,85.56,27.6,30.48,25.14,1.61,10.410742,105.220616,24.952783099635962,5.34,0.5332377150662087
2022-03-25,24.32,79.93,28.43,34.02,24.91,1.94,10.411649,105.370659,24.62031587446449,9.110000000000003,0.7778342294886329
2022-03-26,25.27,72.53,29.39,34.49,24.94,1.18,10.412311,105.176834,23.923026939473232,9.55,1.125403854694864
2022-07-20,6.87,92.59,26.64,28.64,25.02,2.61,10.412311,105.176834,25.335976457808076,3.620000000000001,0.25866298156386003
2022-03-25,24.32,79.93,28.43,34.02,24.91,1.94,10.412537,105.321768,24.62031587446449,9.110000000000003,0.7778342294886329
2022-07-28,19.71,85.56,27.6,30.48,25.14,1.61,10.412925,105.251545,24.952783099635962,5.34,0.5332377150662087
2022-03-27,20.9,80.8,28.64,32.65,25.38,1.54,10.413742,105.22261,25.006220070936045,7.27,0.7532338983974283
2022-07-28,19.71,85.56,27.6,30.48,25.14,1.61,10.413742,105.22261,24.952783099635962,5.34,0.5332377150662087
2022-03-27,20.9,80.8,28.64,32.65,25.38,1.54,10.413908,105.234515,25.006220070936045,7.27,0.7532338983974283
2022-07-28,19.71,85.56,27.6,30.48,25.14,1.61,10.413908,105.234515,24.952783099635962,5.34,0.5332377150662087
2022-03-26,25.27,72.53,29.39,34.49,24.94,1.18,10.414226,105.195214,23.923026939473232,9.55,1.125403854694864
2022-07-26,19.02,87.93,27.42,30.68,24.93,1.28,10.414613,105.125615,25.235711886270494,5.75,0.44105463235345804
2022-07-17,17.45,92.4,26.84,29.26,24.93,2.67,10.415137,105.316832,25.499338377702127,4.330000000000002,0.26843273583585586
2022-03-27,20.9,80.8,28.64,32.65,25.38,1.54,10.415236,105.156765,25.006220070936045,7.27,0.7532338983974283
2022-07-26,19.02,87.93,27.42,30.68,24.93,1.28,10.415236,105.156765,25.235711886270494,5.75,0.44105463235345804
2022-03-27,20.9,80.8,28.64,32.65,25.38,1.54,10.41636,105.142144,25.006220070936045,7.27,0.7532338983974283
2022-03-27,20.9,80.8,28.64,32.65,25.38,1.54,10.417011,105.261676,25.006220070936045,7.27,0.7532338983974283
2022-07-28,19.71,85.56,27.6,30.48,25.14,1.61,10.417011,105.261676,24.952783099635962,5.34,0.5332377150662087
2022-03-26,25.27,72.53,29.39,34.49,24.94,1.18,10.417324,105.208881,23.923026939473232,9.55,1.125403854694864
2022-07-20,6.87,92.59,26.64,28.64,25.02,2.61,10.417324,105.208881,25.335976457808076,3.620000000000001,0.25866298156386003
2022-03-25,24.32,79.93,28.43,34.02,24.91,1.94,10.417429,105.363577,24.62031587446449,9.110000000000003,0.7778342294886329
2022-03-27,20.9,80.8,28.64,32.65,25.38,1.54,10.419552,105.116409,25.006220070936045,7.27,0.7532338983974283
2022-07-26,19.02,87.93,27.42,30.68,24.93,1.28,10.419552,105.116409,25.235711886270494,5.75,0.44105463235345804
2022-03-25,24.32,79.29,28.88,34.16,25.29,1.97,10.419561,105.277369,24.922375101044477,8.869999999999997,0.823840279763745
2022-07-15,15.33,90.06,27.15,29.75,25.4,2.68,10.419561,105.277369,25.37304309839621,4.350000000000001,0.35752549714924664
2022-03-27,20.9,80.8,28.64,32.65,25.38,1.54,10.420174,105.16361,25.006220070936045,7.27,0.7532338983974283
2022-07-26,19.02,87.93,27.42,30.68,24.93,1.28,10.420174,105.16361,25.235711886270494,5.75,0.44105463235345804
2022-03-27,20.9,80.8,28.64,32.65,25.38,1.54,10.420483,105.223648,25.006220070936045,7.27,0.7532338983974283
2022-07-28,19.71,85.56,27.6,30.48,25.14,1.61,10.420483,105.223648,24.952783099635962,5.34,0.5332377150662087
2022-03-27,20.9,80.8,28.64,32.65,25.38,1.54,10.420702,105.15698,25.006220070936045,7.27,0.7532338983974283
2022-07-15,15.33,90.06,27.15,29.75,25.4,2.68,10.420981,105.295797,25.37304309839621,4.350000000000001,0.35752549714924664
2022-03-27,20.9,80.8,28.64,32.65,25.38,1.54,10.421066,105.136822,25.006220070936045,7.27,0.7532338983974283
2022-07-26,19.02,87.93,27.42,30.68,24.93,1.28,10.421066,105.136822,25.235711886270494,5.75,0.44105463235345804
2022-07-17,17.45,91.4,26.96,29.13,25.28,2.6,10.421158,105.237197,25.43446017358027,3.849999999999998,0.30590044970022406
2022-03-27,20.9,80.8,28.64,32.65,25.38,1.54,10.422463,105.151846,25.006220070936045,7.27,0.7532338983974283
2022-07-26,19.02,87.93,27.42,30.68,24.93,1.28,10.422463,105.151846,25.235711886270494,5.75,0.44105463235345804
2022-03-27,20.9,80.8,28.64,32.65,25.38,1.54,10.42324,105.126544,25.006220070936045,7.27,0.7532338983974283
2022-07-26,19.02,87.93,27.42,30.68,24.93,1.28,10.42324,105.126544,25.235711886270494,5.75,0.44105463235345804
2022-03-26,25.27,72.53,29.39,34.49,24.94,1.18,10.426155,105.176598,23.923026939473232,9.55,1.125403854694864
2022-07-20,6.87,92.59,26.64,28.64,25.02,2.61,10.426155,105.176598,25.335976457808076,3.620000000000001,0.25866298156386003
2022-03-27,20.9,80.8,28.64,32.65,25.38,1.54,10.426536,105.115181,25.006220070936045,7.27,0.7532338983974283
2022-03-26,25.27,72.53,29.39,34.49,24.94,1.18,10.427104,105.210954,23.923026939473232,9.55,1.125403854694864
2022-07-20,6.87,92.59,26.64,28.64,25.02,2.61,10.427104,105.210954,25.335976457808076,3.620000000000001,0.25866298156386003
2022-03-27,20.9,80.8,28.64,32.65,25.38,1.54,10.428426,105.156744,25.006220070936045,7.27,0.7532338983974283
2022-03-27,20.9,80.8,28.64,32.65,25.38,1.54,10.429142,105.151556,25.006220070936045,7.27,0.7532338983974283
2022-07-26,19.02,87.93,27.42,30.68,24.93,1.28,10.429142,105.151556,25.235711886270494,5.75,0.44105463235345804
2022-07-26,19.02,87.93,27.42,30.68,24.93,1.28,10.429212,105.141436,25.235711886270494,5.75,0.44105463235345804
2022-03-27,20.9,80.8,28.64,32.65,25.38,1.54,10.429339,105.125493,25.006220070936045,7.27,0.7532338983974283
2022-07-26,19.02,87.93,27.42,30.68,24.93,1.28,10.429339,105.125493,25.235711886270494,5.75,0.44105463235345804
2022-03-27,20.9,80.8,28.64,32.65,25.38,1.54,10.430085,105.221996,25.006220070936045,7.27,0.7532338983974283
2022-07-28,19.71,85.56,27.6,30.48,25.14,1.61,10.430085,105.221996,24.952783099635962,5.34,0.5332377150662087
2022-03-27,20.9,80.8,28.64,32.65,25.38,1.54,10.43062,105.165627,25.006220070936045,7.27,0.7532338983974283
2022-07-26,19.02,87.93,27.42,30.68,24.93,1.28,10.43062,105.165627,25.235711886270494,5.75,0.44105463235345804
2022-03-20,20.78,72.28,29.09,35.35,24.88,2.26,10.430707,105.315671,23.577744259819237,10.470000000000002,1.1161620132719434
2022-07-28,19.71,85.56,27.6,30.48,25.14,1.61,10.432459,105.260003,24.952783099635962,5.34,0.5332377150662087
2022-03-27,20.9,80.8,28.64,32.65,25.38,1.54,10.433791,105.231265,25.006220070936045,7.27,0.7532338983974283
2022-03-25,24.32,79.29,28.88,34.16,25.29,1.97,10.434116,105.27315,24.922375101044477,8.869999999999997,0.823840279763745
2022-03-20,20.78,72.28,29.09,35.35,24.88,2.26,10.434624,105.327551,23.577744259819237,10.470000000000002,1.1161620132719434
2022-07-10,14.99,91.12,26.14,28.49,24.82,3.69,10.434624,105.327551,24.572449904982665,3.669999999999998,0.3009751118993963
2022-03-25,24.32,79.29,28.88,34.16,25.29,1.97,10.43531,105.292557,24.922375101044477,8.869999999999997,0.823840279763745
2022-07-15,15.33,90.06,27.15,29.75,25.4,2.68,10.43531,105.292557,25.37304309839621,4.350000000000001,0.35752549714924664
2022-03-27,20.9,80.8,28.64,32.65,25.38,1.54,10.435839,105.132981,25.006220070936045,7.27,0.7532338983974283
2022-03-20,20.78,72.28,29.09,35.35,24.88,2.26,10.436532,105.313783,23.577744259819237,10.470000000000002,1.1161620132719434
2022-07-10,14.99,91.12,26.14,28.49,24.82,3.69,10.436532,105.313783,24.572449904982665,3.669999999999998,0.3009751118993963
2022-07-28,19.71,85.56,27.6,30.48,25.14,1.61,10.436907,105.236241,24.952783099635962,5.34,0.5332377150662087
2022-03-26,25.27,72.53,29.39,34.49,24.94,1.18,10.437524,105.185343,23.923026939473232,9.55,1.125403854694864
2022-03-26,25.27,72.53,29.39,34.49,24.94,1.18,10.437524,105.202166,23.923026939473232,9.55,1.125403854694864
2022-03-27,20.9,80.8,28.64,32.65,25.38,1.54,10.438048,105.153225,25.006220070936045,7.27,0.7532338983974283
2022-07-26,19.02,87.93,27.42,30.68,24.93,1.28,10.438048,105.153225,25.235711886270494,5.75,0.44105463235345804
2022-03-20,20.78,72.28,29.09,35.35,24.88,2.26,10.439647,105.334052,23.577744259819237,10.470000000000002,1.1161620132719434
2022-07-10,14.99,91.12,26.14,28.49,24.82,3.69,10.439647,105.334052,24.572449904982665,3.669999999999998,0.3009751118993963
2022-03-20,20.78,72.28,29.09,35.35,24.88,2.26,10.442271,105.339057,23.577744259819237,10.470000000000002,1.1161620132719434
2022-07-10,14.99,91.12,26.14,28.49,24.82,3.69,10.442271,105.339057,24.572449904982665,3.669999999999998,0.3009751118993963
2022-07-28,19.71,85.56,27.6,30.48,25.14,1.61,10.443488,105.236111,24.952783099635962,5.34,0.5332377150662087
2022-03-25,24.32,79.29,28.88,34.16,25.29,1.97,10.443492,105.281103,24.922375101044477,8.869999999999997,0.823840279763745
2022-03-20,20.78,72.28,29.09,35.35,24.88,2.26,10.443677,105.348236,23.577744259819237,10.470000000000002,1.1161620132719434
2022-03-20,20.78,72.28,29.09,35.35,24.88,2.26,10.444036,105.331928,23.577744259819237,10.470000000000002,1.1161620132719434
2022-07-10,14.99,91.12,26.14,28.49,24.82,3.69,10.444036,105.331928,24.572449904982665,3.669999999999998,0.3009751118993963
2022-03-26,25.27,72.53,29.39,34.49,24.94,1.18,10.445632,105.21046,23.923026939473232,9.55,1.125403854694864
2022-04-07,19.41,82.48,27.4,30.55,25.17,1.19,10.445962,105.123164,24.142999636410767,5.379999999999999,0.639456814029056
2022-03-20,20.78,72.28,29.09,35.35,24.88,2.26,10.446006,105.338972,23.577744259819237,10.470000000000002,1.1161620132719434
2022-07-10,14.99,91.12,26.14,28.49,24.82,3.69,10.446006,105.338972,24.572449904982665,3.669999999999998,0.3009751118993963
2022-03-20,20.78,72.28,29.09,35.35,24.88,2.26,10.447125,105.31374,23.577744259819237,10.470000000000002,1.1161620132719434
2022-07-10,14.99,91.12,26.14,28.49,24.82,3.69,10.447125,105.31374,24.572449904982665,3.669999999999998,0.3009751118993963
2022-03-26,25.27,72.53,29.39,34.49,24.94,1.18,10.447684,105.190977,23.923026939473232,9.55,1.125403854694864
2022-07-20,6.87,92.59,26.64,28.64,25.02,2.61,10.447684,105.190977,25.335976457808076,3.620000000000001,0.25866298156386003
2022-04-03,19.86,81.35,26.93,31.31,23.54,2.76,10.44784,105.141425,23.45507529294824,7.77,0.6622101242185564
2022-07-14,18.62,89.66,26.65,29.19,24.7,3.22,10.44784,105.141425,24.80498046868136,4.490000000000002,0.3611537133149726
2022-03-26,25.27,72.53,29.39,34.49,24.94,1.18,10.44819,105.181879,23.923026939473232,9.55,1.125403854694864
2022-07-20,6.87,92.59,26.64,28.64,25.02,2.61,10.44819,105.181879,25.335976457808076,3.620000000000001,0.25866298156386003
2022-03-27,20.9,80.8,28.64,32.65,25.38,1.54,10.451085,105.243664,25.006220070936045,7.27,0.7532338983974283
2022-07-28,19.71,85.56,27.6,30.48,25.14,1.61,10.451085,105.243664,24.952783099635962,5.34,0.5332377150662087
2022-03-26,25.27,72.53,29.39,34.49,24.94,1.18,10.452516,105.191857,23.923026939473232,9.55,1.125403854694864
2022-03-26,25.27,72.53,29.39,34.49,24.94,1.18,10.452537,105.205118,23.923026939473232,9.55,1.125403854694864
2022-03-26,25.27,72.53,29.39,34.49,24.94,1.18,10.452718,105.220233,23.923026939473232,9.55,1.125403854694864
2022-07-20,6.87,92.59,26.64,28.64,25.02,2.61,10.452718,105.220233,25.335976457808076,3.620000000000001,0.25866298156386003
2022-07-20,6.87,92.59,26.64,28.64,25.02,2.61,10.452795,105.21348,25.335976457808076,3.620000000000001,0.25866298156386003
2022-03-20,20.78,72.28,29.09,35.35,24.88,2.26,10.454342,105.322838,23.577744259819237,10.470000000000002,1.1161620132719434
2022-03-27,20.9,80.8,28.64,32.65,25.38,1.54,10.454948,105.23029,25.006220070936045,7.27,0.7532338983974283
2022-03-27,20.9,80.8,28.64,32.65,25.38,1.54,10.455571,105.240074,25.006220070936045,7.27,0.7532338983974283
2022-04-10,19.36,82.44,27.81,31.8,24.75,1.74,10.455882,105.126628,24.534853223742125,7.050000000000001,0.6564479686942216
2022-04-03,19.86,81.35,26.93,31.31,23.54,2.76,10.458071,105.162504,23.45507529294824,7.77,0.6622101242185564
2022-03-25,24.32,79.29,28.88,34.16,25.29,1.97,10.458369,105.270803,24.922375101044477,8.869999999999997,0.823840279763745
2022-07-15,15.33,90.06,27.15,29.75,25.4,2.68,10.458369,105.270803,25.37304309839621,4.350000000000001,0.35752549714924664
2022-03-26,25.27,72.53,29.39,34.49,24.94,1.18,10.458467,105.196191,23.923026939473232,9.55,1.125403854694864
2022-07-20,6.87,92.59,26.64,28.64,25.02,2.61,10.458467,105.196191,25.335976457808076,3.620000000000001,0.25866298156386003
2022-03-21,19.9,81.16,27.59,32.16,24.77,1.6,10.459704,105.218744,24.058800204839983,7.389999999999997,0.6953139116079893
2022-07-20,6.87,92.59,26.64,28.64,25.02,2.61,10.459704,105.218744,25.335976457808076,3.620000000000001,0.25866298156386003
2022-07-20,6.87,92.59,26.64,28.64,25.02,2.61,10.460493,105.209967,25.335976457808076,3.620000000000001,0.25866298156386003
2022-04-03,19.86,81.35,26.93,31.31,23.54,2.76,10.461453,105.172294,23.45507529294824,7.77,0.6622101242185564
2022-07-14,18.62,89.66,26.65,29.19,24.7,3.22,10.461453,105.172294,24.80498046868136,4.490000000000002,0.3611537133149726
2022-07-20,6.87,92.59,26.64,28.64,25.02,2.61,10.463816,105.133945,25.335976457808076,3.620000000000001,0.25866298156386003
2022-04-03,19.86,81.35,26.93,31.31,23.54,2.76,10.464233,105.183189,23.45507529294824,7.77,0.6622101242185564
2022-07-20,6.87,92.59,26.64,28.64,25.02,2.61,10.465667,105.225904,25.335976457808076,3.620000000000001,0.25866298156386003
2022-04-06,20.96,81.1,27.83,32.11,24.73,1.14,10.46658,105.139698,24.28008545051571,7.379999999999999,0.7073657557281703
2022-03-27,20.9,80.8,28.64,32.65,25.38,1.54,10.467229,105.24767,25.006220070936045,7.27,0.7532338983974283
2022-07-28,19.71,85.56,27.6,30.48,25.14,1.61,10.467229,105.24767,24.952783099635962,5.34,0.5332377150662087
2022-04-12,21.59,80.47,28.25,32.54,24.97,2.09,10.467721,105.192464,24.55819484380857,7.57,0.7490345980684868
2022-07-15,15.33,90.06,27.15,29.75,25.4,2.68,10.467721,105.192464,25.37304309839621,4.350000000000001,0.35752549714924664
2022-04-03,19.86,81.35,26.93,31.31,23.54,2.76,10.467778,105.163448,23.45507529294824,7.77,0.6622101242185564
2022-07-14,18.62,89.66,26.65,29.19,24.7,3.22,10.467778,105.163448,24.80498046868136,4.490000000000002,0.3611537133149726
2022-04-01,13.91,87.54,27.37,30.3,25.84,2.83,10.468679,105.203699,25.111718111232275,4.460000000000001,0.4539761277216749
2022-07-15,15.33,90.06,27.15,29.75,25.4,2.68,10.469839,105.211568,25.37304309839621,4.350000000000001,0.35752549714924664
2022-03-25,24.32,79.29,28.88,34.16,25.29,1.97,10.470013,105.264425,24.922375101044477,8.869999999999997,0.823840279763745
2022-07-15,15.33,90.06,27.15,29.75,25.4,2.68,10.470013,105.264425,25.37304309839621,4.350000000000001,0.35752549714924664
2022-03-25,24.32,79.29,28.88,34.16,25.29,1.97,10.470305,105.287062,24.922375101044477,8.869999999999997,0.823840279763745
2022-07-15,15.33,90.06,27.15,29.75,25.4,2.68,10.470305,105.287062,25.37304309839621,4.350000000000001,0.35752549714924664
2022-04-04,16.78,82.32,26.92,31.06,23.82,2.59,10.474439,105.216928,23.642400674273386,7.239999999999998,0.6273997010421304
2022-04-10,19.36,82.44,27.81,31.8,24.75,1.74,10.475484,105.13594,24.534853223742125,7.050000000000001,0.6564479686942216
2022-04-03,19.86,81.35,26.93,31.31,23.54,2.76,10.476738,105.227333,23.45507529294824,7.77,0.6622101242185564
2022-07-15,15.33,90.06,27.15,29.75,25.4,2.68,10.476738,105.227333,25.37304309839621,4.350000000000001,0.35752549714924664
2022-04-10,19.36,82.44,27.81,31.8,24.75,1.74,10.479304,105.102943,24.534853223742125,7.050000000000001,0.6564479686942216
2022-07-20,6.87,92.59,26.64,28.64,25.02,2.61,10.48065,105.130089,25.335976457808076,3.620000000000001,0.25866298156386003
2022-04-01,13.91,87.54,27.37,30.3,25.84,2.83,10.48195,105.238448,25.111718111232275,4.460000000000001,0.4539761277216749
2022-07-15,15.33,90.06,27.15,29.75,25.4,2.68,10.48195,105.238448,25.37304309839621,4.350000000000001,0.35752549714924664
2022-04-01,13.91,87.54,27.37,30.3,25.84,2.83,10.482003,105.203866,25.111718111232275,4.460000000000001,0.4539761277216749
2022-04-02,18.63,84.84,27.5,30.96,24.79,2.12,10.485464,105.251956,24.71293481836397,6.170000000000002,0.5565645637286218
2022-03-25,24.32,79.29,28.88,34.16,25.29,1.97,10.485812,105.267525,24.922375101044477,8.869999999999997,0.823840279763745
2022-07-15,15.33,90.06,27.15,29.75,25.4,2.68,10.485812,105.267525,25.37304309839621,4.350000000000001,0.35752549714924664
2022-07-15,15.33,90.06,27.15,29.75,25.4,2.68,10.485917,105.210104,25.37304309839621,4.350000000000001,0.35752549714924664
2022-07-15,15.33,90.06,27.15,29.75,25.4,2.68,10.492098,105.216926,25.37304309839621,4.350000000000001,0.35752549714924664
2022-04-10,19.36,82.44,27.81,31.8,24.75,1.74,10.492507,105.122386,24.534853223742125,7.050000000000001,0.6564479686942216
2022-03-25,24.32,79.29,28.88,34.16,25.29,1.97,10.494104,105.291042,24.922375101044477,8.869999999999997,0.823840279763745
2022-07-15,15.33,90.06,27.15,29.75,25.4,2.68,10.494104,105.291042,25.37304309839621,4.350000000000001,0.35752549714924664
2022-04-01,13.91,87.54,27.37,30.3,25.84,2.83,10.494453,105.241281,25.111718111232275,4.460000000000001,0.4539761277216749
2022-07-15,15.33,90.06,27.15,29.75,25.4,2.68,10.494453,105.241281,25.37304309839621,4.350000000000001,0.35752549714924664
2022-04-04,16.78,82.32,26.92,31.06,23.82,2.59,10.498551,105.167513,23.642400674273386,7.239999999999998,0.6273997010421304
2022-04-10,19.36,82.44,27.81,31.8,24.75,1.74,10.499686,105.158111,24.534853223742125,7.050000000000001,0.6564479686942216
2022-07-20,6.87,92.59,26.64,28.64,25.02,2.61,10.501648,105.096892,25.335976457808076,3.620000000000001,0.25866298156386003
2022-04-01,13.91,87.54,27.37,30.3,25.84,2.83,10.501829,105.273585,25.111718111232275,4.460000000000001,0.4539761277216749
2022-07-15,15.33,90.06,27.15,29.75,25.4,2.68,10.501829,105.273585,25.37304309839621,4.350000000000001,0.35752549714924664
2022-04-01,13.91,87.54,27.37,30.3,25.84,2.83,10.50203,105.222373,25.111718111232275,4.460000000000001,0.4539761277216749
2022-07-15,15.33,90.06,27.15,29.75,25.4,2.68,10.50203,105.222373,25.37304309839621,4.350000000000001,0.35752549714924664
2022-07-15,15.33,90.06,27.15,29.75,25.4,2.68,10.502728,105.233111,25.37304309839621,4.350000000000001,0.35752549714924664
2022-04-10,19.36,82.44,27.81,31.8,24.75,1.74,10.505349,105.165087,24.534853223742125,7.050000000000001,0.6564479686942216
2022-07-28,19.71,85.56,27.6,30.48,25.14,1.61,10.505349,105.165087,24.952783099635962,5.34,0.5332377150662087
2022-04-03,19.86,81.35,26.93,31.31,23.54,2.76,10.505489,105.203926,23.45507529294824,7.77,0.6622101242185564
2022-04-01,13.91,87.54,27.37,30.3,25.84,2.83,10.50915,105.265098,25.111718111232275,4.460000000000001,0.4539761277216749
2022-07-15,15.33,90.06,27.15,29.75,25.4,2.68,10.50915,105.265098,25.37304309839621,4.350000000000001,0.35752549714924664
2022-04-10,19.36,82.44,27.81,31.8,24.75,1.74,10.510203,105.111601,24.534853223742125,7.050000000000001,0.6564479686942216
2022-07-20,6.87,92.59,26.64,28.64,25.02,2.61,10.510203,105.111601,25.335976457808076,3.620000000000001,0.25866298156386003
2022-04-01,13.91,87.54,27.37,30.3,25.84,2.83,10.510542,105.248554,25.111718111232275,4.460000000000001,0.4539761277216749
2022-07-15,15.33,90.06,27.15,29.75,25.4,2.68,10.510542,105.248554,25.37304309839621,4.350000000000001,0.35752549714924664
2022-07-28,19.71,85.56,27.6,30.48,25.14,1.61,10.51191,105.170596,24.952783099635962,5.34,0.5332377150662087
2022-04-10,19.36,82.44,27.81,31.8,24.75,1.74,10.513536,105.127422,24.534853223742125,7.050000000000001,0.6564479686942216
2022-04-03,19.86,81.35,26.93,31.31,23.54,2.76,10.514912,105.216308,23.45507529294824,7.77,0.6622101242185564
2022-04-10,19.36,82.44,27.81,31.8,24.75,1.74,10.521024,105.146349,24.534853223742125,7.050000000000001,0.6564479686942216
2022-07-28,19.71,85.56,27.6,30.48,25.14,1.61,10.521024,105.146349,24.952783099635962,5.34,0.5332377150662087
2022-07-20,6.87,92.59,26.64,28.64,25.02,2.61,10.521154,105.115666,25.335976457808076,3.620000000000001,0.25866298156386003
2022-04-10,19.36,82.44,27.81,31.8,24.75,1.74,10.522164,105.178664,24.534853223742125,7.050000000000001,0.6564479686942216
2022-07-28,19.71,85.56,27.6,30.48,25.14,1.61,10.522164,105.178664,24.952783099635962,5.34,0.5332377150662087
2022-04-10,19.36,82.44,27.81,31.8,24.75,1.74,10.522821,105.229739,24.534853223742125,7.050000000000001,0.6564479686942216
2022-04-03,19.86,81.35,26.93,31.31,23.54,2.76,10.522871,105.184845,23.45507529294824,7.77,0.6622101242185564
2022-07-14,18.62,89.66,26.65,29.19,24.7,3.22,10.522871,105.184845,24.80498046868136,4.490000000000002,0.3611537133149726
2022-04-01,13.91,87.54,27.37,30.3,25.84,2.83,10.524082,105.268907,25.111718111232275,4.460000000000001,0.4539761277216749
2022-04-01,13.91,87.54,27.37,30.3,25.84,2.83,10.524439,105.254678,25.111718111232275,4.460000000000001,0.4539761277216749
2022-07-14,18.62,89.66,26.65,29.19,24.7,3.22,10.524439,105.254678,24.80498046868136,4.490000000000002,0.3611537133149726
2022-04-10,19.36,82.44,27.81,31.8,24.75,1.74,10.5263,105.091077,24.534853223742125,7.050000000000001,0.6564479686942216
2022-04-10,19.36,82.44,27.81,31.8,24.75,1.74,10.527277,105.237319,24.534853223742125,7.050000000000001,0.6564479686942216
2022-04-03,19.86,81.35,26.93,31.31,23.54,2.76,10.527792,105.204924,23.45507529294824,7.77,0.6622101242185564
2022-04-10,19.36,82.44,27.81,31.8,24.75,1.74,10.531488,105.186775,24.534853223742125,7.050000000000001,0.6564479686942216
2022-04-10,19.36,82.44,27.81,31.8,24.75,1.74,10.533759,105.243145,24.534853223742125,7.050000000000001,0.6564479686942216
2022-07-13,11.35,92.56,26.21,27.9,24.88,3.85,10.533759,105.243145,24.90476104212892,3.0199999999999996,0.2532125702380937
2022-04-10,19.36,82.44,27.81,31.8,24.75,1.74,10.534074,105.126326,24.534853223742125,7.050000000000001,0.6564479686942216
2022-07-20,6.87,92.59,26.64,28.64,25.02,2.61,10.534074,105.126326,25.335976457808076,3.620000000000001,0.25866298156386003
2022-04-10,19.36,82.44,27.81,31.8,24.75,1.74,10.534615,105.134916,24.534853223742125,7.050000000000001,0.6564479686942216
2022-07-28,19.71,85.56,27.6,30.48,25.14,1.61,10.534615,105.134916,24.952783099635962,5.34,0.5332377150662087
2022-07-14,18.62,89.66,26.65,29.19,24.7,3.22,10.535058,105.252744,24.80498046868136,4.490000000000002,0.3611537133149726
2022-04-10,19.36,82.44,27.81,31.8,24.75,1.74,10.536087,105.175145,24.534853223742125,7.050000000000001,0.6564479686942216
2022-04-01,13.91,87.54,27.37,30.3,25.84,2.83,10.536277,105.293087,25.111718111232275,4.460000000000001,0.4539761277216749
2022-07-14,18.62,89.66,26.65,29.19,24.7,3.22,10.536277,105.293087,24.80498046868136,4.490000000000002,0.3611537133149726
2022-04-10,19.36,82.44,27.81,31.8,24.75,1.74,10.539297,105.225673,24.534853223742125,7.050000000000001,0.6564479686942216
2022-04-06,20.96,81.1,27.83,32.11,24.73,1.14,10.540457,105.207852,24.28008545051571,7.379999999999999,0.7073657557281703
2022-07-28,19.71,85.56,27.6,30.48,25.14,1.61,10.542192,105.18792,24.952783099635962,5.34,0.5332377150662087
2022-04-01,13.91,87.54,27.37,30.3,25.84,2.83,10.542998,105.261159,25.111718111232275,4.460000000000001,0.4539761277216749
2022-04-10,19.36,82.44,27.81,31.8,24.75,1.74,10.545098,105.112895,24.534853223742125,7.050000000000001,0.6564479686942216
2022-04-10,19.36,82.44,27.81,31.8,24.75,1.74,10.546629,105.163964,24.534853223742125,7.050000000000001,0.6564479686942216
2022-07-28,19.71,85.56,27.6,30.48,25.14,1.61,10.546629,105.163964,24.952783099635962,5.34,0.5332377150662087
2022-04-10,19.36,82.44,27.81,31.8,24.75,1.74,10.546679,105.126512,24.534853223742125,7.050000000000001,0.6564479686942216
2022-07-28,19.71,85.56,27.6,30.48,25.14,1.61,10.546679,105.126512,24.952783099635962,5.34,0.5332377150662087
2022-04-10,19.36,82.44,27.81,31.8,24.75,1.74,10.546857,105.181035,24.534853223742125,7.050000000000001,0.6564479686942216
2022-07-28,19.71,85.56,27.6,30.48,25.14,1.61,10.546857,105.181035,24.952783099635962,5.34,0.5332377150662087
2022-04-10,19.36,82.44,27.81,31.8,24.75,1.74,10.547628,105.146859,24.534853223742125,7.050000000000001,0.6564479686942216
2022-07-28,19.71,85.56,27.6,30.48,25.14,1.61,10.547628,105.146859,24.952783099635962,5.34,0.5332377150662087
2022-07-13,11.35,92.56,26.21,27.9,24.88,3.85,10.548011,105.248097,24.90476104212892,3.0199999999999996,0.2532125702380937
2022-04-10,19.36,82.44,27.81,31.8,24.75,1.74,10.548566,105.198194,24.534853223742125,7.050000000000001,0.6564479686942216
2022-08-05,18.31,90.04,26.49,28.52,25.13,2.72,10.548566,105.198194,24.718132979284118,3.3900000000000006,0.344620389017771
2022-04-01,13.91,87.54,27.37,30.3,25.84,2.83,10.549477,105.273725,25.111718111232275,4.460000000000001,0.4539761277216749
2022-04-06,20.96,81.1,27.83,32.11,24.73,1.14,10.550361,105.218667,24.28008545051571,7.379999999999999,0.7073657557281703
2022-04-10,19.36,82.44,27.81,31.8,24.75,1.74,10.552114,105.091399,24.534853223742125,7.050000000000001,0.6564479686942216
2022-04-10,19.36,82.44,27.81,31.8,24.75,1.74,10.554634,105.1522,24.534853223742125,7.050000000000001,0.6564479686942216
2022-04-10,19.36,82.44,27.81,31.8,24.75,1.74,10.555822,105.1711,24.534853223742125,7.050000000000001,0.6564479686942216
2022-07-28,19.71,85.56,27.6,30.48,25.14,1.61,10.555822,105.1711,24.952783099635962,5.34,0.5332377150662087
2022-04-12,21.59,80.47,28.25,32.54,24.97,2.09,10.557185,105.227883,24.55819484380857,7.57,0.7490345980684868
2022-08-05,18.31,90.04,26.49,28.52,25.13,2.72,10.557257,105.1886,24.718132979284118,3.3900000000000006,0.344620389017771
2022-04-10,19.36,82.44,27.81,31.8,24.75,1.74,10.558195,105.203328,24.534853223742125,7.050000000000001,0.6564479686942216
2022-04-10,19.36,82.44,27.81,31.8,24.75,1.74,10.559295,105.124493,24.534853223742125,7.050000000000001,0.6564479686942216
2022-07-28,19.71,85.56,27.6,30.48,25.14,1.61,10.560601,105.1792,24.952783099635962,5.34,0.5332377150662087
2022-04-10,19.36,82.44,27.81,31.8,24.75,1.74,10.562531,105.169469,24.534853223742125,7.050000000000001,0.6564479686942216
2022-04-10,19.36,82.44,27.81,31.8,24.75,1.74,10.564704,105.19729,24.534853223742125,7.050000000000001,0.6564479686942216
2022-04-10,19.36,82.44,27.81,31.8,24.75,1.74,10.56526,105.088832,24.534853223742125,7.050000000000001,0.6564479686942216
2022-08-05,18.31,90.04,26.49,28.52,25.13,2.72,10.565493,105.106594,24.718132979284118,3.3900000000000006,0.344620389017771
2022-04-10,19.36,82.44,27.81,31.8,24.75,1.74,10.565735,105.172074,24.534853223742125,7.050000000000001,0.6564479686942216
2022-07-28,19.71,85.56,27.6,30.48,25.14,1.61,10.565735,105.172074,24.952783099635962,5.34,0.5332377150662087
2022-04-10,19.36,82.44,27.81,31.8,24.75,1.74,10.567359,105.177342,24.534853223742125,7.050000000000001,0.6564479686942216
2022-08-05,18.31,90.04,26.49,28.52,25.13,2.72,10.56984,105.190938,24.718132979284118,3.3900000000000006,0.344620389017771
2022-04-10,19.36,82.44,27.81,31.8,24.75,1.74,10.570816,105.208925,24.534853223742125,7.050000000000001,0.6564479686942216
2022-04-10,19.36,82.44,27.81,31.8,24.75,1.74,10.571202,105.135919,24.534853223742125,7.050000000000001,0.6564479686942216
2022-08-05,18.31,90.04,26.49,28.52,25.13,2.72,10.571202,105.135919,24.718132979284118,3.3900000000000006,0.344620389017771
2022-04-10,19.36,82.44,27.81,31.8,24.75,1.74,10.571793,105.16066,24.534853223742125,7.050000000000001,0.6564479686942216
2022-08-05,18.31,90.04,26.49,28.52,25.13,2.72,10.571793,105.16066,24.718132979284118,3.3900000000000006,0.344620389017771
2022-04-10,19.36,82.44,27.81,31.8,24.75,1.74,10.576126,105.183375,24.534853223742125,7.050000000000001,0.6564479686942216
2022-08-05,18.31,90.04,26.49,28.52,25.13,2.72,10.576126,105.183375,24.718132979284118,3.3900000000000006,0.344620389017771
2022-04-10,19.36,82.44,27.81,31.8,24.75,1.74,10.580993,105.154027,24.534853223742125,7.050000000000001,0.6564479686942216
2022-04-10,19.36,82.44,27.81,31.8,24.75,1.74,10.581404,105.200348,24.534853223742125,7.050000000000001,0.6564479686942216
2022-08-05,18.31,90.04,26.49,28.52,25.13,2.72,10.58174,105.119446,24.718132979284118,3.3900000000000006,0.344620389017771
2022-08-09,17.2,89.52,24.86,27.03,23.04,3.43,10.585209,105.164803,23.013919027872713,3.990000000000002,0.32922469462620946
2022-04-10,19.36,82.44,27.81,31.8,24.75,1.74,10.585739,105.193578,24.534853223742125,7.050000000000001,0.6564479686942216
2022-08-05,18.31,90.04,26.49,28.52,25.13,2.72,10.585739,105.193578,24.718132979284118,3.3900000000000006,0.344620389017771
2022-08-05,18.31,90.04,26.49,28.52,25.13,2.72,10.588345,105.091229,24.718132979284118,3.3900000000000006,0.344620389017771
2022-04-10,19.36,82.44,27.81,31.8,24.75,1.74,10.590564,105.128439,24.534853223742125,7.050000000000001,0.6564479686942216
2022-08-05,18.31,90.04,26.49,28.52,25.13,2.72,10.590564,105.128439,24.718132979284118,3.3900000000000006,0.344620389017771
2022-08-05,18.31,90.04,26.49,28.52,25.13,2.72,10.592696,105.11414,24.718132979284118,3.3900000000000006,0.344620389017771
2022-08-05,18.31,90.04,26.49,28.52,25.13,2.72,10.59278,105.103464,24.718132979284118,3.3900000000000006,0.344620389017771
2022-04-10,19.36,82.44,27.81,31.8,24.75,1.74,10.593644,105.075243,24.534853223742125,7.050000000000001,0.6564479686942216
2022-08-05,18.31,90.04,26.49,28.52,25.13,2.72,10.593644,105.075243,24.718132979284118,3.3900000000000006,0.344620389017771
2022-08-09,17.2,89.52,24.86,27.03,23.04,3.43,10.594603,105.175686,23.013919027872713,3.990000000000002,0.32922469462620946
2022-04-12,21.59,80.47,28.25,32.54,24.97,2.09,10.595261,105.15779,24.55819484380857,7.57,0.7490345980684868
2022-04-12,21.59,80.47,28.25,32.54,24.97,2.09,10.599524,105.186221,24.55819484380857,7.57,0.7490345980684868
2022-04-10,19.36,82.44,27.81,31.8,24.75,1.74,10.603094,105.127872,24.534853223742125,7.050000000000001,0.6564479686942216
2022-04-12,21.59,80.47,28.25,32.54,24.97,2.09,10.603991,105.147312,24.55819484380857,7.57,0.7490345980684868
2022-08-09,17.2,89.52,24.86,27.03,23.04,3.43,10.603991,105.147312,23.013919027872713,3.990000000000002,0.32922469462620946
2022-04-12,21.59,80.47,28.25,32.54,24.97,2.09,10.605148,105.164514,24.55819484380857,7.57,0.7490345980684868
2022-08-09,17.2,89.52,24.86,27.03,23.04,3.43,10.605148,105.164514,23.013919027872713,3.990000000000002,0.32922469462620946
2022-08-05,18.31,90.04,26.49,28.52,25.13,2.72,10.608536,105.076041,24.718132979284118,3.3900000000000006,0.344620389017771
2022-04-10,19.36,82.44,27.81,31.8,24.75,1.74,10.612095,105.141919,24.534853223742125,7.050000000000001,0.6564479686942216
2022-08-05,18.31,90.04,26.49,28.52,25.13,2.72,10.612095,105.141919,24.718132979284118,3.3900000000000006,0.344620389017771
2022-04-12,21.59,80.47,28.25,32.54,24.97,2.09,10.61225,105.175364,24.55819484380857,7.57,0.7490345980684868
2022-08-05,18.31,90.04,26.49,28.52,25.13,2.72,10.612317,105.116551,24.718132979284118,3.3900000000000006,0.344620389017771
2022-08-09,17.2,89.52,24.86,27.03,23.04,3.43,10.615175,105.153736,23.013919027872713,3.990000000000002,0.32922469462620946
2022-04-10,19.36,82.44,27.81,31.8,24.75,1.74,10.619493,105.095029,24.534853223742125,7.050000000000001,0.6564479686942216
2022-08-05,18.31,90.04,26.49,28.52,25.13,2.72,10.619493,105.095029,24.718132979284118,3.3900000000000006,0.344620389017771
2022-08-09,17.2,89.52,24.86,27.03,23.04,3.43,10.619835,105.201297,23.013919027872713,3.990000000000002,0.32922469462620946
2022-08-09,17.2,89.52,24.86,27.03,23.04,3.43,10.621354,105.162316,23.013919027872713,3.990000000000002,0.32922469462620946
2022-08-05,18.31,90.04,26.49,28.52,25.13,2.72,10.623506,105.132794,24.718132979284118,3.3900000000000006,0.344620389017771
2022-08-05,18.31,90.04,26.49,28.52,25.13,2.72,10.625462,105.098238,24.718132979284118,3.3900000000000006,0.344620389017771
2022-04-10,19.36,82.44,27.81,31.8,24.75,1.74,10.626774,105.140369,24.534853223742125,7.050000000000001,0.6564479686942216
2022-04-10,19.36,82.44,27.81,31.8,24.75,1.74,10.628311,105.12253,24.534853223742125,7.050000000000001,0.6564479686942216
2022-08-05,18.31,90.04,26.49,28.52,25.13,2.72,10.628311,105.12253,24.718132979284118,3.3900000000000006,0.344620389017771
2022-04-12,21.59,80.47,28.25,32.54,24.97,2.09,10.630244,105.19128,24.55819484380857,7.57,0.7490345980684868
2022-08-09,17.2,89.52,24.86,27.03,23.04,3.43,10.633572,105.172813,23.013919027872713,3.990000000000002,0.32922469462620946
2022-04-10,19.36,82.44,27.81,31.8,24.75,1.74,10.634849,105.13078,24.534853223742125,7.050000000000001,0.6564479686942216
2022-08-05,18.31,90.04,26.49,28.52,25.13,2.72,10.634849,105.13078,24.718132979284118,3.3900000000000006,0.344620389017771
2022-04-10,19.36,82.44,27.81,31.8,24.75,1.74,10.636733,105.155635,24.534853223742125,7.050000000000001,0.6564479686942216
2022-08-05,18.31,90.04,26.49,28.52,25.13,2.72,10.636733,105.155635,24.718132979284118,3.3900000000000006,0.344620389017771
2022-04-10,19.36,82.44,27.81,31.8,24.75,1.74,10.64394,105.165296,24.534853223742125,7.050000000000001,0.6564479686942216
2022-04-10,19.36,82.44,27.81,31.8,24.75,1.74,10.64683,105.119494,24.534853223742125,7.050000000000001,0.6564479686942216
2022-04-10,19.36,82.44,27.81,31.8,24.75,1.74,10.649258,105.142121,24.534853223742125,7.050000000000001,0.6564479686942216
2022-08-05,18.31,90.04,26.49,28.52,25.13,2.72,10.649258,105.142121,24.718132979284118,3.3900000000000006,0.344620389017771
2022-04-10,19.36,82.44,27.81,31.8,24.75,1.74,10.653314,105.174185,24.534853223742125,7.050000000000001,0.6564479686942216
2022-04-10,19.36,82.44,27.81,31.8,24.75,1.74,10.663484,105.168203,24.534853223742125,7.050000000000001,0.6564479686942216
2022-08-05,18.31,90.04,26.49,28.52,25.13,2.72,10.663484,105.168203,24.718132979284118,3.3900000000000006,0.344620389017771
2022-04-10,19.36,82.44,27.81,31.8,24.75,1.74,10.676956,105.147011,24.534853223742125,7.050000000000001,0.6564479686942216
