date,latitude,longitude,aspect_max,aspect_mean,aspect_stdDev,elevation_max,elevation_mean,elevation_min,elevation_stdDev,slope_max,slope_mean,slope_min,slope_stdDev
2022-03-18,10.282741,105.414218,352,164.73997561859574,106.26237956129026,29,4.102935652861518,-9,3.5045925130159894,32,4.187680801291553,0,3.090303759222229
2022-03-18,10.292251,105.405536,353,171.3993983803054,104.38482883811635,21,4.122389741494627,-14,4.219400571918751,20,5.148688363633971,0,3.3275635279896973
2022-03-18,10.303175,105.416814,354,166.10120969335983,107.60470847569648,13,4.08052762660271,-8,3.037061117667803,16,3.773597585884274,0,2.379221527670051
2022-03-18,10.320924,105.404264,354,166.58183171806755,103.39378956205293,17,3.1388546656037315,-8,3.3468747350183263,18,3.851684334666394,0,2.6561918724553992
2022-03-18,10.335158,105.395026,356,170.47768485060098,105.5808380581359,20,4.077421990032377,-12,3.6661849179295674,26,4.291939930760285,0,3.241640239221245
2022-03-20,10.430707,105.315671,352,163.86428867799026,105.4178197220364,13,0.6940633705881972,-9,2.7841349272525053,12,3.7927679024216756,0,2.206052534376383
2022-03-20,10.434624,105.327551,349,165.3509657023364,104.41613142280507,9,0.625175769351094,-11,2.456605399889955,16,2.968303887507614,0,1.8195980049171596
2022-03-20,10.436532,105.313783,353,169.36161622814245,105.33463563884843,17,1.2644877663252876,-9,2.852295072928533,23,3.917920769256101,0,2.4000895690660697
2022-03-20,10.439647,105.334052,353,166.09905519019702,105.94482012771246,17,1.145874154890848,-11,3.414790558962492,21,4.104166186413048,0,3.020881117996051
2022-03-20,10.442271,105.339057,352,163.39714109778959,106.74699807742054,16,0.44908012631592803,-13,2.9471456006431818,18,3.575857061475287,0,2.5033727869221516
2022-03-20,10.443677,105.348236,355,166.815383906108,105.18176121571022,17,1.6344198269162378,-9,3.079978604579251,19,3.4989659760001066,0,2.5503031803905576
2022-03-20,10.444036,105.331928,353,170.1980216603169,103.6335926950408,19,2.364027014478629,-16,4.0659578738290545,21,5.18952612705762,0,3.3711875918317604
2022-03-20,10.446006,105.338972,352,160.7918987008281,103.33154152205445,19,0.8325500979730276,-13,3.561257715399155,21,4.244734978841118,0,2.889328171382532
2022-03-20,10.447125,105.31374,353,160.77508791802228,102.68457513186593,16,2.1401979637264077,-17,3.366173077771388,19,3.9447334799731313,0,2.5353669987949976
2022-03-20,10.454342,105.322838,356,159.14778920469334,104.61550812397584,13,2.4955000345771206,-14,3.7257043403734955,22,4.370274871653015,0,2.9599130625554793
2022-03-21,10.459704,105.218744,349,159.0580205002914,105.85986100200735,8,1.2651373216596478,-5,1.7216701226941677,7,2.3753667234107008,0,1.388842014655913
2022-03-22,10.370371,105.275589,356,165.20240510665204,105.05740372577941,15,1.9130413301537537,-19,3.3759888858555214,21,4.189220168377227,0,2.6900827309808317
2022-03-22,10.375756,105.208993,353,165.86743543377375,104.06499590956638,10,0.7943004515765659,-11,2.4673418433836525,12,3.4392150275194915,0,1.9743321597357502
2022-03-22,10.380497,105.274972,352,172.64678797859193,104.11087688155578,13,0.9292877727459862,-11,3.3052474773724305,22,4.430386167146975,0,2.8108588252281406
2022-03-22,10.387459,105.205582,350,162.0342577648958,108.05936669253201,11,1.1917822206119686,-10,2.2353441748691734,12,2.8948980600111973,0,1.84168178013495
2022-03-22,10.387619,105.243467,352,167.18666139709507,108.03266669206666,8,0.6152718769555044,-8,2.462567200431576,13,3.2681652010670867,0,1.8896895481661795
2022-03-22,10.394517,105.260713,356,165.71192704061968,104.02348999410887,11,0.5205173555188867,-15,3.146672482015109,21,4.265712845949393,0,2.646879712579199
2022-03-22,10.395256,105.268561,353,173.15174419370555,105.54271814923673,11,0.9195517000619163,-20,3.4237628895226213,20,4.665606186354715,0,3.051543243487852
2022-03-22,10.399256,105.204494,350,159.418408884322,104.79885114198663,10,1.2806748870357925,-8,1.9257075869026616,12,2.7137559446178976,0,1.6650982794331772
2022-03-22,10.402927,105.235656,355,164.82162439858138,105.20076645550436,16,1.4542263145588616,-8,3.3696995476142915,16,4.279832179070466,0,2.787779291830394
2022-03-22,10.404721,105.258428,354,165.16197113516145,106.09340476487496,14,1.0909650815817036,-12,3.3256652412961314,20,4.207560716944093,0,2.6002240070504974
2022-03-22,10.406199,105.248616,354,163.00054339592813,106.62953134149133,9,0.9976354043853706,-10,2.517168569073006,10,3.139106064298559,0,1.844438104864353
2022-03-24,10.378511,105.144998,356,169.8012588476701,107.00246000837213,18,3.030130660615061,-12,3.095438994302981,21,3.5424638764735117,0,2.774259843129631
2022-03-24,10.379507,105.154892,355,171.52010829825508,104.9398824347824,19,3.3965600152829682,-17,4.275333358493877,17,5.496864357094393,0,3.0789489199541724
2022-03-24,10.386546,105.19302,353,163.153109417507,106.85921614951934,12,1.263027540460962,-6,1.892619365452085,14,2.6754625756687522,0,1.6629361121148223
2022-03-24,10.387123,105.119326,353,158.47389066189763,103.78787241111812,9,1.4870186116517965,-11,2.4335516767487984,12,3.35480375592421,0,1.9715673449108568
2022-03-24,10.389374,105.169781,354,167.94348981749545,104.16904001890711,20,2.749025885266906,-15,4.105821917008974,26,5.433537872724457,0,3.539630294622228
2022-03-24,10.389594,105.147461,354,161.90269438891292,105.00804553071812,12,1.873751362673772,-9,2.4715352042012517,14,3.1523493977887656,0,2.1803978155326886
2022-03-24,10.391781,105.161155,354,163.28590530201976,101.79830932934458,18,2.7529138220057376,-11,3.943377262936338,17,4.929831148172664,0,2.8111895340086783
2022-03-24,10.394341,105.126836,353,166.903496954945,103.79582903650225,11,1.8835797593599615,-8,2.738301510966919,12,3.712055387392256,0,2.1261963624487152
2022-03-24,10.395094,105.169245,354,168.66760202485287,105.45263639700109,21,2.550323258471743,-11,3.7832926771130233,24,4.965299528698039,0,3.1248252409024855
2022-03-24,10.395734,105.143745,352,166.74600168627396,107.03446562460967,9,1.6994743567786896,-6,2.093582260708073,9,2.909823863411806,0,1.6969357131357623
2022-03-24,10.396044,105.180167,354,161.5646103682234,107.12421019620602,13,2.327139187141822,-9,2.6976799629808608,16,3.4658059416375746,0,2.4269149894935094
2022-03-25,10.37346,105.184697,350,159.15935508308485,105.43625406843525,10,0.9791505409989949,-6,2.208916045715094,12,2.8421699247377323,0,1.7633626212190217
2022-03-25,10.377238,105.165363,355,166.63587887331363,102.8637457236229,21,1.6881916631534573,-13,3.583286005312423,27,4.857734770236086,0,2.9238696218597564
2022-03-25,10.381544,105.174719,354,164.59735392053867,105.3280950538847,11,1.2873140350241585,-10,3.0360469821188265,17,3.9523646412115214,0,2.5123581816545624
2022-03-25,10.384444,105.3447,353,159.9724366913489,104.88872545599459,12,2.8885379061371843,-5,2.3482781192995086,12,3.0453371630346,0,1.7684572415135427
2022-03-25,10.391149,105.359279,353,161.5416779199904,105.92808714274781,10,2.5266687306909428,-6,2.131023088957684,11,3.1198396648375892,0,1.7479986761883963
2022-03-25,10.391491,105.34899,352,162.82219894667162,106.36385797620994,10,2.67339571620077,-6,2.433953599059814,11,2.9654456883689218,0,1.759037568376646
2022-03-25,10.399353,105.356462,350,158.5826112730328,103.93731788251031,9,2.8072914093760803,-4,1.9757949786728275,10,2.653272736254509,0,1.5461565134060926
2022-03-25,10.400189,105.331053,352,162.37966500243695,106.72140185951811,10,1.5019035449407858,-6,2.3052607294016823,12,3.0407253230757063,0,1.843966290907747
2022-03-25,10.405902,105.36283,354,166.58643550889073,105.4112317168196,14,2.462703083677226,-7,2.476312264817422,14,2.9660937124338433,0,1.8921217251947695
2022-03-25,10.411649,105.370659,353,170.62534826280248,102.4848404130264,13,2.8176980075745104,-8,2.811905238709988,18,3.5895702288819353,0,2.1254177678848336
2022-03-25,10.412537,105.321768,352,165.41534955258174,107.9935470271359,13,1.3776985880888306,-7,2.8490950506500514,13,3.4448228277086312,0,2.0347770418925397
2022-03-25,10.417429,105.363577,354,168.90178571428584,107.57818880137728,14,2.684914633503715,-11,2.662227155916508,16,3.2480634452231656,0,2.205886064020656
2022-03-25,10.419561,105.277369,353,159.97648717003003,105.91946596620683,8,0.9757824437536227,-7,2.123724157723062,12,2.759510511618104,0,1.6527976895256093
2022-03-25,10.434116,105.27315,350,161.3339172871177,103.30255322094071,10,1.1455625549514787,-16,2.517587778250632,15,3.134442186928877,0,1.9087129613468916
2022-03-25,10.43531,105.292557,352,164.7118407403139,103.47440584322551,9,0.8781709505853683,-14,2.7038750873841577,16,3.4681299501078513,0,2.1777404698679317
2022-03-25,10.443492,105.281103,356,166.2906480505796,103.02104370244734,16,2.19507705479452,-30,3.9723925138593486,32,5.096206533192837,0,3.52967781471218
2022-03-25,10.458369,105.270803,354,162.04439226946883,111.66430422488332,28,2.8718185979274167,-8,3.5813108990076827,26,3.4140194086519,0,2.918316707511813
2022-03-25,10.470013,105.264425,349,156.48125026752416,106.582956913638,9,1.1378152256586034,-5,1.8382928484491228,8,2.514308009917325,0,1.5084118937728637
2022-03-25,10.470305,105.287062,355,166.40460197039155,104.46303943844688,17,1.8428033296454354,-11,3.506324339287788,17,4.550069806648754,0,2.7855824244236436
2022-03-25,10.485812,105.267525,353,164.2530405694607,104.66954039389026,17,2.244872022810033,-10,2.997307833726822,17,3.6422235830979237,0,2.408381574752189
2022-03-25,10.494104,105.291042,352,154.56337105361075,106.92317239093248,10,1.8386709117068956,-4,1.8181744205197228,10,2.5448972267858947,0,1.567411293375981
2022-03-26,10.400449,105.171793,354,160.85011000737768,108.37059037282383,16,1.9927836477655987,-11,2.8678730624172966,17,3.518503636172008,0,2.4546614192944514
2022-03-26,10.402793,105.189574,350,160.63110575403093,106.50043124365745,10,1.8988071714616928,-6,2.2078687998989928,14,2.9557711560754556,0,1.8108450696506666
2022-03-26,10.405702,105.208668,350,157.04293787543477,106.23071825139463,8,1.3082187269469912,-8,1.9732651921259945,9,2.5943921909579526,0,1.618573089097111
2022-03-26,10.412311,105.176834,352,161.15351885394364,104.75124621063317,12,1.6666655689115761,-11,2.5764416938269217,14,3.1282364564465666,0,2.031636819039199
2022-03-26,10.414226,105.195214,350,163.12916228935387,105.97108080569745,10,1.4017928595187201,-7,2.0858001605441507,11,2.811670711907499,0,1.7371025405370664
2022-03-26,10.417324,105.208881,352,165.67046405164191,105.87924314947084,10,1.8836511543655108,-6,2.3414740169820236,13,3.0009287619800404,0,1.8230769114088903
2022-03-26,10.426155,105.176598,353,164.1108703526855,105.42106698910713,22,1.8827378404188762,-13,3.036595980811918,19,3.8626337800902277,0,2.58556084805442
2022-03-26,10.427104,105.210954,350,160.6211811352941,104.52207118494049,13,1.4530012481187664,-8,2.071919868455712,14,2.897937475506905,0,1.7462277543614424
2022-03-26,10.437524,105.185343,350,161.5165442750355,105.94379052186515,7,1.5524022787894758,-11,2.03894406692768,13,2.676632528731848,0,1.699982541162556
2022-03-26,10.437524,105.202166,353,167.0141867327045,107.78052401747543,9,0.9569655935507666,-8,2.1288948921933604,10,2.8021036408662194,0,1.8462195894559505
2022-03-26,10.445632,105.21046,354,156.5306231313305,103.34051771302826,10,1.8071895209620281,-7,2.2965326222414726,12,2.9684943956376886,0,1.8083546072782615
2022-03-26,10.447684,105.190977,346,154.5000148174002,107.63050652169824,14,1.8412134462968033,-4,2.110519884886976,14,2.704521282725875,0,1.7263381686781962
2022-03-26,10.44819,105.181879,349,165.76072910492,108.77225433289115,8,1.7353421589936122,-4,1.863432436794989,11,2.5282157676348556,0,1.4583726929665672
2022-03-26,10.452516,105.191857,350,156.8071151737468,105.13197676754993,10,1.3198173131065003,-5,1.951118930092443,10,2.6261273868990958,0,1.5955097296964564
2022-03-26,10.452537,105.205118,354,168.61041172034763,104.14397841502343,11,1.4909558511181293,-11,2.9014124838467485,14,4.185282388853947,0,2.3514854841581707
2022-03-26,10.452718,105.220233,349,158.77894632861393,108.00657878152934,11,1.6778827790582815,-6,2.092951343504827,10,2.6317122160026347,0,1.5643440994797861
2022-03-26,10.458467,105.196191,354,170.6345557944791,105.65992376168744,10,1.4454601435077408,-8,2.6773803096275293,14,3.582023004705656,0,2.102912677024549
2022-03-27,10.375656,105.29185,350,155.0774206936077,109.12127744797067,8,1.6702250651348305,-4,1.6950886987080647,8,2.255252782434841,0,1.3982720510525555
2022-03-27,10.386495,105.284636,353,159.5064112909867,105.3280333140157,8,0.9297442400487478,-9,2.4429435709828096,14,3.2111262989739977,0,2.288762067411638
2022-03-27,10.396712,105.324921,352,161.78631296415236,106.90053910006874,13,1.9948788881753372,-7,2.47581133552745,11,3.1615768413772667,0,1.8812279435285928
2022-03-27,10.396951,105.281083,352,161.66359827950757,106.21258164407492,11,0.7092354611143683,-8,2.355629012128524,18,3.3324364201637526,0,1.9696659871931568
2022-03-27,10.399444,105.118528,350,161.72333494725135,105.31378822757907,10,1.5760468233813894,-7,2.4806343396931845,13,3.202029584103239,0,1.9303045946952306
2022-03-27,10.399645,105.141286,353,169.6285878962537,106.00716372675672,9,1.7122997118155625,-6,2.158369221909273,13,3.0595636064223974,0,1.7965904699558273
2022-03-27,10.400025,105.152916,354,161.27054336585138,105.84303750571114,15,1.649651215640294,-8,2.2624510618477993,15,2.8881979804101094,0,2.064318973508943
2022-03-27,10.403175,105.123726,350,163.795856331757,105.21021847995539,10,1.6541772602126177,-5,2.144809697995731,10,2.918098167590995,0,1.7511354876074585
2022-03-27,10.40466,105.311554,350,154.78360799346612,108.08691684646918,11,1.6006593160501643,-6,2.355771675632639,12,2.87183515122774,0,1.789588381634642
2022-03-27,10.406597,105.221367,353,160.11583558395367,109.14736642843012,9,1.914053751399777,-7,2.2247814159663286,12,2.6891937290033616,0,1.6712157992098542
2022-03-27,10.407581,105.1521,352,160.59054773227246,105.71814455871237,9,1.561412406307219,-7,2.0048831173534047,9,2.7162607195078565,0,1.6482416338077723
2022-03-27,10.408003,105.139183,352,159.08992290440608,104.42385776410786,17,1.8994431070084214,-7,2.3226835993529606,19,3.1966151708057677,0,2.1746903720779724
2022-03-27,10.408214,105.131329,352,158.20188248002572,105.43613050813319,14,2.003481073105828,-7,2.436168737052979,13,3.121850732112158,0,2.0074759494396774
2022-03-27,10.409187,105.288345,353,159.71118195500608,107.25822174377934,6,0.16016282386107283,-8,1.906331937119809,10,2.5687143699302797,0,1.5900544681172473
2022-03-27,10.410742,105.220616,353,157.91486418842376,107.76916006286001,11,1.6224049582422204,-7,2.0746475288132893,12,2.7095232763390156,0,1.7309743302169136
2022-03-27,10.413742,105.22261,353,162.48955153096017,105.8682184311981,9,1.4362404613464286,-7,2.203759752483313,12,2.9494554280990535,0,1.7268314665059987
2022-03-27,10.413908,105.234515,349,164.09864447415737,103.7009293171698,7,1.416379599928865,-11,2.096328480104647,15,2.8882053443812867,0,1.774753663721651
2022-03-27,10.415236,105.156765,352,168.87521283638034,105.62072876352924,9,1.5474530442600876,-11,2.692111665840624,13,3.4875920918728642,0,2.0899290601556624
2022-03-27,10.41636,105.142144,350,162.67110597363433,105.01401547751624,10,1.8962229664977241,-8,2.2989940234324844,13,3.1460755933621187,0,1.852217556482826
2022-03-27,10.417011,105.261676,352,158.93636809743225,106.30485423172786,10,0.9132385051887617,-5,1.9193984808391304,9,2.6592180794830695,0,1.5901745076976765
2022-03-27,10.419552,105.116409,353,155.94134016578352,103.62141043843111,16,2.3593853429453087,-8,2.4843238487723847,16,3.3817302214069533,0,2.271672399027519
2022-03-27,10.420174,105.16361,354,168.13237163653113,106.14217490502111,16,2.4172512597569398,-16,3.0403418981523513,23,3.648081546619239,0,2.6148895207755287
2022-03-27,10.420483,105.223648,352,165.4075358481369,104.28122387117789,10,1.9286100078381776,-8,2.1960935597193387,10,3.002875096330546,0,1.803193004907814
2022-03-27,10.420702,105.15698,352,159.7315939050856,106.29858852260939,9,1.55750288971656,-11,2.3734649943606896,13,3.135353994395102,0,1.9561547745992822
2022-03-27,10.421066,105.136822,353,159.34726023111605,106.06340412558147,8,1.7535969860731013,-6,2.0851201814455447,11,2.8798084681071083,0,1.7112073706843847
2022-03-27,10.422463,105.151846,353,163.77837059871635,104.86326316963932,11,1.5055906307944134,-11,2.394774035431321,13,3.2735209940948455,0,1.9924161769625899
2022-03-27,10.42324,105.126544,352,166.57537747188513,105.44574032667032,18,2.307039006800256,-4,2.666070424933508,19,3.5453180313832675,0,2.2932499053561215
2022-03-27,10.426536,105.115181,353,159.8557612199804,104.82980223645085,16,2.480056112250846,-6,2.5244206018522304,16,3.645929721381601,0,2.188205285116463
2022-03-27,10.428426,105.156744,353,157.78579614310556,105.27740859506069,8,1.3289425154117707,-16,2.2866743919422543,21,2.983116207387112,0,2.010603426567184
2022-03-27,10.429142,105.151556,353,164.0405105474949,103.98575004659764,8,1.669243991912379,-16,2.214577314831657,21,2.994928772301875,0,2.003053469667643
2022-03-27,10.429339,105.125493,354,165.62029468525853,102.76784579439924,15,2.1458474671163135,-8,2.864275418836727,16,3.8082009972138633,0,2.2793297682368907
2022-03-27,10.430085,105.221996,353,167.5725336389323,104.31114718202379,13,1.7375833975486228,-9,2.461803314766354,13,3.3198942258929227,0,2.1147615830840087
2022-03-27,10.43062,105.165627,352,164.55039650652708,108.11235267930611,11,2.5493196158760667,-6,2.4352780969222927,12,2.856526550129752,0,1.7258645866181777
2022-03-27,10.433791,105.231265,352,170.66396862455827,105.02319003474946,11,2.312680907674931,-7,2.6189788170634922,11,3.0714838463235585,0,1.730512073891537
2022-03-27,10.435839,105.132981,350,163.35062732571535,105.42902621210571,15,3.468620542035764,-4,2.93957987235748,14,3.2528270820298353,0,1.9863756970612902
2022-03-27,10.438048,105.153225,350,162.70740935884353,106.59141597561963,11,2.498992327197287,-5,2.2198031050399205,10,2.7883623670431716,0,1.7767010628315238
2022-03-27,10.451085,105.243664,349,160.68533006690885,104.18069675716986,12,2.1390765765765765,-6,2.395611187409029,12,3.1885602707971135,0,1.92923277887392
2022-03-27,10.454948,105.23029,352,157.95584656772846,107.48389355244066,12,1.7417111471857907,-7,2.087690990853181,14,2.738230635744887,0,1.7164439982705078
2022-03-27,10.455571,105.240074,350,167.05668864053956,106.70509068835837,9,1.387225299149802,-8,2.2539597305897416,14,2.960908019256225,0,1.8477845545791027
2022-03-27,10.467229,105.24767,352,165.92950701999314,103.57568516157322,18,1.6166431788847029,-10,2.7375144311530075,17,3.5201972973684885,0,2.451548505142467
2022-03-28,10.257715,105.375007,352,161.70873434529489,106.229613997141,10,3.6863358846535315,-11,2.2950124396659466,13,2.8768578893783587,0,1.7744045075329211
2022-03-28,10.275826,105.364451,356,163.60900278742432,104.80697535969836,12,3.0586545241280234,-10,2.698226249863966,15,3.386255955401213,0,2.2299131681708664
2022-03-28,10.292156,105.361294,353,161.39919673686697,105.4414609867074,12,2.5817496507551603,-5,2.115385933290285,12,3.0190667914283438,0,1.7346751884932812
2022-03-28,10.3037,105.354593,349,157.34416664744896,103.68416303445954,15,3.7514718042821515,-5,2.8697322694198033,14,3.5028480689466575,0,2.171434383832018
2022-03-28,10.314233,105.359823,353,162.19815246146283,103.6670731908456,12,3.723267850259767,-8,2.9820730596983673,11,3.5379111086219535,0,2.147554693817286
2022-03-28,10.34297,105.382435,356,167.63575035492775,104.05546867346051,14,3.7525651963384004,-9,2.812451566844012,14,3.393987805641293,0,2.008540019832642
2022-04-01,10.468679,105.203699,353,163.106681857696,105.31473756928312,17,1.9339848792181442,-15,2.695782322249646,15,3.2651668817997423,0,2.2668212952170728
2022-04-01,10.48195,105.238448,352,158.8767380374624,108.12272007018346,9,1.6672845623750905,-5,2.144980395781854,9,2.763913354120093,0,1.6072730497624335
2022-04-01,10.482003,105.203866,356,162.0773141395217,106.1682230038009,10,2.9160775610864316,-6,2.5280779579928434,14,3.1201149784826896,0,1.9522694706515518
2022-04-01,10.494453,105.241281,350,154.24784765868057,105.2983550421277,9,1.6142049588627068,-6,2.0255205963077785,10,2.7264361836971864,0,1.6309110565189127
2022-04-01,10.501829,105.273585,349,163.88252472574504,105.00792839507474,12,2.3621218705964475,-5,2.3260835163573312,15,2.9619335466793104,0,1.8627569126691352
2022-04-01,10.50203,105.222373,352,162.34265923053124,106.05947767090153,11,3.1482837408063413,-10,2.5390954865457007,14,2.9515246492088676,0,1.9158056692850278
2022-04-01,10.50915,105.265098,352,165.78690559279394,106.65591799606314,10,2.152820759313641,-8,2.0831170106820456,11,2.7660857026219094,0,1.6313745881164081
2022-04-01,10.510542,105.248554,354,160.3001744855967,105.85986986194285,12,2.105260905349794,-8,2.491045443188656,19,3.34398683127572,0,2.0885171710596313
2022-04-01,10.524082,105.268907,353,160.33628414724876,106.08350433618241,14,2.496763871239605,-7,2.1502081734269973,14,2.9605804620783656,0,1.9373337857902786
2022-04-01,10.524439,105.254678,350,162.80078487663877,105.05254015024006,15,2.7008875953934584,-5,2.6127707102193773,14,3.5495519223551573,0,2.2081957853323804
2022-04-01,10.536277,105.293087,353,165.49892184974362,105.03798097055386,12,3.196618394066387,-15,2.7044697438925334,20,3.1226325960212113,0,2.305867091607466
2022-04-01,10.542998,105.261159,355,165.0040522346543,103.79776635816236,20,3.995835843348706,-11,4.120721420973852,18,5.2718486551255355,0,3.0691091205516283
2022-04-01,10.549477,105.273725,353,168.8654725496844,102.74374842731876,16,3.6472197440801652,-12,3.824638823148509,21,4.780835311274758,0,2.958244635830301
2022-04-02,10.485464,105.251956,352,160.55228544054367,105.03807997398776,8,0.9054973709943468,-6,1.9745532337078229,11,2.714045837215657,0,1.6245849783138564
2022-04-03,10.44784,105.141425,352,159.93015727702613,105.58465593863694,12,2.509237061527721,-9,2.3132608354869792,16,3.294782459791614,0,2.069075668441176
2022-04-03,10.458071,105.162504,354,165.7205700287122,106.01543647577498,9,2.6881338408450333,-5,2.007964337923906,9,2.7463846376735255,0,1.653123264364179
2022-04-03,10.461453,105.172294,353,157.86095798839557,104.68223264985747,9,2.413793557649876,-3,1.9032725298035211,8,2.6804081955228876,0,1.541748110626614
2022-04-03,10.464233,105.183189,350,163.0110313851139,106.4394319218291,11,2.7863764040318877,-5,2.689563343073746,13,3.3433263413011782,0,1.9753674316809544
2022-04-03,10.467778,105.163448,350,161.08019652330253,107.64905687527207,10,2.4366386875615387,-4,1.9418087408188447,13,2.6053464348868394,0,1.5647004508099769
2022-04-03,10.476738,105.227333,352,157.33818357831524,105.4678468133273,8,1.6436041304462352,-7,2.1796962917642992,11,2.9160212844423357,0,1.7362893030203947
2022-04-03,10.505489,105.203926,355,168.62419050566427,104.47402912818897,38,2.5817297087301894,-9,3.6566178402730185,32,4.594480787781611,0,3.231612349658447
2022-04-03,10.514912,105.216308,350,163.450642787773,106.46623454322719,10,2.6268242498065884,-5,2.2112575533083096,11,3.1562970156869845,0,1.860154581235166
2022-04-03,10.522871,105.184845,354,168.2123522633745,105.91570817686345,12,2.857544032921812,-7,2.771944240066232,15,3.852885596707823,0,2.3549571004536958
2022-04-03,10.527792,105.204924,352,160.00157026697823,106.6120665084592,9,2.515765217105046,-5,1.8869558472294168,12,2.6120617572505513,0,1.5521351246069282
2022-04-04,10.474439,105.216928,350,159.77633225330587,108.73154155386696,13,2.4277567040724928,-7,2.311708183877772,15,3.1915237606027067,0,2.0916045816562576
2022-04-04,10.498551,105.167513,353,164.1249773657335,102.35725214989631,13,3.18107413174954,-6,2.974632940419293,16,3.784185973010078,0,2.2272994899082508
2022-04-05,10.195117,105.200047,354,162.22343713956164,102.57403810429281,14,2.3997198879551807,-10,2.7713098167251435,15,3.8786356895699443,0,2.2514980595638323
2022-04-05,10.208515,105.202809,350,164.0848576917628,105.76057368619168,13,3.1289457294347547,-5,2.1899449608358013,11,3.2365411041287033,0,1.7988592571090394
2022-04-05,10.22418,105.198785,353,160.47532589067984,106.1599841209518,12,2.0106631166879754,-8,2.5239529039190574,14,3.5003954184185897,0,2.1448633774671824
2022-04-05,10.227343,105.230821,352,169.69468453536217,108.24815891141681,11,2.8085661656885437,-4,2.5066254706664,12,3.238050831540201,0,1.894994085327268
2022-04-05,10.228207,105.177659,353,167.01837365476254,104.71143781221099,13,2.3607081897205093,-10,3.0247698085388732,14,3.9949946948378465,0,2.3231577150394425
2022-04-05,10.236082,105.210347,354,165.3553074687457,107.2540311986679,9,1.6369522667211471,-13,2.550680057920538,13,3.3443149091532174,0,1.968969883880431
2022-04-06,10.46658,105.139698,353,158.14878947420402,104.92275621089829,10,3.443678365288054,-4,2.279528027382229,11,2.8622308707949338,0,1.6942015409655704
2022-04-06,10.540457,105.207852,352,162.0479316315848,104.93582936778816,11,2.6120039767452568,-7,2.4141690082263096,12,3.078922591731794,0,1.8920185496545274
2022-04-06,10.550361,105.218667,353,160.34243175361846,106.84390806673916,9,2.0509959215113125,-8,2.1469533724899854,11,2.860972582944083,0,1.7456911545071214
2022-04-07,10.445962,105.123164,354,164.52654162029037,108.16621392957106,11,3.2637400633574165,-5,2.7329671529231643,12,3.4209217779592613,0,2.082916222479304
2022-04-09,10.297494,105.145318,354,165.6828841591987,105.32673349547413,12,1.4504810226673701,-20,2.771755922793754,25,3.553383632050609,0,2.469591105191892
2022-04-09,10.30701,105.130668,353,164.92778451320424,104.17493561914853,11,1.1797809814980749,-8,2.359700268504378,13,3.234855173686151,0,1.9957509722870512
2022-04-10,10.248814,105.361138,354,160.20378742445905,102.69413870028164,15,4.1655507153731115,-4,2.7233112245200437,13,3.747774138487799,0,2.2041491359968703
2022-04-10,10.249044,105.347198,354,162.30676643668173,105.12916702933177,13,3.058913073562265,-15,2.425726891995469,21,3.111658066939487,0,2.1338902125006842
2022-04-10,10.252308,105.334358,355,165.76796146255148,105.40479709660468,39,3.741295630599311,-16,5.10580788218151,31,5.740349986985042,0,4.247922383494044
2022-04-10,10.258961,105.323388,354,166.91929143587697,106.58734030402064,12,2.9932550652910996,-5,2.6208593413618515,14,3.3286730568360423,0,1.9472401367802414
2022-04-10,10.27049,105.316832,354,154.71071082614515,103.830218272513,14,2.507505617681366,-7,2.4948933500317487,17,3.172912561860394,0,1.9977940013286213
2022-04-10,10.272277,105.291556,352,166.72129419129516,105.09202055474564,8,1.8610721228295588,-8,2.185345806556295,11,3.07914730980857,0,1.752697512005595
2022-04-10,10.277579,105.307934,352,157.01406803393465,107.19626040117696,9,2.128506712791368,-10,2.1938170377977984,13,2.7440836833868705,0,1.8097974752798922
2022-04-10,10.282445,105.330149,350,161.85282616072402,104.36623407307127,10,2.2542605727764804,-4,2.054791239507558,11,2.7748625382570293,0,1.5552452788115865
2022-04-10,10.28697,105.341571,350,161.95831562439258,105.34832738756944,10,2.78290980136334,-6,2.345034698820205,11,3.015402660130008,0,1.7660148468918733
2022-04-10,10.290802,105.32462,356,162.56034633289735,105.26375319577075,26,2.502620888697069,-10,3.4254447382251962,27,4.050981309488902,0,3.243591090121291
2022-04-10,10.291025,105.299533,352,158.41632623477935,102.98715050400337,19,1.9965374782562848,-6,2.298188376977522,23,2.8794047493542765,0,2.0849874008197804
2022-04-10,10.298963,105.275991,354,167.99036028675343,104.8531027669527,15,3.613719624690318,-5,2.7700448780644096,14,3.4141518633704084,0,2.1387727343446743
2022-04-10,10.306886,105.290958,354,163.53048396820316,105.45338643545728,14,2.40604770830794,-16,3.682711788777553,20,4.642286519981683,0,2.7806962487200435
2022-04-10,10.309795,105.31553,350,168.92837870337132,106.73370952816985,15,2.634886226242914,-9,3.104797979792213,17,3.6636599339133773,0,2.2597045071133897
2022-04-10,10.316024,105.309873,352,160.20603766623506,105.83098487914515,13,2.7441963888641814,-6,2.3489849435219554,15,2.7689558276590205,0,1.7770469680124343
2022-04-10,10.328521,105.30163,353,153.7253169685649,109.78253328881763,11,2.4555124036906366,-5,2.241505439793971,10,2.733390649550856,0,1.6392681032220024
2022-04-10,10.356519,105.30945,349,157.11183909295443,107.8337759451622,11,3.307175397507733,-4,2.6356994481836034,9,2.9700572173964606,0,1.6753382960353431
2022-04-10,10.359519,105.360913,353,163.9784025032938,107.16394019148812,16,3.227549407114624,-6,2.968545523511794,16,3.3850164690382085,0,2.0228033090274273
2022-04-10,10.363786,105.288188,352,157.16717942974606,108.53906814286,11,2.853526536312849,-6,2.5392100513873594,11,2.8491784810793703,0,1.742415883791903
2022-04-10,10.364433,105.327337,350,165.59805994729913,106.74694606028446,10,2.8090711462450573,-4,2.2990762163807528,9,3.0197002635046117,0,1.6367465532010357
2022-04-10,10.369819,105.304833,353,157.42893845768725,105.1834007745691,11,1.8840630311334796,-11,2.417832648864602,15,3.1722058261637187,0,2.0772121861085777
2022-04-10,10.374447,105.330923,350,163.07581307106014,105.716124076272,12,3.0211263430412187,-4,2.3728976971860902,11,3.005517091455262,0,1.7397883812080197
2022-04-10,10.38045,105.349866,353,161.49263008112683,104.41720293499067,8,2.2363215952621727,-5,1.97611300475324,10,2.7903418654211647,0,1.572947168351172
2022-04-10,10.455882,105.126628,353,170.4585785080426,105.93163010502492,14,3.80495892260327,-5,2.980732144759968,11,3.6249790085447575,0,2.016458191107902
2022-04-10,10.475484,105.13594,354,166.8645568536543,107.09059784765168,13,3.208563281219129,-8,2.574669435769929,13,3.2228771255087394,0,2.000764349741873
2022-04-10,10.479304,105.102943,352,162.42926715224644,105.61613077485714,12,2.237806725234778,-8,2.261302620722699,18,3.1150573607470733,0,1.9782910511693914
2022-04-10,10.492507,105.122386,349,158.5904950038685,105.11178493186307,9,2.699050158855583,-5,2.1291275463373185,10,2.90871977216982,0,1.7127321303799143
2022-04-10,10.499686,105.158111,355,169.14229410389555,106.19913994506496,21,2.8190373021543667,-8,2.9640774783846777,17,3.7917875334613074,0,2.511350693638949
2022-04-10,10.505349,105.165087,355,158.70077965007937,106.18534107759443,19,3.1911821839421064,-8,3.0688502231351293,17,3.7657164681324624,0,2.3183592683542202
2022-04-10,10.510203,105.111601,352,163.19579367404916,106.92017353010564,10,1.4838196705659252,-8,2.524617261387688,11,2.9693744176628813,0,1.7280476998113072
2022-04-10,10.513536,105.127422,350,159.40409181899597,103.69367039841393,13,1.983159274087342,-5,2.4428814024569485,12,3.22906679660749,0,1.9411887710699485
2022-04-10,10.521024,105.146349,358,165.9095589881353,104.76869905180867,17,1.8815990466031947,-30,3.8153901991034727,36,4.546906069345133,0,3.576073986850605
2022-04-10,10.522164,105.178664,353,169.63219298938665,106.84885465626341,11,2.400453635669327,-7,2.551948471570116,13,3.3824168444339087,0,2.0904361235929243
2022-04-10,10.522821,105.229739,350,164.7011146884733,109.26123336832266,11,3.3577405995483294,-5,2.198713426623944,10,2.8624449404467978,0,1.7048210996979152
2022-04-10,10.5263,105.091077,354,173.6053883404056,105.1902072227653,12,1.826864010903093,-11,2.91273134518841,17,3.9376002001534065,0,2.358885506250443
2022-04-10,10.527277,105.237319,350,163.77432629063165,106.52670753083255,21,4.06935601746081,-3,2.940701745735126,15,3.2411593134188816,0,2.202496779451008
2022-04-10,10.531488,105.186775,354,170.3467947958229,105.53791361931982,15,2.208081486456234,-7,2.7937418573903097,13,3.6903600258101883,0,2.146857460479407
2022-04-10,10.533759,105.243145,349,169.1432385366706,106.96244947688324,13,4.103366658656299,-9,2.850320861745239,11,3.2013872200623505,0,1.9346366310737926
2022-04-10,10.534074,105.126326,353,164.51696815076957,106.23465303242095,12,1.0648967163196443,-8,2.3117907334960512,13,3.2425446465311487,0,1.8527992598456982
2022-04-10,10.534615,105.134916,353,159.2235175211031,107.48349689611183,12,2.130249417280114,-8,3.157080473876174,13,3.3751201654002676,0,2.204753428535413
2022-04-10,10.536087,105.175145,353,164.9084603711227,105.28815594506783,11,1.8346637873994753,-8,2.3727376807790748,12,3.2076528815166188,0,1.9800801587618106
2022-04-10,10.539297,105.225673,355,164.08563612301734,105.23014124254915,16,3.008365101625615,-7,2.52062858793122,13,3.3458299589810436,0,2.131287928991068
2022-04-10,10.545098,105.112895,354,159.4885638665586,106.37416435748558,10,1.412908938882194,-7,2.3257779781358816,10,3.0038219202433383,0,1.8131346763841119
2022-04-10,10.546629,105.163964,356,170.94026961631522,106.20855333089209,12,0.7979161522887761,-11,3.250216154886224,15,4.317561272694355,0,2.5788433192222606
2022-04-10,10.546679,105.126512,352,167.76660192896418,102.6462032686911,17,1.5208565127226046,-9,2.6884147180346125,17,3.7279238947957496,0,2.2786645859556613
2022-04-10,10.546857,105.181035,349,160.87020413000334,105.5916163726097,10,1.976206230228094,-6,2.2925287764813405,10,2.894685904462812,0,1.786856236943691
2022-04-10,10.547628,105.146859,352,165.71389116573354,109.09600546864732,11,2.450018598802436,-7,2.7741123189589856,13,3.0799123058235653,0,1.8187750530810796
2022-04-10,10.548566,105.198194,352,159.98995641525337,108.00782468011303,14,2.302818524175706,-6,2.3903267647062423,13,2.9312256399452226,0,1.9676806121210355
2022-04-10,10.552114,105.091399,354,163.91885361389458,105.3448301750549,14,1.8406436406252054,-9,2.6278291279102106,20,3.45582212975521,0,2.296990407229972
2022-04-10,10.554634,105.1522,354,165.0383588609198,109.4002209439123,14,1.8274163975654159,-6,2.667689633864375,11,2.9444844941719417,0,1.8273109871945576
2022-04-10,10.555822,105.1711,354,163.67869686725413,106.3254392656675,11,1.01537570237433,-11,2.7719479539794554,15,3.7008239217093335,0,2.185969401391399
2022-04-10,10.558195,105.203328,350,159.82437601638065,106.48060614115833,20,2.077564241837682,-7,2.428854852378527,17,2.9443105729917627,0,2.141457655212584
2022-04-10,10.559295,105.124493,355,161.12484734369798,108.2029909435403,10,1.4363057010339484,-7,2.400876076934087,11,3.223762043800427,0,1.9226498740590976
2022-04-10,10.562531,105.169469,354,154.72327195159681,103.690133175732,11,1.314600601747305,-9,2.3594841831776927,13,3.033849931859028,0,1.9015260213254441
2022-04-10,10.564704,105.19729,350,166.29166460939894,102.74088698408558,7,0.930711222148709,-5,2.0910486012908556,8,2.8667581739362276,0,1.55345237639082
2022-04-10,10.56526,105.088832,353,163.20611383034407,104.77927138430113,12,1.6884856304908118,-10,2.511485070123,17,3.249444541363976,0,2.063691371982124
2022-04-10,10.565735,105.172074,349,155.82191032317098,102.03417341675078,8,1.407867624307937,-9,2.378691266828412,13,2.847983225916879,0,1.808364852332731
2022-04-10,10.567359,105.177342,350,160.72601734138303,108.14021849924157,8,1.4006063558736213,-3,1.8972454813840909,7,2.497336906070804,0,1.4359679047298268
2022-04-10,10.570816,105.208925,350,163.89650632311407,105.73120903632845,12,2.056884985813315,-8,2.7409398595184813,16,3.2752085212273623,0,2.086883051900328
2022-04-10,10.571202,105.135919,348,167.68990908432565,106.18283845595245,13,1.7761703500352197,-6,2.337732655012435,16,3.182469930677621,0,2.0242900323804096
2022-04-10,10.571793,105.16066,354,166.49282269877074,105.28967697289828,10,1.2021987788219408,-7,2.578893983721742,12,3.555194944125342,0,2.0833439275577983
2022-04-10,10.576126,105.183375,354,157.51608879116833,105.78428716824081,14,1.5667250357126399,-7,2.7122624401528217,14,3.6722369607720533,0,2.19921554322627
2022-04-10,10.580993,105.154027,353,161.90406035231848,105.90356800212838,11,1.7716183479474417,-9,2.9354689577803126,15,3.7801498275271865,0,2.2306388183508483
2022-04-10,10.581404,105.200348,352,161.03678810878768,106.22675268033386,8,1.099631032746255,-6,2.0245743963906424,11,2.7133279134753674,0,1.6855579023506937
2022-04-10,10.585739,105.193578,354,168.9289720364421,103.83544147095388,14,1.5126356048238447,-9,2.9358221532069875,13,3.716803149191638,0,2.303207934668186
2022-04-10,10.590564,105.128439,352,159.3573857035187,104.61084055850283,11,1.9595605538495968,-5,2.1302935047283684,12,2.7650779858937513,0,1.8190710648747523
2022-04-10,10.593644,105.075243,353,159.63567330575,106.1900532378952,15,1.7310825622846093,-7,2.495427187342975,17,3.3519273749452774,0,2.140342201841485
2022-04-10,10.603094,105.127872,350,159.37656750903471,108.44840367325389,14,1.760803881168827,-7,2.2632177825780504,16,2.938145517500149,0,1.782759636422696
2022-04-10,10.612095,105.141919,354,165.04428471755995,105.12008329264438,9,2.2138903150217866,-10,2.3125841737344985,17,3.1420428366441566,0,1.9970278899821226
2022-04-10,10.619493,105.095029,354,161.08611588307713,106.66806709294468,11,1.855142862784591,-9,2.0489992160367185,13,2.7030323374734286,0,1.7555292250659333
2022-04-10,10.626774,105.140369,352,169.28717739440648,104.66117307758697,29,0.9010544537837252,-12,2.9334690001035226,30,3.6547223337523955,0,3.1173029879971894
2022-04-10,10.628311,105.12253,348,161.41223471647706,105.7673895671045,10,1.8827997222523891,-6,2.0364047573978894,12,2.8048823028041325,0,1.763376796626903
2022-04-10,10.634849,105.13078,350,161.16510624574238,106.52903635275072,10,1.5214614096113146,-7,2.3827857285038645,13,3.24630188468133,0,2.0320240752119387
2022-04-10,10.636733,105.155635,352,157.33128190276207,106.20880970983087,8,1.6770839846899646,-5,1.9740534441259658,10,2.7110148657409985,0,1.6611451498661234
2022-04-10,10.64394,105.165296,350,162.4092333107366,104.03828889072301,9,1.4528856975496753,-9,2.35727755176177,13,3.1767946346889224,0,1.9976058922418811
2022-04-10,10.64683,105.119494,352,164.3876454966384,105.98961095127245,9,2.102194008681258,-5,2.070892153722891,10,2.7671395615931647,0,1.641536396307281
2022-04-10,10.649258,105.142121,354,168.23602486516003,105.60952209657799,14,1.968368988972583,-8,2.926498645824509,15,3.867776318863758,0,2.4138894606456796
2022-04-10,10.653314,105.174185,354,174.20406914184738,104.29880782424058,17,3.1301131633415276,-10,4.127320338659668,24,4.932240199804542,0,3.1194158143677053
2022-04-10,10.663484,105.168203,350,164.2002461327866,106.1238024798047,13,2.777921099305365,-9,3.090345909492989,14,4.060809276705242,0,2.27207842486013
2022-04-10,10.676956,105.147011,354,163.75563803394337,104.54935019373713,14,3.2257286504912472,-11,3.048537242458984,19,3.7107542165979,0,2.329764119080707
2022-04-12,10.327543,105.350908,352,163.98591122457378,103.7246144997897,10,1.6927546734744299,-7,2.5171451888758316,11,3.38083175492053,0,1.8974842530655316
2022-04-12,10.331447,105.158675,350,162.1895284025774,105.02208248225357,9,0.8819392286305363,-6,2.253827051712139,11,3.1692526122992186,0,1.7993166337222077
2022-04-12,10.33791,105.357013,354,160.83298579198262,104.70329889132034,12,2.824114428401541,-9,2.4775145221812465,12,3.326448390932961,0,2.0917109603930064
2022-04-12,10.339092,105.325101,353,159.06802998959054,106.79333682372295,10,3.2317670931442923,-3,2.230559646661793,9,3.0781132647279694,0,1.7562589780346298
2022-04-12,10.340626,105.172116,352,158.6289922485729,104.8399509234393,10,0.8580167810328873,-10,2.283944585810831,14,3.033021804801075,0,1.7887179670476805
2022-04-12,10.342217,105.346028,355,168.5004397740189,104.0453956645603,12,3.9010854347503865,-8,2.97218339017909,13,3.6295060365984244,0,2.2641603146615075
2022-04-12,10.342299,105.365285,355,169.64859167223898,103.9398043125003,17,3.953087582801636,-4,3.2735919623430596,15,3.8118891783903783,0,2.2449815902586714
2022-04-12,10.342809,105.315657,352,160.97251952655319,106.70663940647759,11,2.6234101218535977,-4,2.349626061820367,12,3.0567694796103595,0,1.9150081555512144
2022-04-12,10.345924,105.270456,356,164.21484851080072,105.02891847557478,26,2.8841547370432092,-12,4.43487757783098,24,5.8551547172794525,0,3.3923487318472203
2022-04-12,10.346876,105.206507,354,156.9831964607483,107.30307004435727,9,0.486512038528562,-6,1.804724904210564,10,2.510816393086206,0,1.6100176172825347
2022-04-12,10.358094,105.189541,349,151.78553735885842,105.78725140129215,10,0.5793653407818282,-10,1.9512771203331276,13,2.5936013649718705,0,1.711434849769019
2022-04-12,10.35853,105.127583,350,164.50556009381015,107.39406065066423,13,2.107436954860471,-8,2.562581660541536,19,3.5856017286358,0,2.207070796698124
2022-04-12,10.364419,105.164984,350,157.15409723754732,107.18738087163193,8,1.3499820491622396,-4,1.9943029350805483,9,2.761418544368213,0,1.5727664270107156
2022-04-12,10.368014,105.238516,353,158.29259704540593,106.1351965874117,10,0.6849552858248655,-12,2.745655080139894,19,3.311958365585732,0,2.393609084517248
2022-04-12,10.368598,105.136423,350,162.77744510978044,104.63195820140494,11,1.75619388286134,-13,2.1357572439966295,18,2.857226141775853,0,1.9291850283530456
2022-04-12,10.467721,105.192464,354,162.48164855173866,103.62219731047809,14,2.8121985189770475,-5,2.6663687079631355,12,3.2204149366663457,0,1.9749599165572174
2022-04-12,10.557185,105.227883,354,168.71302770535416,106.39740719106693,16,2.7411610176187113,-9,3.195036717004958,17,4.435868820942301,0,2.5843031111369417
2022-04-12,10.595261,105.15779,355,171.026613304019,105.41224420440483,13,1.4987509585858017,-11,3.4976421255928263,17,4.807200007899075,0,2.8980136855166143
2022-04-12,10.599524,105.186221,350,167.2461345041174,107.47178572447781,16,2.4584290519414704,-10,2.947239468589924,16,3.5814206067627268,0,2.273918086318083
2022-04-12,10.603991,105.147312,353,167.4257304513543,103.53340726413977,15,1.768283089602691,-18,3.7267874056884924,21,4.897208535345056,0,2.998455965566911
2022-04-12,10.605148,105.164514,346,156.0621982484837,103.11908034050879,9,1.59286624036123,-4,1.7846224045029986,8,2.4724387940141717,0,1.412931530433782
2022-04-12,10.61225,105.175364,348,161.39242635176726,105.17630582257092,9,1.921630578950315,-5,2.16081469559938,11,2.912458078678791,0,1.7529289408681208
2022-04-12,10.630244,105.19128,350,156.65863523867205,107.03114887566456,8,2.005005792369869,-5,1.7591780645799822,10,2.571933993312447,0,1.5456911673496523
2022-04-13,10.29466,105.248528,353,159.15677444010308,106.10451465409052,9,2.003261535623217,-6,2.0212583502394925,10,2.797445459876524,0,1.6169300148634749
2022-04-13,10.303589,105.234936,350,160.16795145477542,104.93407222764186,10,2.4735696025722116,-5,2.0905792232336653,9,2.7390595351043636,0,1.6152430955462855
2022-04-13,10.304295,105.27046,354,162.64303645672052,109.0283990811611,14,2.7830485804083858,-4,2.3018904192605016,13,2.982766572883792,0,1.8495305889049214
2022-04-13,10.307585,105.254064,350,167.0299521332495,106.7833241117867,11,2.821453396628574,-4,2.2531605212490873,9,3.1015611874116717,0,1.7522245119746034
2022-04-13,10.319903,105.230831,349,161.44196021201807,105.16378049956168,9,2.804189630351926,-5,2.152998060097604,9,2.8664147661574852,0,1.61545210791739
2022-04-13,10.331036,105.232626,352,168.9028087074544,102.63740933801449,8,2.0723523830858235,-5,2.1773298782052235,12,2.9659107380516287,0,1.711862859955897
2022-04-13,10.33114,105.278682,354,166.70724636726308,105.73009993904645,13,2.627825233315436,-7,2.6908603603824144,12,3.6761057982138574,0,2.1084985361439528
2022-04-13,10.332664,105.264027,346,155.19629733335535,108.70326924083481,8,2.082565513152044,-4,1.6269600535241817,8,2.276803979378388,0,1.3517301149318062
2022-04-16,10.28859,105.207594,356,165.5566291971957,105.51186097364811,16,3.5535587212060515,-9,3.4938713754528252,20,4.478865768805019,0,2.937304053386509
2022-04-16,10.309139,105.215737,350,158.51484094982072,106.31701023988127,13,2.6201145108581065,-8,2.229921165880893,12,3.013579222011386,0,1.8881562158268579
2022-04-16,10.318227,105.218967,353,162.51226366298897,105.47935025397373,11,2.361320950520361,-9,2.521301212177508,12,3.308326112954185,0,1.9506431428264086
2022-04-16,10.321392,105.177554,353,165.89115395258744,105.13672378430086,19,1.5365510561756293,-14,2.9324185996688206,19,3.891829298825887,0,2.6458684768906133
2022-04-16,10.327832,105.216844,354,167.27806436736182,104.34803962623621,21,2.1306716737490534,-7,3.40418044899184,18,4.197325163883128,0,2.5621860074810403
2022-04-20,10.23625,105.234527,352,163.76122260668973,105.76859736547974,14,2.3430713461855333,-5,2.264428222819909,12,3.082965892239249,0,1.9293888974489015
2022-04-20,10.244181,105.230614,355,160.7177882777799,105.08391485378594,9,1.6769568884847041,-8,2.2536824936225983,13,3.2393572153466974,0,1.96091485659881
2022-04-20,10.257436,105.217205,349,163.7054059486193,100.9374719814783,9,2.6291618753274295,-5,2.251498864561415,11,3.055542192890259,0,1.6859204600613442
2022-04-20,10.265814,105.21507,354,163.44166845131204,106.36922684358588,16,2.638380310693045,-10,3.0170803647966613,22,3.6065861654283937,0,2.5031879305824862
2022-04-20,10.275419,105.234563,350,157.0944043386722,106.69294902867905,9,2.09546528370395,-5,1.8430927925909277,8,2.4361900870831605,0,1.44770591021089
2022-04-20,10.275776,105.258985,349,159.19195440168684,104.58474697034683,8,1.7768252503953612,-9,2.0504204250518385,10,2.7189015550869784,0,1.5845681308170763
2022-04-20,10.280379,105.241273,354,168.9468963858439,105.92249757176378,12,1.9005703440845318,-9,2.6598976891091657,17,3.70375715401267,0,2.382881670287776
2022-04-20,10.281994,105.246519,354,168.9021167943331,104.06879099107674,13,2.156586772094553,-13,2.8300712163328874,18,3.719726546412979,0,2.6348152231034825
2022-04-20,10.283233,105.260351,352,161.02842382369118,104.48657029892348,9,1.9370504723026694,-6,2.076614824406703,11,2.7751529588518458,0,1.5926587909263596
2022-04-22,10.227394,105.164987,352,163.7419450513598,106.20032287529123,16,1.6503837572953428,-13,2.713504076347019,16,3.4764291622589756,0,2.2230895290409176
2022-04-22,10.245058,105.178415,354,161.72299307713354,106.14333271436696,12,2.2707364730614485,-10,2.6049508888446193,15,3.584690612777483,0,2.1402115569962428
2022-04-22,10.24991,105.206339,350,159.29552725655265,105.6734521094377,10,2.091800794056112,-4,2.2983578876214725,11,3.024016078812542,0,1.6604638922953212
2022-04-22,10.254048,105.172039,354,168.65465238879747,101.3210010525926,17,3.2758088962108713,-9,3.5600490337404427,25,4.881268533772654,0,2.8640676769062683
2022-04-22,10.255579,105.190922,353,165.47981996289857,105.44723427378071,10,2.7805320056805263,-5,2.488195540349525,12,3.169038495121798,0,1.8463837723620062
2022-04-22,10.262681,105.14739,357,159.92453955388612,113.19933519925469,47,4.625850878060034,-7,6.47063488072888,24,4.442357747685413,0,3.139250867548376
2022-04-22,10.262836,105.117192,354,166.75951406599052,103.21045680437007,15,2.6887030557038254,-11,2.877085209157777,15,3.804206288015075,0,2.3039844838010524
2022-04-22,10.265977,105.125368,354,167.3311334866528,105.45785246832095,13,2.9167001640824255,-10,2.756891157055839,14,3.790182072183088,0,2.2017494092098686
2022-04-22,10.270486,105.19207,350,164.37661948255646,106.13624934633522,12,2.4400083033490203,-5,2.2554877474661033,14,2.912913684709978,0,1.8132497178647637
2022-04-22,10.279364,105.19089,350,169.23648853452835,103.76897962641641,10,2.6653202424881415,-4,2.4115585808751137,12,3.2842448603057464,0,1.9078508962855822
2022-04-22,10.281814,105.114918,350,167.8019688139346,104.95277127711394,9,1.5758517195823853,-6,2.2479561298514925,10,3.076700062266706,0,1.693016532456197
2022-04-22,10.283009,105.129752,350,159.49099061996537,107.09263776743545,9,1.6326663745358578,-6,1.9814762608641594,9,2.699726868676221,0,1.5721001744482572
2022-04-22,10.284027,105.15814,350,163.43328303229592,103.07099190137124,10,2.347268258288139,-11,2.372823596969658,15,3.1879995782620454,0,2.0101287362489337
2022-04-22,10.284175,105.143442,350,163.3395325698774,103.40770579612044,16,2.1254958291053354,-7,2.5254469438009584,21,3.3375986716392374,0,2.145243617428352
2022-04-22,10.286013,105.107472,355,169.60640544538634,103.72264441414163,13,1.3914102061458267,-11,2.90678209605342,17,3.9020206046988224,0,2.477257746215176
2022-07-05,10.262288,105.409359,354,162.41975715439,105.98906085084376,11,2.852598975237656,-5,2.198587052048799,10,2.966209203090762,0,1.7126830713696735
2022-07-05,10.270666,105.424059,353,163.66391006675144,107.31521772595325,12,3.0654236707367692,-5,2.143974953002775,12,2.9326719690030787,0,1.7828819365882103
2022-07-05,10.282741,105.414218,352,164.73997561859574,106.26237956129026,29,4.102935652861518,-9,3.5045925130159894,32,4.187680801291553,0,3.090303759222229
2022-07-05,10.292251,105.405536,353,171.3993983803054,104.38482883811635,21,4.122389741494627,-14,4.219400571918751,20,5.148688363633971,0,3.3275635279896973
2022-07-05,10.303175,105.416814,354,166.10120969335983,107.60470847569648,13,4.08052762660271,-8,3.037061117667803,16,3.773597585884274,0,2.379221527670051
2022-07-10,10.434624,105.327551,349,165.3509657023364,104.41613142280507,9,0.625175769351094,-11,2.456605399889955,16,2.968303887507614,0,1.8195980049171596
2022-07-10,10.436532,105.313783,353,169.36161622814245,105.33463563884843,17,1.2644877663252876,-9,2.852295072928533,23,3.917920769256101,0,2.4000895690660697
2022-07-10,10.439647,105.334052,353,166.09905519019702,105.94482012771246,17,1.145874154890848,-11,3.414790558962492,21,4.104166186413048,0,3.020881117996051
2022-07-10,10.442271,105.339057,352,163.39714109778959,106.74699807742054,16,0.44908012631592803,-13,2.9471456006431818,18,3.575857061475287,0,2.5033727869221516
2022-07-10,10.444036,105.331928,353,170.1980216603169,103.6335926950408,19,2.364027014478629,-16,4.0659578738290545,21,5.18952612705762,0,3.3711875918317604
2022-07-10,10.446006,105.338972,352,160.7918987008281,103.33154152205445,19,0.8325500979730276,-13,3.561257715399155,21,4.244734978841118,0,2.889328171382532
2022-07-10,10.447125,105.31374,353,160.77508791802228,102.68457513186593,16,2.1401979637264077,-17,3.366173077771388,19,3.9447334799731313,0,2.5353669987949976
2022-07-12,10.257715,105.375007,352,161.70873434529489,106.229613997141,10,3.6863358846535315,-11,2.2950124396659466,13,2.8768578893783587,0,1.7744045075329211
2022-07-12,10.275826,105.364451,356,163.60900278742432,104.80697535969836,12,3.0586545241280234,-10,2.698226249863966,15,3.386255955401213,0,2.2299131681708664
2022-07-12,10.303437,105.381252,353,162.1405429446842,104.31696149715239,12,2.392560867130102,-8,2.4225368348513885,12,3.0755905511811026,0,1.910444123059454
2022-07-12,10.3037,105.354593,349,157.34416664744896,103.68416303445954,15,3.7514718042821515,-5,2.8697322694198033,14,3.5028480689466575,0,2.171434383832018
2022-07-12,10.314233,105.359823,353,162.19815246146283,103.6670731908456,12,3.723267850259767,-8,2.9820730596983673,11,3.5379111086219535,0,2.147554693817286
2022-07-12,10.31856,105.374468,355,167.44036948092813,105.97899354915936,12,2.489871887363661,-7,2.667762953790244,12,3.7043065479425894,0,2.140086082833551
2022-07-12,10.320676,105.364971,354,165.83850129624565,104.79767382566908,16,4.257384647312473,-6,3.194566440228425,15,3.9589022594533714,0,2.4765462192033354
2022-07-12,10.331447,105.158675,350,162.1895284025774,105.02208248225357,9,0.8819392286305363,-6,2.253827051712139,11,3.1692526122992186,0,1.7993166337222077
2022-07-12,10.334417,105.375498,354,165.46643322550673,103.20375517025651,24,2.7355109462602205,-10,3.661986553392562,23,4.461185740544316,0,2.8280700182164833
2022-07-12,10.34297,105.382435,356,167.63575035492775,104.05546867346051,14,3.7525651963384004,-9,2.812451566844012,14,3.393987805641293,0,2.008540019832642
2022-07-12,10.35091,105.142796,349,154.77551269129162,105.92134759942532,8,1.5426325948470652,-4,1.952251457031633,9,2.7283773724118388,0,1.5023182161021356
2022-07-12,10.35853,105.127583,350,164.50556009381015,107.39406065066423,13,2.107436954860471,-8,2.562581660541536,19,3.5856017286358,0,2.207070796698124
2022-07-12,10.364419,105.164984,350,157.15409723754732,107.18738087163193,8,1.3499820491622396,-4,1.9943029350805483,9,2.761418544368213,0,1.5727664270107156
2022-07-12,10.368598,105.136423,350,162.77744510978044,104.63195820140494,11,1.75619388286134,-13,2.1357572439966295,18,2.857226141775853,0,1.9291850283530456
2022-07-13,10.533759,105.243145,349,169.1432385366706,106.96244947688324,13,4.103366658656299,-9,2.850320861745239,11,3.2013872200623505,0,1.9346366310737926
2022-07-13,10.548011,105.248097,356,168.61447984356803,105.40488373220433,22,3.495618453192176,-13,3.853775939944814,28,4.589978075806357,0,3.533813824677138
2022-07-14,10.37346,105.184697,350,159.15935508308485,105.43625406843525,10,0.9791505409989949,-6,2.208916045715094,12,2.8421699247377323,0,1.7633626212190217
2022-07-14,10.375619,105.124248,354,164.01713410516948,105.7426517336413,10,1.9461471319642298,-8,2.3744363709062593,12,3.2391759029001497,0,1.8602617476921286
2022-07-14,10.378511,105.144998,356,169.8012588476701,107.00246000837213,18,3.030130660615061,-12,3.095438994302981,21,3.5424638764735117,0,2.774259843129631
2022-07-14,10.379507,105.154892,355,171.52010829825508,104.9398824347824,19,3.3965600152829682,-17,4.275333358493877,17,5.496864357094393,0,3.0789489199541724
2022-07-14,10.381544,105.174719,354,164.59735392053867,105.3280950538847,11,1.2873140350241585,-10,3.0360469821188265,17,3.9523646412115214,0,2.5123581816545624
2022-07-14,10.389374,105.169781,354,167.94348981749545,104.16904001890711,20,2.749025885266906,-15,4.105821917008974,26,5.433537872724457,0,3.539630294622228
2022-07-14,10.391295,105.178235,354,167.10124126847174,104.98929246454792,23,2.197512852348663,-10,3.349118076796479,21,4.390629065244814,0,2.8607532581916475
2022-07-14,10.391781,105.161155,354,163.28590530201976,101.79830932934458,18,2.7529138220057376,-11,3.943377262936338,17,4.929831148172664,0,2.8111895340086783
2022-07-14,10.395094,105.169245,354,168.66760202485287,105.45263639700109,21,2.550323258471743,-11,3.7832926771130233,24,4.965299528698039,0,3.1248252409024855
2022-07-14,10.395734,105.143745,352,166.74600168627396,107.03446562460967,9,1.6994743567786896,-6,2.093582260708073,9,2.909823863411806,0,1.6969357131357623
2022-07-14,10.396044,105.180167,354,161.5646103682234,107.12421019620602,13,2.327139187141822,-9,2.6976799629808608,16,3.4658059416375746,0,2.4269149894935094
2022-07-14,10.44784,105.141425,352,159.93015727702613,105.58465593863694,12,2.509237061527721,-9,2.3132608354869792,16,3.294782459791614,0,2.069075668441176
2022-07-14,10.461453,105.172294,353,157.86095798839557,104.68223264985747,9,2.413793557649876,-3,1.9032725298035211,8,2.6804081955228876,0,1.541748110626614
2022-07-14,10.467778,105.163448,350,161.08019652330253,107.64905687527207,10,2.4366386875615387,-4,1.9418087408188447,13,2.6053464348868394,0,1.5647004508099769
2022-07-14,10.522871,105.184845,354,168.2123522633745,105.91570817686345,12,2.857544032921812,-7,2.771944240066232,15,3.852885596707823,0,2.3549571004536958
2022-07-14,10.524439,105.254678,350,162.80078487663877,105.05254015024006,15,2.7008875953934584,-5,2.6127707102193773,14,3.5495519223551573,0,2.2081957853323804
2022-07-14,10.535058,105.252744,353,165.17695665628545,102.92968975965414,25,4.5944765240750876,-13,4.101903249200332,26,4.634478762699253,0,3.337490514302228
2022-07-14,10.536277,105.293087,353,165.49892184974362,105.03798097055386,12,3.196618394066387,-15,2.7044697438925334,20,3.1226325960212113,0,2.305867091607466
2022-07-15,10.384444,105.3447,353,159.9724366913489,104.88872545599459,12,2.8885379061371843,-5,2.3482781192995086,12,3.0453371630346,0,1.7684572415135427
2022-07-15,10.390554,105.336857,349,161.73707873310332,104.36290999368406,13,2.6663921899291205,-5,2.3847921605998086,12,3.195169429000554,0,1.8747431895423814
2022-07-15,10.391149,105.359279,353,161.5416779199904,105.92808714274781,10,2.5266687306909428,-6,2.131023088957684,11,3.1198396648375892,0,1.7479986761883963
2022-07-15,10.391491,105.34899,352,162.82219894667162,106.36385797620994,10,2.67339571620077,-6,2.433953599059814,11,2.9654456883689218,0,1.759037568376646
2022-07-15,10.399353,105.356462,350,158.5826112730328,103.93731788251031,9,2.8072914093760803,-4,1.9757949786728275,10,2.653272736254509,0,1.5461565134060926
2022-07-15,10.405902,105.36283,354,166.58643550889073,105.4112317168196,14,2.462703083677226,-7,2.476312264817422,14,2.9660937124338433,0,1.8921217251947695
2022-07-15,10.409367,105.355252,355,170.91162861160768,107.08877702230596,15,2.0015610642901573,-13,3.2225841110164093,20,4.253172352695138,0,2.944502635044271
2022-07-15,10.419561,105.277369,353,159.97648717003003,105.91946596620683,8,0.9757824437536227,-7,2.123724157723062,12,2.759510511618104,0,1.6527976895256093
2022-07-15,10.420981,105.295797,350,165.92845287492588,106.48936455380523,9,0.590156754264638,-5,1.9624604778330297,10,2.6947078969900553,0,1.5776505367606635
2022-07-15,10.43531,105.292557,352,164.7118407403139,103.47440584322551,9,0.8781709505853683,-14,2.7038750873841577,16,3.4681299501078513,0,2.1777404698679317
2022-07-15,10.458369,105.270803,354,162.04439226946883,111.66430422488332,28,2.8718185979274167,-8,3.5813108990076827,26,3.4140194086519,0,2.918316707511813
2022-07-15,10.467721,105.192464,354,162.48164855173866,103.62219731047809,14,2.8121985189770475,-5,2.6663687079631355,12,3.2204149366663457,0,1.9749599165572174
2022-07-15,10.469839,105.211568,352,163.79036926065572,104.07243101568447,17,1.8700492237788733,-15,2.7739781209751184,15,3.6488155013746457,0,2.2849693217968743
2022-07-15,10.470013,105.264425,349,156.48125026752416,106.582956913638,9,1.1378152256586034,-5,1.8382928484491228,8,2.514308009917325,0,1.5084118937728637
2022-07-15,10.470305,105.287062,355,166.40460197039155,104.46303943844688,17,1.8428033296454354,-11,3.506324339287788,17,4.550069806648754,0,2.7855824244236436
2022-07-15,10.476738,105.227333,352,157.33818357831524,105.4678468133273,8,1.6436041304462352,-7,2.1796962917642992,11,2.9160212844423357,0,1.7362893030203947
2022-07-15,10.48195,105.238448,352,158.8767380374624,108.12272007018346,9,1.6672845623750905,-5,2.144980395781854,9,2.763913354120093,0,1.6072730497624335
2022-07-15,10.485812,105.267525,353,164.2530405694607,104.66954039389026,17,2.244872022810033,-10,2.997307833726822,17,3.6422235830979237,0,2.408381574752189
2022-07-15,10.485917,105.210104,352,163.8369484337858,103.77356023406257,12,2.687046877777996,-5,2.4030679199370253,10,2.926680626617412,0,1.70325556969302
2022-07-15,10.492098,105.216926,352,158.0227206879749,105.55727332420139,10,2.752327709954829,-4,2.222158634257685,14,2.988256094188297,0,1.8521968756785676
2022-07-15,10.494104,105.291042,352,154.56337105361075,106.92317239093248,10,1.8386709117068956,-4,1.8181744205197228,10,2.5448972267858947,0,1.567411293375981
2022-07-15,10.494453,105.241281,350,154.24784765868057,105.2983550421277,9,1.6142049588627068,-6,2.0255205963077785,10,2.7264361836971864,0,1.6309110565189127
2022-07-15,10.501829,105.273585,349,163.88252472574504,105.00792839507474,12,2.3621218705964475,-5,2.3260835163573312,15,2.9619335466793104,0,1.8627569126691352
2022-07-15,10.50203,105.222373,352,162.34265923053124,106.05947767090153,11,3.1482837408063413,-10,2.5390954865457007,14,2.9515246492088676,0,1.9158056692850278
2022-07-15,10.502728,105.233111,349,164.52143294549901,105.32161206898652,11,1.9956771954776809,-4,1.8861527719360056,9,2.655031639110022,0,1.520599874236362
2022-07-15,10.50915,105.265098,352,165.78690559279394,106.65591799606314,10,2.152820759313641,-8,2.0831170106820456,11,2.7660857026219094,0,1.6313745881164081
2022-07-15,10.510542,105.248554,354,160.3001744855967,105.85986986194285,12,2.105260905349794,-8,2.491045443188656,19,3.34398683127572,0,2.0885171710596313
2022-07-17,10.375656,105.29185,350,155.0774206936077,109.12127744797067,8,1.6702250651348305,-4,1.6950886987080647,8,2.255252782434841,0,1.3982720510525555
2022-07-17,10.378696,105.309113,350,160.46795399603448,103.1894550189801,12,2.3476052775454006,-6,2.1886123752516835,9,2.8592841192783216,0,1.624299437910805
2022-07-17,10.386495,105.284636,353,159.5064112909867,105.3280333140157,8,0.9297442400487478,-9,2.4429435709828096,14,3.2111262989739977,0,2.288762067411638
2022-07-17,10.396712,105.324921,352,161.78631296415236,106.90053910006874,13,1.9948788881753372,-7,2.47581133552745,11,3.1615768413772667,0,1.8812279435285928
2022-07-17,10.396951,105.281083,352,161.66359827950757,106.21258164407492,11,0.7092354611143683,-8,2.355629012128524,18,3.3324364201637526,0,1.9696659871931568
2022-07-17,10.415137,105.316832,352,158.928686229951,106.3656305243762,11,0.542732931528505,-6,2.240584988673276,13,2.8959786582353537,0,1.8508654174719312
2022-07-17,10.421158,105.237197,349,166.45372965247435,104.77745351809266,8,1.6475082410978032,-11,2.110735591407385,15,2.862300394189574,0,1.7885434454950528
2022-07-19,10.370371,105.275589,356,165.20240510665204,105.05740372577941,15,1.9130413301537537,-19,3.3759888858555214,21,4.189220168377227,0,2.6900827309808317
2022-07-19,10.374004,105.228649,356,164.9143166742421,105.84286826880837,14,1.2186925676343299,-8,2.857729212367068,14,3.697946103327207,0,2.44175580929726
2022-07-19,10.374524,105.255016,354,165.42038732626307,106.41985017926861,17,0.5920986759765493,-13,3.6335481453026777,23,4.714264541202814,0,2.8020108254441767
2022-07-19,10.375756,105.208993,353,165.86743543377375,104.06499590956638,10,0.7943004515765659,-11,2.4673418433836525,12,3.4392150275194915,0,1.9743321597357502
2022-07-19,10.392248,105.227502,354,160.49592416811856,107.35681335630747,13,1.1295801646142032,-6,2.1929464019719687,15,2.747160092089098,0,1.9901012887908809
2022-07-19,10.394517,105.260713,356,165.71192704061968,104.02348999410887,11,0.5205173555188867,-15,3.146672482015109,21,4.265712845949393,0,2.646879712579199
2022-07-19,10.402927,105.235656,355,164.82162439858138,105.20076645550436,16,1.4542263145588616,-8,3.3696995476142915,16,4.279832179070466,0,2.787779291830394
2022-07-19,10.404721,105.258428,354,165.16197113516145,106.09340476487496,14,1.0909650815817036,-12,3.3256652412961314,20,4.207560716944093,0,2.6002240070504974
2022-07-19,10.406199,105.248616,354,163.00054339592813,106.62953134149133,9,0.9976354043853706,-10,2.517168569073006,10,3.139106064298559,0,1.844438104864353
2022-07-20,10.195117,105.200047,354,162.22343713956164,102.57403810429281,14,2.3997198879551807,-10,2.7713098167251435,15,3.8786356895699443,0,2.2514980595638323
2022-07-20,10.205563,105.193771,353,161.15457340481979,104.59867660358734,10,2.4351465262422525,-5,2.4710229947730142,12,3.4958330724541247,0,2.0273345257582713
2022-07-20,10.208515,105.202809,350,164.0848576917628,105.76057368619168,13,3.1289457294347547,-5,2.1899449608358013,11,3.2365411041287033,0,1.7988592571090394
2022-07-20,10.212886,105.174836,349,162.898389201587,106.27259631632484,9,2.031108709120388,-4,2.262815216618412,11,3.2331571385260265,0,1.7536784911717846
2022-07-20,10.214156,105.214175,350,161.56902199344884,106.45360492589487,10,2.8524356245098117,-4,2.3145462091770357,10,3.1662294779439386,0,1.764747374804713
2022-07-20,10.227394,105.164987,352,163.7419450513598,106.20032287529123,16,1.6503837572953428,-13,2.713504076347019,16,3.4764291622589756,0,2.2230895290409176
2022-07-20,10.232673,105.15164,353,164.85369108938295,104.56413243977359,19,2.736649233638823,-7,2.846504934267475,17,3.583792227308227,0,2.1521983202617028
2022-07-20,10.245058,105.178415,354,161.72299307713354,106.14333271436696,12,2.2707364730614485,-10,2.6049508888446193,15,3.584690612777483,0,2.1402115569962428
2022-07-20,10.246984,105.216849,350,165.6311665546374,104.44158684247067,10,1.826183227234985,-7,2.4291963328850077,11,3.174103436004905,0,1.8875661804898762
2022-07-20,10.248814,105.361138,354,160.20378742445905,102.69413870028164,15,4.1655507153731115,-4,2.7233112245200437,13,3.747774138487799,0,2.2041491359968703
2022-07-20,10.249044,105.347198,354,162.30676643668173,105.12916702933177,13,3.058913073562265,-15,2.425726891995469,21,3.111658066939487,0,2.1338902125006842
2022-07-20,10.254048,105.172039,354,168.65465238879747,101.3210010525926,17,3.2758088962108713,-9,3.5600490337404427,25,4.881268533772654,0,2.8640676769062683
2022-07-20,10.258961,105.323388,354,166.91929143587697,106.58734030402064,12,2.9932550652910996,-5,2.6208593413618515,14,3.3286730568360423,0,1.9472401367802414
2022-07-20,10.265977,105.125368,354,167.3311334866528,105.45785246832095,13,2.9167001640824255,-10,2.756891157055839,14,3.790182072183088,0,2.2017494092098686
2022-07-20,10.268095,105.344826,352,164.72432118981632,108.0956138810213,12,3.4087061668681966,-4,2.3821214156034607,13,2.846475722301478,0,1.827313888530861
2022-07-20,10.268524,105.337611,352,157.50792709445304,104.41543110429001,15,2.6943554870253963,-12,2.730167267143062,17,3.5038680003690112,0,2.282906816880995
2022-07-20,10.272277,105.291556,352,166.72129419129516,105.09202055474564,8,1.8610721228295588,-8,2.185345806556295,11,3.07914730980857,0,1.752697512005595
2022-07-20,10.277579,105.307934,352,157.01406803393465,107.19626040117696,9,2.128506712791368,-10,2.1938170377977984,13,2.7440836833868705,0,1.8097974752798922
2022-07-20,10.282365,105.276189,352,160.51157948146857,103.5131827704591,9,1.8352942726952228,-7,2.185831676632659,10,2.9507464309366056,0,1.6833017025046886
2022-07-20,10.282445,105.330149,350,161.85282616072402,104.36623407307127,10,2.2542605727764804,-4,2.054791239507558,11,2.7748625382570293,0,1.5552452788115865
2022-07-20,10.298963,105.275991,354,167.99036028675343,104.8531027669527,15,3.613719624690318,-5,2.7700448780644096,14,3.4141518633704084,0,2.1387727343446743
2022-07-20,10.303589,105.234936,350,160.16795145477542,104.93407222764186,10,2.4735696025722116,-5,2.0905792232336653,9,2.7390595351043636,0,1.6152430955462855
2022-07-20,10.306769,105.34023,354,165.48727477588784,105.34934073785813,11,2.5319654335142046,-5,2.4494485380408593,11,3.122728815178681,0,1.823444685885433
2022-07-20,10.3154,105.280846,350,167.31943259420802,105.96755121490469,24,2.8608465625895634,-18,3.9836169072646186,22,4.537717792704499,0,3.1769648334186673
2022-07-20,10.316024,105.309873,352,160.20603766623506,105.83098487914515,13,2.7441963888641814,-6,2.3489849435219554,15,2.7689558276590205,0,1.7770469680124343
2022-07-20,10.319903,105.230831,349,161.44196021201807,105.16378049956168,9,2.804189630351926,-5,2.152998060097604,9,2.8664147661574852,0,1.61545210791739
2022-07-20,10.320371,105.259016,350,158.0134604931561,104.91564393093086,12,2.4494770305216518,-4,2.0463083508173296,14,2.784207145327866,0,1.7624224270113713
2022-07-20,10.325047,105.251136,350,157.05349289956612,105.68977576772349,9,2.6290645083719566,-6,1.9090392599536985,10,2.7070292812601924,0,1.6355729169252433
2022-07-20,10.327284,105.359541,353,165.19526882570545,107.83837707630016,13,2.445310827148413,-9,3.1222430297365387,11,3.5199877454613704,0,2.034362234648696
2022-07-20,10.327543,105.350908,352,163.98591122457378,103.7246144997897,10,1.6927546734744299,-7,2.5171451888758316,11,3.38083175492053,0,1.8974842530655316
2022-07-20,10.327617,105.33024,354,164.87868196881152,106.31313183470755,14,2.584644930066474,-7,2.863711584870277,12,3.51768926192625,0,2.106508139839454
2022-07-20,10.33114,105.278682,354,166.70724636726308,105.73009993904645,13,2.627825233315436,-7,2.6908603603824144,12,3.6761057982138574,0,2.1084985361439528
2022-07-20,10.337977,105.288583,350,163.68347767079186,107.49015386895553,12,2.8793988885631334,-7,2.4845154351737766,13,3.029551571131626,0,1.7964461228698725
2022-07-20,10.339092,105.325101,353,159.06802998959054,106.79333682372295,10,3.2317670931442923,-3,2.230559646661793,9,3.0781132647279694,0,1.7562589780346298
2022-07-20,10.342217,105.346028,355,168.5004397740189,104.0453956645603,12,3.9010854347503865,-8,2.97218339017909,13,3.6295060365984244,0,2.2641603146615075
2022-07-20,10.342299,105.365285,355,169.64859167223898,103.9398043125003,17,3.953087582801636,-4,3.2735919623430596,15,3.8118891783903783,0,2.2449815902586714
2022-07-20,10.345924,105.270456,356,164.21484851080072,105.02891847557478,26,2.8841547370432092,-12,4.43487757783098,24,5.8551547172794525,0,3.3923487318472203
2022-07-20,10.400449,105.171793,354,160.85011000737768,108.37059037282383,16,1.9927836477655987,-11,2.8678730624172966,17,3.518503636172008,0,2.4546614192944514
2022-07-20,10.412311,105.176834,352,161.15351885394364,104.75124621063317,12,1.6666655689115761,-11,2.5764416938269217,14,3.1282364564465666,0,2.031636819039199
2022-07-20,10.417324,105.208881,352,165.67046405164191,105.87924314947084,10,1.8836511543655108,-6,2.3414740169820236,13,3.0009287619800404,0,1.8230769114088903
2022-07-20,10.426155,105.176598,353,164.1108703526855,105.42106698910713,22,1.8827378404188762,-13,3.036595980811918,19,3.8626337800902277,0,2.58556084805442
2022-07-20,10.427104,105.210954,350,160.6211811352941,104.52207118494049,13,1.4530012481187664,-8,2.071919868455712,14,2.897937475506905,0,1.7462277543614424
2022-07-20,10.447684,105.190977,346,154.5000148174002,107.63050652169824,14,1.8412134462968033,-4,2.110519884886976,14,2.704521282725875,0,1.7263381686781962
2022-07-20,10.44819,105.181879,349,165.76072910492,108.77225433289115,8,1.7353421589936122,-4,1.863432436794989,11,2.5282157676348556,0,1.4583726929665672
2022-07-20,10.452718,105.220233,349,158.77894632861393,108.00657878152934,11,1.6778827790582815,-6,2.092951343504827,10,2.6317122160026347,0,1.5643440994797861
2022-07-20,10.452795,105.21348,354,161.80799486326745,106.85002396931534,11,1.6879994731556334,-6,2.4112415650149246,13,3.034725629332061,0,1.9033823166560213
2022-07-20,10.458467,105.196191,354,170.6345557944791,105.65992376168744,10,1.4454601435077408,-8,2.6773803096275293,14,3.582023004705656,0,2.102912677024549
2022-07-20,10.459704,105.218744,349,159.0580205002914,105.85986100200735,8,1.2651373216596478,-5,1.7216701226941677,7,2.3753667234107008,0,1.388842014655913
2022-07-20,10.460493,105.209967,355,164.53280342966653,103.58760578642648,11,1.131836037181062,-11,2.7116372163504665,15,3.708708837252186,0,2.344718722087718
2022-07-20,10.463816,105.133945,353,158.56295503564542,106.18832346075612,11,3.72390470388725,-7,2.2765157927854793,11,2.880576913578213,0,1.776186927637059
2022-07-20,10.465667,105.225904,352,161.63665129020683,106.77957150041561,10,1.4031266565912988,-7,2.2376339937078065,11,3.03817774133963,0,1.8084461808660588
2022-07-20,10.48065,105.130089,353,155.48873940615198,102.08484489750113,13,2.829553461480212,-6,2.629001734443679,14,3.1751154046240897,0,1.89809372528815
2022-07-20,10.501648,105.096892,354,162.3418152846322,104.7825104089107,21,1.5653068548081774,-13,2.7145707682241715,27,3.4956295289109556,0,2.85704239132358
2022-07-20,10.510203,105.111601,352,163.19579367404916,106.92017353010564,10,1.4838196705659252,-8,2.524617261387688,11,2.9693744176628813,0,1.7280476998113072
2022-07-20,10.521154,105.115666,352,164.507387459754,106.0169647999641,14,1.6560518570704297,-7,2.411468985008693,14,3.129606463039654,0,2.014713295956275
2022-07-20,10.534074,105.126326,353,164.51696815076957,106.23465303242095,12,1.0648967163196443,-8,2.3117907334960512,13,3.2425446465311487,0,1.8527992598456982
2022-07-21,10.358094,105.189541,349,151.78553735885842,105.78725140129215,10,0.5793653407818282,-10,1.9512771203331276,13,2.5936013649718705,0,1.711434849769019
2022-07-21,10.358727,105.222371,350,157.19038678800933,105.08563419057188,9,0.5483542652740581,-7,2.2113353951329895,12,2.9992391379531838,0,1.8090826863533784
2022-07-21,10.365734,105.267634,355,160.94322246595905,108.27975745111512,10,1.6134101434095502,-10,2.0940972264123463,11,2.525809766605403,0,1.6105626324436864
2022-07-21,10.368014,105.238516,353,158.29259704540593,106.1351965874117,10,0.6849552858248655,-12,2.745655080139894,19,3.311958365585732,0,2.393609084517248
2022-07-22,10.244181,105.230614,355,160.7177882777799,105.08391485378594,9,1.6769568884847041,-8,2.2536824936225983,13,3.2393572153466974,0,1.96091485659881
2022-07-22,10.250745,105.24539,350,171.10766980118748,106.70138902872631,13,1.9340004349229982,-8,2.5981985474277813,17,3.643435628101298,0,2.297759243814086
2022-07-22,10.275776,105.258985,349,159.19195440168684,104.58474697034683,8,1.7768252503953612,-9,2.0504204250518385,10,2.7189015550869784,0,1.5845681308170763
2022-07-22,10.280407,105.223352,355,158.81192382458565,105.82826798514994,10,2.5413956706533547,-5,2.00642251096747,11,2.6250568350301475,0,1.6114455435207637
2022-07-22,10.281994,105.246519,354,168.9021167943331,104.06879099107674,13,2.156586772094553,-13,2.8300712163328874,18,3.719726546412979,0,2.6348152231034825
2022-07-22,10.283233,105.260351,352,161.02842382369118,104.48657029892348,9,1.9370504723026694,-6,2.076614824406703,11,2.7751529588518458,0,1.5926587909263596
2022-07-22,10.284315,105.252391,352,160.9594744627508,106.04856034984292,12,2.360713850370795,-6,2.3128949945660047,11,2.9544470690558318,0,1.7774840667175351
2022-07-23,10.287565,105.192862,354,166.16695825220003,105.52873247345507,13,2.9471620655457915,-5,2.5421877134230786,12,3.362748877313327,0,1.9865420353699426
2022-07-23,10.290816,105.182958,353,157.9510069745299,107.7187666136965,16,2.6142495214688344,-4,2.1260747878490394,17,2.790717977946385,0,1.7775047621995919
2022-07-23,10.299014,105.215448,357,162.5508578996613,106.4715246720342,27,3.8625087305457106,-11,4.452968075030793,26,5.676923685146874,0,3.868664590728299
2022-07-23,10.303766,105.203102,354,167.5909740798819,104.83483207160606,13,2.679925415420296,-5,2.5987039410310326,12,3.506967596558041,0,2.019186377841263
2022-07-23,10.309139,105.215737,350,158.51484094982072,106.31701023988127,13,2.6201145108581065,-8,2.229921165880893,12,3.013579222011386,0,1.8881562158268579
2022-07-23,10.318227,105.218967,353,162.51226366298897,105.47935025397373,11,2.361320950520361,-9,2.521301212177508,12,3.308326112954185,0,1.9506431428264086
2022-07-23,10.319027,105.191902,356,165.83393072457838,105.2386414439812,20,1.9125919971536038,-12,3.5018446340458547,25,4.605649300591019,0,3.1037859158398478
2022-07-23,10.321392,105.177554,353,165.89115395258744,105.13672378430086,19,1.5365510561756293,-14,2.9324185996688206,19,3.891829298825887,0,2.6458684768906133
2022-07-23,10.327832,105.216844,354,167.27806436736182,104.34803962623621,21,2.1306716737490534,-7,3.40418044899184,18,4.197325163883128,0,2.5621860074810403
2022-07-23,10.337185,105.197822,350,160.7742104448258,105.48846744167716,8,0.7953135654918188,-7,2.0523929329599477,9,2.7809768840777846,0,1.6060884060515237
2022-07-23,10.346876,105.206507,354,156.9831964607483,107.30307004435727,9,0.486512038528562,-6,1.804724904210564,10,2.510816393086206,0,1.6100176172825347
2022-07-25,10.262681,105.14739,357,159.92453955388612,113.19933519925469,47,4.625850878060034,-7,6.47063488072888,24,4.442357747685413,0,3.139250867548376
2022-07-25,10.284027,105.15814,350,163.43328303229592,103.07099190137124,10,2.347268258288139,-11,2.372823596969658,15,3.1879995782620454,0,2.0101287362489337
2022-07-25,10.297494,105.145318,354,165.6828841591987,105.32673349547413,12,1.4504810226673701,-20,2.771755922793754,25,3.553383632050609,0,2.469591105191892
2022-07-25,10.30701,105.130668,353,164.92778451320424,104.17493561914853,11,1.1797809814980749,-8,2.359700268504378,13,3.234855173686151,0,1.9957509722870512
2022-07-25,10.320247,105.141848,355,163.20212744930103,105.17306603001427,10,1.8276067677792582,-8,2.5628578979717975,13,3.2684018764247806,0,1.904148757727621
2022-07-25,10.325825,105.129268,355,164.6043543716666,105.17830471454471,15,0.8841601412584784,-10,2.9814797390070717,17,3.63916496737021,0,2.387171076925026
2022-07-26,10.399444,105.118528,350,161.72333494725135,105.31378822757907,10,1.5760468233813894,-7,2.4806343396931845,13,3.202029584103239,0,1.9303045946952306
2022-07-26,10.399645,105.141286,353,169.6285878962537,106.00716372675672,9,1.7122997118155625,-6,2.158369221909273,13,3.0595636064223974,0,1.7965904699558273
2022-07-26,10.403175,105.123726,350,163.795856331757,105.21021847995539,10,1.6541772602126177,-5,2.144809697995731,10,2.918098167590995,0,1.7511354876074585
2022-07-26,10.407581,105.1521,352,160.59054773227246,105.71814455871237,9,1.561412406307219,-7,2.0048831173534047,9,2.7162607195078565,0,1.6482416338077723
2022-07-26,10.407982,105.123304,350,168.1261687937422,104.6340197474604,10,2.0704520378756675,-6,2.150175671143788,13,2.9510975710168794,0,1.8100735395807623
2022-07-26,10.408214,105.131329,352,158.20188248002572,105.43613050813319,14,2.003481073105828,-7,2.436168737052979,13,3.121850732112158,0,2.0074759494396774
2022-07-26,10.414613,105.125615,354,170.6954789160992,104.95314909733698,17,2.0466928376651605,-6,2.430664045871746,19,3.261931735848559,0,2.1338289576415153
2022-07-26,10.415236,105.156765,352,168.87521283638034,105.62072876352924,9,1.5474530442600876,-11,2.692111665840624,13,3.4875920918728642,0,2.0899290601556624
2022-07-26,10.419552,105.116409,353,155.94134016578352,103.62141043843111,16,2.3593853429453087,-8,2.4843238487723847,16,3.3817302214069533,0,2.271672399027519
2022-07-26,10.420174,105.16361,354,168.13237163653113,106.14217490502111,16,2.4172512597569398,-16,3.0403418981523513,23,3.648081546619239,0,2.6148895207755287
2022-07-26,10.421066,105.136822,353,159.34726023111605,106.06340412558147,8,1.7535969860731013,-6,2.0851201814455447,11,2.8798084681071083,0,1.7112073706843847
2022-07-26,10.422463,105.151846,353,163.77837059871635,104.86326316963932,11,1.5055906307944134,-11,2.394774035431321,13,3.2735209940948455,0,1.9924161769625899
2022-07-26,10.42324,105.126544,352,166.57537747188513,105.44574032667032,18,2.307039006800256,-4,2.666070424933508,19,3.5453180313832675,0,2.2932499053561215
2022-07-26,10.429142,105.151556,353,164.0405105474949,103.98575004659764,8,1.669243991912379,-16,2.214577314831657,21,2.994928772301875,0,2.003053469667643
2022-07-26,10.429212,105.141436,353,163.26642342977206,106.70485566255527,15,2.264503658432175,-7,2.192227908226107,15,2.9058686389051704,0,1.8665271362806237
2022-07-26,10.429339,105.125493,354,165.62029468525853,102.76784579439924,15,2.1458474671163135,-8,2.864275418836727,16,3.8082009972138633,0,2.2793297682368907
2022-07-26,10.43062,105.165627,352,164.55039650652708,108.11235267930611,11,2.5493196158760667,-6,2.4352780969222927,12,2.856526550129752,0,1.7258645866181777
2022-07-26,10.438048,105.153225,350,162.70740935884353,106.59141597561963,11,2.498992327197287,-5,2.2198031050399205,10,2.7883623670431716,0,1.7767010628315238
2022-07-28,10.406597,105.221367,353,160.11583558395367,109.14736642843012,9,1.914053751399777,-7,2.2247814159663286,12,2.6891937290033616,0,1.6712157992098542
2022-07-28,10.407515,105.229231,354,160.02395544826726,106.76859012450362,11,1.676588275201138,-5,2.3689049569180396,16,2.9512822455021794,0,1.7716120682250933
2022-07-28,10.410742,105.220616,353,157.91486418842376,107.76916006286001,11,1.6224049582422204,-7,2.0746475288132893,12,2.7095232763390156,0,1.7309743302169136
2022-07-28,10.412925,105.251545,354,160.3731488281264,103.28464218085387,9,1.0720742675171824,-8,2.1334084375591296,10,2.6428823120671563,0,1.5772888098205105
2022-07-28,10.413742,105.22261,353,162.48955153096017,105.8682184311981,9,1.4362404613464286,-7,2.203759752483313,12,2.9494554280990535,0,1.7268314665059987
2022-07-28,10.413908,105.234515,349,164.09864447415737,103.7009293171698,7,1.416379599928865,-11,2.096328480104647,15,2.8882053443812867,0,1.774753663721651
2022-07-28,10.417011,105.261676,352,158.93636809743225,106.30485423172786,10,0.9132385051887617,-5,1.9193984808391304,9,2.6592180794830695,0,1.5901745076976765
2022-07-28,10.420483,105.223648,352,165.4075358481369,104.28122387117789,10,1.9286100078381776,-8,2.1960935597193387,10,3.002875096330546,0,1.803193004907814
2022-07-28,10.430085,105.221996,353,167.5725336389323,104.31114718202379,13,1.7375833975486228,-9,2.461803314766354,13,3.3198942258929227,0,2.1147615830840087
2022-07-28,10.432459,105.260003,353,167.41474675624056,102.71228923505957,12,1.495600342488309,-9,3.0931973281198224,14,4.251356780609893,0,2.4057997556084976
2022-07-28,10.436907,105.236241,350,167.65481765430383,105.38772256963769,15,2.463441943791287,-8,2.7603529574055594,16,3.2780335513446235,0,2.1010398535722983
2022-07-28,10.443488,105.236111,349,160.5472321284506,106.25095114709731,10,1.8935494811990223,-7,2.278853266482497,10,3.0155360394624604,0,1.7710833962420431
2022-07-28,10.451085,105.243664,349,160.68533006690885,104.18069675716986,12,2.1390765765765765,-6,2.395611187409029,12,3.1885602707971135,0,1.92923277887392
2022-07-28,10.467229,105.24767,352,165.92950701999314,103.57568516157322,18,1.6166431788847029,-10,2.7375144311530075,17,3.5201972973684885,0,2.451548505142467
2022-07-28,10.505349,105.165087,355,158.70077965007937,106.18534107759443,19,3.1911821839421064,-8,3.0688502231351293,17,3.7657164681324624,0,2.3183592683542202
2022-07-28,10.51191,105.170596,350,167.58628228259877,105.89085321236445,15,2.4746546206424247,-5,2.4005328728813593,12,3.083957803795551,0,1.8677346939670878
2022-07-28,10.521024,105.146349,358,165.9095589881353,104.76869905180867,17,1.8815990466031947,-30,3.8153901991034727,36,4.546906069345133,0,3.576073986850605
2022-07-28,10.522164,105.178664,353,169.63219298938665,106.84885465626341,11,2.400453635669327,-7,2.551948471570116,13,3.3824168444339087,0,2.0904361235929243
2022-07-28,10.534615,105.134916,353,159.2235175211031,107.48349689611183,12,2.130249417280114,-8,3.157080473876174,13,3.3751201654002676,0,2.204753428535413
2022-07-28,10.542192,105.18792,352,160.581482469048,105.44088085273786,11,2.143052304815703,-5,2.4237335098942143,12,3.1470684087340377,0,1.779329679780406
2022-07-28,10.546629,105.163964,356,170.94026961631522,106.20855333089209,12,0.7979161522887761,-11,3.250216154886224,15,4.317561272694355,0,2.5788433192222606
2022-07-28,10.546679,105.126512,352,167.76660192896418,102.6462032686911,17,1.5208565127226046,-9,2.6884147180346125,17,3.7279238947957496,0,2.2786645859556613
2022-07-28,10.546857,105.181035,349,160.87020413000334,105.5916163726097,10,1.976206230228094,-6,2.2925287764813405,10,2.894685904462812,0,1.786856236943691
2022-07-28,10.547628,105.146859,352,165.71389116573354,109.09600546864732,11,2.450018598802436,-7,2.7741123189589856,13,3.0799123058235653,0,1.8187750530810796
2022-07-28,10.555822,105.1711,354,163.67869686725413,106.3254392656675,11,1.01537570237433,-11,2.7719479539794554,15,3.7008239217093335,0,2.185969401391399
2022-07-28,10.560601,105.1792,352,164.81633344963564,106.98521351383337,10,1.3031408201286352,-7,2.4589815300548628,11,3.112324970540412,0,1.8288947881623734
2022-07-28,10.565735,105.172074,349,155.82191032317098,102.03417341675078,8,1.407867624307937,-9,2.378691266828412,13,2.847983225916879,0,1.808364852332731
2022-08-04,10.354744,105.336739,350,159.68564906767853,103.85308997960493,11,2.5570246082800567,-5,2.1736324736512986,11,2.9907970105106454,0,1.8073078885405363
2022-08-04,10.359519,105.360913,353,163.9784025032938,107.16394019148812,16,3.227549407114624,-6,2.968545523511794,16,3.3850164690382085,0,2.0228033090274273
2022-08-04,10.363786,105.288188,352,157.16717942974606,108.53906814286,11,2.853526536312849,-6,2.5392100513873594,11,2.8491784810793703,0,1.742415883791903
2022-08-04,10.369692,105.29684,352,162.37856175911634,107.54965248402073,11,1.9073143899844216,-5,2.069171522419046,11,2.699203246301964,0,1.665228622362309
2022-08-04,10.374447,105.330923,350,163.07581307106014,105.716124076272,12,3.0211263430412187,-4,2.3728976971860902,11,3.005517091455262,0,1.7397883812080197
2022-08-04,10.38045,105.349866,353,161.49263008112683,104.41720293499067,8,2.2363215952621727,-5,1.97611300475324,10,2.7903418654211647,0,1.572947168351172
2022-08-05,10.548566,105.198194,352,159.98995641525337,108.00782468011303,14,2.302818524175706,-6,2.3903267647062423,13,2.9312256399452226,0,1.9676806121210355
2022-08-05,10.557257,105.1886,352,161.8477496576425,106.98054560540315,9,1.4975343674286317,-5,1.991210323595379,11,2.6117764405351314,0,1.5527908030843685
2022-08-05,10.565493,105.106594,352,168.26141596474088,105.75735430079112,24,2.0676745433778683,-9,2.7775627210456117,22,3.4228079010687713,0,2.418778254554359
2022-08-05,10.56984,105.190938,352,160.27555742809554,107.93806407988305,9,1.292851359090998,-6,2.0333773790822542,12,2.678979348663291,0,1.6911700683790245
2022-08-05,10.571202,105.135919,348,167.68990908432565,106.18283845595245,13,1.7761703500352197,-6,2.337732655012435,16,3.182469930677621,0,2.0242900323804096
2022-08-05,10.571793,105.16066,354,166.49282269877074,105.28967697289828,10,1.2021987788219408,-7,2.578893983721742,12,3.555194944125342,0,2.0833439275577983
2022-08-05,10.576126,105.183375,354,157.51608879116833,105.78428716824081,14,1.5667250357126399,-7,2.7122624401528217,14,3.6722369607720533,0,2.19921554322627
2022-08-05,10.58174,105.119446,350,166.2048194753941,106.28116236657816,11,2.203042042862458,-6,2.2941071565764517,12,3.04251684446478,0,1.7508066571291936
2022-08-05,10.585739,105.193578,354,168.9289720364421,103.83544147095388,14,1.5126356048238447,-9,2.9358221532069875,13,3.716803149191638,0,2.303207934668186
2022-08-05,10.588345,105.091229,356,159.04290886350938,109.17903299872027,10,1.5197807984728318,-14,2.3146150178325584,15,2.8493993351545304,0,2.0126851121186884
2022-08-05,10.590564,105.128439,352,159.3573857035187,104.61084055850283,11,1.9595605538495968,-5,2.1302935047283684,12,2.7650779858937513,0,1.8190710648747523
2022-08-05,10.592696,105.11414,352,158.15210880054767,106.67651995626807,8,1.8104350573691166,-4,1.8797856285542103,9,2.6545378544015907,0,1.535126658497673
2022-08-05,10.59278,105.103464,352,161.4557016605502,104.91040882771178,8,1.6464591939173523,-7,2.0808766873700164,9,2.8802429109820147,0,1.6215889892626967
2022-08-05,10.593644,105.075243,353,159.63567330575,106.1900532378952,15,1.7310825622846093,-7,2.495427187342975,17,3.3519273749452774,0,2.140342201841485
2022-08-05,10.608536,105.076041,353,163.92072791424073,105.46474143678688,9,1.6682717467506163,-7,2.1570257240846904,10,2.7725054060369883,0,1.591904265096521
2022-08-05,10.612095,105.141919,354,165.04428471755995,105.12008329264438,9,2.2138903150217866,-10,2.3125841737344985,17,3.1420428366441566,0,1.9970278899821226
2022-08-05,10.612317,105.116551,354,168.8686262313102,103.26046977964286,13,1.7656026303057812,-10,3.1210701090365145,16,4.0600046734662305,0,2.465081195878118
2022-08-05,10.619493,105.095029,354,161.08611588307713,106.66806709294468,11,1.855142862784591,-9,2.0489992160367185,13,2.7030323374734286,0,1.7555292250659333
2022-08-05,10.623506,105.132794,350,167.56050737397106,105.86422750763442,14,1.533186983896076,-6,2.2306249131746934,16,2.7890264251791232,0,1.669893666220908
2022-08-05,10.625462,105.098238,354,158.15221490556917,105.04596517911858,16,2.645585491307224,-9,2.815475935402339,17,3.4329604802006126,0,2.258600277008811
2022-08-05,10.628311,105.12253,348,161.41223471647706,105.7673895671045,10,1.8827997222523891,-6,2.0364047573978894,12,2.8048823028041325,0,1.763376796626903
2022-08-05,10.634849,105.13078,350,161.16510624574238,106.52903635275072,10,1.5214614096113146,-7,2.3827857285038645,13,3.24630188468133,0,2.0320240752119387
2022-08-05,10.636733,105.155635,352,157.33128190276207,106.20880970983087,8,1.6770839846899646,-5,1.9740534441259658,10,2.7110148657409985,0,1.6611451498661234
2022-08-05,10.649258,105.142121,354,168.23602486516003,105.60952209657799,14,1.968368988972583,-8,2.926498645824509,15,3.867776318863758,0,2.4138894606456796
2022-08-05,10.663484,105.168203,350,164.2002461327866,106.1238024798047,13,2.777921099305365,-9,3.090345909492989,14,4.060809276705242,0,2.27207842486013
2022-08-09,10.585209,105.164803,354,167.1511953627234,103.83507242855882,20,1.7555093993067772,-15,3.8790222156329226,22,5.02410804512194,0,3.1939951477743227
2022-08-09,10.594603,105.175686,356,166.03413104081574,104.8437300749519,15,1.3263151312086734,-5,1.9332139154269352,16,2.7166136214778724,0,1.7402578363370547
2022-08-09,10.603991,105.147312,353,167.4257304513543,103.53340726413977,15,1.768283089602691,-18,3.7267874056884924,21,4.897208535345056,0,2.998455965566911
2022-08-09,10.605148,105.164514,346,156.0621982484837,103.11908034050879,9,1.59286624036123,-4,1.7846224045029986,8,2.4724387940141717,0,1.412931530433782
2022-08-09,10.615175,105.153736,350,160.98471513675403,104.75777089649267,26,2.529170917947535,-5,2.557191901426658,24,3.2410788928018963,0,2.3617558318194307
2022-08-09,10.619835,105.201297,350,155.71868479770433,102.29830898246396,18,1.5086190441713687,-12,3.007529898678518,19,3.6708637473590016,0,2.452303896519267
2022-08-09,10.621354,105.162316,350,162.3596261128573,102.87642976385514,11,1.8275708855135189,-4,2.160030391572537,10,2.8729014103049346,0,1.7412235383289645
2022-08-09,10.633572,105.172813,354,162.9188385096644,104.30974308173498,16,2.1117554327614503,-11,2.909718492372585,14,3.648798259673327,0,2.3830836927302075
