date,latitude,longitude,potential_evaporation_max,potential_evaporation_mean,potential_evaporation_min,total_precipitation_max,total_precipitation_mean,total_precipitation_min,skin_temperature_max,skin_temperature_mean,skin_temperature_min,soil_temperature_level_1_max,soil_temperature_level_1_mean,soil_temperature_level_1_min,volumetric_soil_water_layer_1_max,volumetric_soil_water_layer_1_mean,volumetric_soil_water_layer_1_min,irrigation_mm
2010-07-15,28.11818,-15.55454,,,,,,,,,,,,,,,,
2010-07-15,28.47143,-16.54286,,,,,,,,,,,,,,,,
2010-07-15,28.7,-18.0,,,,,,,,,,,,,,,,
2010-07-15,36.59786,-5.94015,112.874,112.874,112.874,0.007,0.007,0.007,27.88,27.88,27.88,28.14,28.14,28.14,0.10773785909016927,0.10773785909016927,0.10773785909016927,112.866
2010-07-15,37.10579,-4.67189,125.312,125.312,125.312,0.007,0.007,0.007,28.42,28.42,28.42,28.6,28.6,28.6,0.1424382527669271,0.1424382527669271,0.1424382527669271,125.305
2010-07-15,37.24434,-3.75542,119.836,119.836,119.836,0.007,0.007,0.007,26.81,26.81,26.81,26.7,26.7,26.7,0.1462376912434896,0.1462376912434896,0.1462376912434896,119.829
2010-07-15,37.45555,-2.25556,112.911,112.911,112.911,0.007,0.007,0.007,30.56,30.56,30.56,30.27,30.27,30.27,0.05767631530761719,0.05767631530761719,0.05767631530761719,112.903
2010-07-15,37.50512,-5.81387,133.566,133.566,133.566,0.007,0.007,0.007,30.47,30.47,30.47,31.2,31.2,31.2,0.19801712036132812,0.19801712036132812,0.19801712036132812,133.559
2010-07-15,37.75169,-7.11385,170.391,170.391,170.391,0.007,0.007,0.007,26.65,26.65,26.65,27.4,27.4,27.4,0.12169392903645833,0.12169392903645833,0.12169392903645833,170.384
2010-07-15,37.81599,-4.99439,132.172,132.172,132.172,0.007,0.007,0.007,30.48,30.48,30.48,31.15,31.15,31.15,0.10655911763509114,0.10655911763509114,0.10655911763509114,132.165
2010-07-15,38.03548,-3.86859,121.845,121.845,121.845,0.007,0.007,0.007,31.16,31.16,31.16,31.38,31.38,31.38,0.10525131225585938,0.10525131225585938,0.10525131225585938,121.837
2010-07-15,38.1893,-1.43707,145.526,145.526,145.526,0.008,0.008,0.008,30.54,30.54,30.54,30.7,30.7,30.7,0.13792292277018228,0.13792292277018228,0.13792292277018228,145.518
2010-07-15,38.2,-0.88411,,,,,,,,,,,,,,,,
2010-07-15,39.02606,-6.19655,,,,,,,,,,,,,,,,
2010-07-15,39.0489,-1.99314,124.989,124.989,124.989,0.007,0.007,0.007,29.69,29.69,29.69,29.65,29.65,29.65,0.12817700703938803,0.12817700703938803,0.12817700703938803,124.982
2010-07-15,39.26904,-4.16304,127.584,127.584,127.584,0.007,0.007,0.007,26.41,26.41,26.41,26.73,26.73,26.73,0.12919489542643228,0.12919489542643228,0.12919489542643228,127.576
2010-07-15,39.3862,-0.58762,111.843,111.843,111.843,0.01,0.01,0.01,28.11,28.11,28.11,28.84,28.84,28.84,0.15756861368815103,0.15756861368815103,0.15756861368815103,111.832
2010-07-15,39.6437,-2.38957,117.115,117.115,117.115,0.007,0.007,0.007,26.47,26.47,26.47,26.86,26.86,26.86,0.13714472452799478,0.13714472452799478,0.13714472452799478,117.107
2010-07-15,39.80093,-6.27123,,,,,,,,,,,,,,,,
2010-07-15,39.97782,-4.49185,127.299,127.299,127.299,0.007,0.007,0.007,25.67,25.67,25.67,26.05,26.05,26.05,0.12921841939290366,0.12921841939290366,0.12921841939290366,127.291
2010-07-15,40.19028,-3.57747,140.936,140.936,140.936,0.007,0.007,0.007,28.05,28.05,28.05,28.34,28.34,28.34,0.1643702189127604,0.1643702189127604,0.1643702189127604,140.928
2010-07-15,40.36508,0.07989,107.106,107.106,107.106,0.32,0.32,0.32,26.97,26.97,26.97,27.52,27.52,27.52,0.14281781514485678,0.14281781514485678,0.14281781514485678,106.786
2010-07-15,40.73827,-1.00363,,,,,,,,,,,,,,,,
2010-07-15,40.86232,0.57098,,,,,,,,,,,,,,,,
2010-07-15,40.92142,-3.0692,122.561,122.561,122.561,0.007,0.007,0.007,25.73,25.73,25.73,26.28,26.28,26.28,0.090301513671875,0.090301513671875,0.090301513671875,122.554
2010-07-15,40.97913,-4.85813,102.895,102.895,102.895,0.008,0.008,0.008,23.51,23.51,23.51,23.57,23.57,23.57,0.09318351745605469,0.09318351745605469,0.09318351745605469,102.887
2010-07-15,40.99443,-5.5754,110.89,110.89,110.89,0.008,0.008,0.008,22.62,22.62,22.62,23.13,23.13,23.13,0.14574368794759116,0.14574368794759116,0.14574368794759116,110.882
2010-07-15,41.2211,-4.41308,132.573,132.573,132.573,0.007,0.007,0.007,23.89,23.89,23.89,24.34,24.34,24.34,0.12837346394856772,0.12837346394856772,0.12837346394856772,132.566
2010-07-15,41.58075,-2.86887,109.646,109.646,109.646,0.007,0.007,0.007,23.81,23.81,23.81,24.14,24.14,24.14,0.13305791219075522,0.13305791219075522,0.13305791219075522,109.638
2010-07-15,41.65781,-5.10557,114.396,114.396,114.396,0.007,0.007,0.007,22.26,22.26,22.26,22.81,22.81,22.81,0.14997164408365884,0.14997164408365884,0.14997164408365884,114.389
2010-07-15,41.74448,0.71416,105.209,105.209,105.209,5.126,5.126,5.126,30.31,30.31,30.31,30.74,30.74,30.74,0.11860720316569011,0.11860720316569011,0.11860720316569011,100.083
2010-07-15,41.82753,-5.74309,123.164,123.164,123.164,0.007,0.007,0.007,21.9,21.9,21.9,22.46,22.46,22.46,0.15647315979003906,0.15647315979003906,0.15647315979003906,123.157
2010-07-15,41.84807,-3.87632,104.079,104.079,104.079,0.026,0.026,0.026,20.96,20.96,20.96,21.42,21.42,21.42,0.1622467041015625,0.1622467041015625,0.1622467041015625,104.052
2010-07-15,41.86077,-1.07946,134.368,134.368,134.368,0.007,0.007,0.007,29.34,29.34,29.34,29.31,29.31,29.31,0.06172943115234375,0.06172943115234375,0.06172943115234375,134.36
2010-07-15,41.86705,-0.05219,147.835,147.835,147.835,0.017,0.017,0.017,29.85,29.85,29.85,30.37,30.37,30.37,0.13268597920735678,0.13268597920735678,0.13268597920735678,147.818
2010-07-15,41.90971,2.24778,76.445,76.445,76.445,23.825,23.825,23.825,23.12,23.12,23.12,23.38,23.38,23.38,0.22057024637858072,0.22057024637858072,0.22057024637858072,52.621
2010-07-15,42.16169,2.87706,99.403,99.403,99.403,1.231,1.231,1.231,28.92,28.92,28.92,29.25,29.25,29.25,0.08546257019042969,0.08546257019042969,0.08546257019042969,98.172
2010-07-15,42.19387,-7.78684,80.979,80.979,80.979,0.525,0.525,0.525,17.98,17.98,17.98,18.74,18.74,18.74,0.1455707550048828,0.1455707550048828,0.1455707550048828,80.453
2010-07-15,42.27149,-1.97541,133.709,133.709,133.709,0.09,0.09,0.09,24.23,24.23,24.23,24.59,24.59,24.59,0.1983038584391276,0.1983038584391276,0.1983038584391276,133.619
2010-07-15,42.4113,-5.68645,122.427,122.427,122.427,0.014,0.014,0.014,20.39,20.39,20.39,20.83,20.83,20.83,0.16694513956705728,0.16694513956705728,0.16694513956705728,122.413
2010-07-15,42.41262,-4.67343,,,,,,,,,,,,,,,,
2010-07-15,42.4273,-1.73358,106.806,106.806,106.806,0.034,0.034,0.034,26.04,26.04,26.04,26.32,26.32,26.32,0.1423924763997396,0.1423924763997396,0.1423924763997396,106.771
2010-07-15,42.72535,-8.29535,,,,,,,,,,,,,,,,
2010-07-15,42.9655,-2.75258,76.965,76.965,76.965,9.396,9.396,9.396,19.29,19.29,19.29,19.27,19.27,19.27,0.2760759989420573,0.2760759989420573,0.2760759989420573,67.569
2010-07-15,43.08895,-8.59496,85.717,85.717,85.717,1.821,1.821,1.821,16.98,16.98,16.98,17.49,17.49,17.49,0.1979700724283854,0.1979700724283854,0.1979700724283854,83.896
2010-07-15,43.11323,-7.572,,,,,,,,,,,,,,,,
2010-07-15,43.20135,-2.13431,,,,,,,,,,,,,,,,
2010-07-15,43.30779,-2.99522,,,,,,,,,,,,,,,,
2010-07-15,43.42863,-3.89545,,,,,,,,,,,,,,,,
2010-07-15,43.55671,-6.47065,,,,,,,,,,,,,,,,
2011-07-15,28.11818,-15.55454,,,,,,,,,,,,,,,,
2011-07-15,28.47143,-16.54286,,,,,,,,,,,,,,,,
2011-07-15,28.7,-18.0,,,,,,,,,,,,,,,,
2011-07-15,36.59786,-5.94015,164.814,164.814,164.814,0.002,0.002,0.002,29.28,29.28,29.28,29.33,29.33,29.33,0.10617764790852864,0.10617764790852864,0.10617764790852864,164.813
2011-07-15,37.10579,-4.67189,138.965,138.965,138.965,0.002,0.002,0.002,27.24,27.24,27.24,27.53,27.53,27.53,0.14663823445638022,0.14663823445638022,0.14663823445638022,138.963
2011-07-15,37.24434,-3.75542,111.866,111.866,111.866,0.002,0.002,0.002,25.56,25.56,25.56,25.44,25.44,25.44,0.15032323201497397,0.15032323201497397,0.15032323201497397,111.865
2011-07-15,37.45555,-2.25556,87.121,87.121,87.121,0.739,0.739,0.739,25.8,25.8,25.8,26.01,26.01,26.01,0.06468963623046875,0.06468963623046875,0.06468963623046875,86.382
2011-07-15,37.50512,-5.81387,118.72,118.72,118.72,0.002,0.002,0.002,31.61,31.61,31.61,31.76,31.76,31.76,0.19774945576985678,0.19774945576985678,0.19774945576985678,118.718
2011-07-15,37.75169,-7.11385,154.351,154.351,154.351,0.002,0.002,0.002,30.91,30.91,30.91,30.27,30.27,30.27,0.12237803141276042,0.12237803141276042,0.12237803141276042,154.35
2011-07-15,37.81599,-4.99439,124.89,124.89,124.89,0.002,0.002,0.002,31.12,31.12,31.12,31.39,31.39,31.39,0.10642306009928386,0.10642306009928386,0.10642306009928386,124.889
2011-07-15,38.03548,-3.86859,117.126,117.126,117.126,0.002,0.002,0.002,30.72,30.72,30.72,30.85,30.85,30.85,0.10515721638997395,0.10515721638997395,0.10515721638997395,117.124
2011-07-15,38.1893,-1.43707,106.719,106.719,106.719,3.264,3.264,3.264,26.27,26.27,26.27,26.75,26.75,26.75,0.15334065755208334,0.15334065755208334,0.15334065755208334,103.455
2011-07-15,39.02606,-6.19655,,,,,,,,,,,,,,,,
2011-07-15,39.0489,-1.99314,107.337,107.337,107.337,1.0,1.0,1.0,25.78,25.78,25.78,26.09,26.09,26.09,0.15055529276529947,0.15055529276529947,0.15055529276529947,106.337
2011-07-15,39.26904,-4.16304,122.807,122.807,122.807,0.002,0.002,0.002,26.3,26.3,26.3,26.24,26.24,26.24,0.12567456563313803,0.12567456563313803,0.12567456563313803,122.806
2011-07-15,39.3862,-0.58762,85.977,85.977,85.977,14.718,14.718,14.718,25.52,25.52,25.52,26.0,26.0,26.0,0.17173258463541666,0.17173258463541666,0.17173258463541666,71.259
2011-07-15,39.6437,-2.38957,116.425,116.425,116.425,0.274,0.274,0.274,25.89,25.89,25.89,25.97,25.97,25.97,0.13796170552571616,0.13796170552571616,0.13796170552571616,116.152
2011-07-15,39.80093,-6.27123,,,,,,,,,,,,,,,,
2011-07-15,39.97782,-4.49185,123.808,123.808,123.808,0.002,0.002,0.002,25.28,25.28,25.28,25.24,25.24,25.24,0.12352371215820312,0.12352371215820312,0.12352371215820312,123.806
2011-07-15,40.19028,-3.57747,139.9,139.9,139.9,0.002,0.002,0.002,27.32,27.32,27.32,26.96,26.96,26.96,0.16556803385416666,0.16556803385416666,0.16556803385416666,139.898
2011-07-15,40.36508,0.07989,74.439,74.439,74.439,33.621,33.621,33.621,22.53,22.53,22.53,23.16,23.16,23.16,0.18468221028645834,0.18468221028645834,0.18468221028645834,40.817
2011-07-15,40.73827,-1.00363,,,,,,,,,,,,,,,,
2011-07-15,40.86232,0.57098,,,,,,,,,,,,,,,,
2011-07-15,40.92142,-3.0692,112.646,112.646,112.646,0.002,0.002,0.002,25.16,25.16,25.16,24.96,24.96,24.96,0.09302393595377605,0.09302393595377605,0.09302393595377605,112.644
2011-07-15,40.97913,-4.85813,92.536,92.536,92.536,0.002,0.002,0.002,21.73,21.73,21.73,21.25,21.25,21.25,0.14403788248697916,0.14403788248697916,0.14403788248697916,92.534
2011-07-15,40.99443,-5.5754,102.869,102.869,102.869,0.002,0.002,0.002,23.44,23.44,23.44,23.03,23.03,23.03,0.1660029093424479,0.1660029093424479,0.1660029093424479,102.867
2011-07-15,41.2211,-4.41308,118.017,118.017,118.017,0.002,0.002,0.002,23.0,23.0,23.0,22.76,22.76,22.76,0.19844818115234375,0.19844818115234375,0.19844818115234375,118.015
2011-07-15,41.58075,-2.86887,99.181,99.181,99.181,0.002,0.002,0.002,22.91,22.91,22.91,22.7,22.7,22.7,0.152008056640625,0.152008056640625,0.152008056640625,99.18
2011-07-15,41.65781,-5.10557,100.658,100.658,100.658,0.002,0.002,0.002,21.76,21.76,21.76,21.55,21.55,21.55,0.22274398803710938,0.22274398803710938,0.22274398803710938,100.657
2011-07-15,41.74448,0.71416,93.241,93.241,93.241,1.369,1.369,1.369,26.76,26.76,26.76,26.98,26.98,26.98,0.15026219685872397,0.15026219685872397,0.15026219685872397,91.872
2011-07-15,41.82753,-5.74309,103.814,103.814,103.814,0.003,0.003,0.003,21.67,21.67,21.67,21.27,21.27,21.27,0.24505742390950522,0.24505742390950522,0.24505742390950522,103.811
2011-07-15,41.84807,-3.87632,96.564,96.564,96.564,0.002,0.002,0.002,20.34,20.34,20.34,20.07,20.07,20.07,0.22064781188964844,0.22064781188964844,0.22064781188964844,96.562
2011-07-15,41.86077,-1.07946,113.85,113.85,113.85,0.002,0.002,0.002,26.41,26.41,26.41,25.81,25.81,25.81,0.06413205464680989,0.06413205464680989,0.06413205464680989,113.848
2011-07-15,41.86705,-0.05219,100.383,100.383,100.383,0.18,0.18,0.18,24.66,24.66,24.66,25.0,25.0,25.0,0.17736498514811197,0.17736498514811197,0.17736498514811197,100.203
2011-07-15,41.90971,2.24778,57.662,57.662,57.662,179.636,179.636,179.636,18.32,18.32,18.32,18.71,18.71,18.71,0.4133148193359375,0.4133148193359375,0.4133148193359375,0.0
2011-07-15,42.16169,2.87706,54.529,54.529,54.529,16.162,16.162,16.162,22.79,22.79,22.79,23.05,23.05,23.05,0.18130175272623697,0.18130175272623697,0.18130175272623697,38.367
2011-07-15,42.19387,-7.78684,80.674,80.674,80.674,0.012,0.012,0.012,20.68,20.68,20.68,20.41,20.41,20.41,0.15789794921875,0.15789794921875,0.15789794921875,80.662
2011-07-15,42.27149,-1.97541,115.901,115.901,115.901,0.003,0.003,0.003,21.78,21.78,21.78,21.38,21.38,21.38,0.24435043334960938,0.24435043334960938,0.24435043334960938,115.898
2011-07-15,42.4113,-5.68645,96.176,96.176,96.176,0.112,0.112,0.112,19.99,19.99,19.99,19.53,19.53,19.53,0.24462318420410156,0.24462318420410156,0.24462318420410156,96.065
2011-07-15,42.41262,-4.67343,,,,,,,,,,,,,,,,
2011-07-15,42.4273,-1.73358,96.56,96.56,96.56,0.002,0.002,0.002,23.8,23.8,23.8,23.46,23.46,23.46,0.16051355997721353,0.16051355997721353,0.16051355997721353,96.558
2011-07-15,42.72535,-8.29535,,,,,,,,,,,,,,,,
2011-07-15,42.9655,-2.75258,88.089,88.089,88.089,0.675,0.675,0.675,17.32,17.32,17.32,17.05,17.05,17.05,0.29154713948567706,0.29154713948567706,0.29154713948567706,87.414
2011-07-15,43.08895,-8.59496,63.649,63.649,63.649,4.699,4.699,4.699,19.71,19.71,19.71,19.46,19.46,19.46,0.1626307169596354,0.1626307169596354,0.1626307169596354,58.95
2011-07-15,43.11323,-7.572,,,,,,,,,,,,,,,,
2011-07-15,43.20135,-2.13431,,,,,,,,,,,,,,,,
2011-07-15,43.30779,-2.99522,,,,,,,,,,,,,,,,
2011-07-15,43.42863,-3.89545,,,,,,,,,,,,,,,,
2011-07-15,43.55671,-6.47065,,,,,,,,,,,,,,,,
2012-07-15,28.11818,-15.55454,,,,,,,,,,,,,,,,
2012-07-15,28.47143,-16.54286,,,,,,,,,,,,,,,,
2012-07-15,28.7,-18.0,,,,,,,,,,,,,,,,
2012-07-15,36.59786,-5.94015,167.958,167.958,167.958,0.0,0.0,0.0,30.73,30.73,30.73,30.52,30.52,30.52,0.1040789286295573,0.1040789286295573,0.1040789286295573,167.958
2012-07-15,37.10579,-4.67189,121.407,121.407,121.407,0.0,0.0,0.0,27.64,27.64,27.64,28.13,28.13,28.13,0.13936360677083334,0.13936360677083334,0.13936360677083334,121.406
2012-07-15,37.24434,-3.75542,125.032,125.032,125.032,0.0,0.0,0.0,26.56,26.56,26.56,26.8,26.8,26.8,0.13791974385579428,0.13791974385579428,0.13791974385579428,125.031
2012-07-15,37.45555,-2.25556,100.579,100.579,100.579,2.035,2.035,2.035,29.21,29.21,29.21,29.68,29.68,29.68,0.057108561197916664,0.057108561197916664,0.057108561197916664,98.544
2012-07-15,37.50512,-5.81387,180.952,180.952,180.952,0.0,0.0,0.0,32.7,32.7,32.7,32.93,32.93,32.93,0.19736162821451822,0.19736162821451822,0.19736162821451822,180.952
2012-07-15,37.75169,-7.11385,187.079,187.079,187.079,0.001,0.001,0.001,28.84,28.84,28.84,28.82,28.82,28.82,0.11856524149576823,0.11856524149576823,0.11856524149576823,187.078
2012-07-15,37.81599,-4.99439,170.926,170.926,170.926,0.0,0.0,0.0,32.27,32.27,32.27,32.64,32.64,32.64,0.10582733154296875,0.10582733154296875,0.10582733154296875,170.926
2012-07-15,38.03548,-3.86859,132.449,132.449,132.449,0.0,0.0,0.0,31.07,31.07,31.07,31.37,31.37,31.37,0.10494359334309895,0.10494359334309895,0.10494359334309895,132.448
2012-07-15,38.1893,-1.43707,114.881,114.881,114.881,6.37,6.37,6.37,27.61,27.61,27.61,28.75,28.75,28.75,0.13873863220214844,0.13873863220214844,0.13873863220214844,108.512
2012-07-15,38.2,-0.88411,,,,,,,,,,,,,,,,
2012-07-15,39.02606,-6.19655,,,,,,,,,,,,,,,,
2012-07-15,39.0489,-1.99314,115.452,115.452,115.452,10.41,10.41,10.41,27.24,27.24,27.24,27.97,27.97,27.97,0.12972386678059897,0.12972386678059897,0.12972386678059897,105.042
2012-07-15,39.26904,-4.16304,130.223,130.223,130.223,0.0,0.0,0.0,27.42,27.42,27.42,27.55,27.55,27.55,0.12296867370605469,0.12296867370605469,0.12296867370605469,130.223
2012-07-15,39.3862,-0.58762,93.208,93.208,93.208,9.563,9.563,9.563,25.76,25.76,25.76,26.74,26.74,26.74,0.16782506306966147,0.16782506306966147,0.16782506306966147,83.644
2012-07-15,39.6437,-2.38957,120.383,120.383,120.383,1.27,1.27,1.27,26.26,26.26,26.26,26.76,26.76,26.76,0.13578923543294272,0.13578923543294272,0.13578923543294272,119.112
2012-07-15,39.80093,-6.27123,,,,,,,,,,,,,,,,
2012-07-15,39.97782,-4.49185,127.78,127.78,127.78,0.0,0.0,0.0,25.65,25.65,25.65,26.22,26.22,26.22,0.11930147806803386,0.11930147806803386,0.11930147806803386,127.779
2012-07-15,40.19028,-3.57747,143.033,143.033,143.033,0.0,0.0,0.0,27.19,27.19,27.19,27.7,27.7,27.7,0.1628576914469401,0.1628576914469401,0.1628576914469401,143.032
2012-07-15,40.36508,0.07989,106.111,106.111,106.111,2.529,2.529,2.529,25.72,25.72,25.72,26.31,26.31,26.31,0.15582656860351562,0.15582656860351562,0.15582656860351562,103.582
2012-07-15,40.73827,-1.00363,,,,,,,,,,,,,,,,
2012-07-15,40.86232,0.57098,,,,,,,,,,,,,,,,
2012-07-15,40.97913,-4.85813,104.08,104.08,104.08,0.03,0.03,0.03,22.68,22.68,22.68,22.91,22.91,22.91,0.08273887634277344,0.08273887634277344,0.08273887634277344,104.049
2012-07-15,40.99443,-5.5754,116.626,116.626,116.626,0.003,0.003,0.003,23.05,23.05,23.05,23.47,23.47,23.47,0.13527743021647134,0.13527743021647134,0.13527743021647134,116.623
2012-07-15,41.2211,-4.41308,129.067,129.067,129.067,0.012,0.012,0.012,23.68,23.68,23.68,24.26,24.26,24.26,0.11154238382975261,0.11154238382975261,0.11154238382975261,129.055
2012-07-15,41.58075,-2.86887,103.547,103.547,103.547,0.02,0.02,0.02,22.98,22.98,22.98,23.8,23.8,23.8,0.1280066172281901,0.1280066172281901,0.1280066172281901,103.528
2012-07-15,41.65781,-5.10557,115.198,115.198,115.198,0.0,0.0,0.0,22.76,22.76,22.76,23.36,23.36,23.36,0.13698196411132812,0.13698196411132812,0.13698196411132812,115.198
2012-07-15,41.74448,0.71416,122.658,122.658,122.658,0.048,0.048,0.048,24.37,24.37,24.37,25.4,25.4,25.4,0.14161364237467447,0.14161364237467447,0.14161364237467447,122.61
2012-07-15,41.82753,-5.74309,130.718,130.718,130.718,0.0,0.0,0.0,22.41,22.41,22.41,22.77,22.77,22.77,0.13697497049967447,0.13697497049967447,0.13697497049967447,130.717
2012-07-15,41.84807,-3.87632,106.551,106.551,106.551,0.005,0.005,0.005,20.54,20.54,20.54,21.4,21.4,21.4,0.12595431009928384,0.12595431009928384,0.12595431009928384,106.546
2012-07-15,41.86077,-1.07946,144.822,144.822,144.822,0.001,0.001,0.001,22.33,22.33,22.33,23.05,23.05,23.05,0.06214078267415365,0.06214078267415365,0.06214078267415365,144.821
2012-07-15,41.86705,-0.05219,183.195,183.195,183.195,0.0,0.0,0.0,23.82,23.82,23.82,25.08,25.08,25.08,0.14389546712239584,0.14389546712239584,0.14389546712239584,183.194
2012-07-15,41.90971,2.24778,98.99,98.99,98.99,21.072,21.072,21.072,20.01,20.01,20.01,20.32,20.32,20.32,0.1878515879313151,0.1878515879313151,0.1878515879313151,77.917
2012-07-15,42.16169,2.87706,88.27,88.27,88.27,10.032,10.032,10.032,24.26,24.26,24.26,24.51,24.51,24.51,0.10192553202311198,0.10192553202311198,0.10192553202311198,78.238
2012-07-15,42.19387,-7.78684,81.372,81.372,81.372,0.815,0.815,0.815,17.24,17.24,17.24,17.56,17.56,17.56,0.14522425333658853,0.14522425333658853,0.14522425333658853,80.558
2012-07-15,42.27149,-1.97541,128.312,128.312,128.312,0.116,0.116,0.116,19.74,19.74,19.74,20.55,20.55,20.55,0.15445518493652344,0.15445518493652344,0.15445518493652344,128.195
2012-07-15,42.4113,-5.68645,103.711,103.711,103.711,0.002,0.002,0.002,19.71,19.71,19.71,19.97,19.97,19.97,0.14063135782877603,0.14063135782877603,0.14063135782877603,103.708
2012-07-15,42.41262,-4.67343,,,,,,,,,,,,,,,,
2012-07-15,42.4273,-1.73358,98.056,98.056,98.056,0.017,0.017,0.017,20.69,20.69,20.69,21.69,21.69,21.69,0.13977432250976562,0.13977432250976562,0.13977432250976562,98.04
2012-07-15,42.72535,-8.29535,,,,,,,,,,,,,,,,
2012-07-15,42.9655,-2.75258,68.674,68.674,68.674,6.516,6.516,6.516,14.59,14.59,14.59,15.29,15.29,15.29,0.2671089172363281,0.2671089172363281,0.2671089172363281,62.158
2012-07-15,43.08895,-8.59496,58.798,58.798,58.798,11.426,11.426,11.426,15.46,15.46,15.46,16.03,16.03,16.03,0.299713134765625,0.299713134765625,0.299713134765625,47.373
2012-07-15,43.11323,-7.572,,,,,,,,,,,,,,,,
2012-07-15,43.20135,-2.13431,,,,,,,,,,,,,,,,
2012-07-15,43.30779,-2.99522,,,,,,,,,,,,,,,,
2012-07-15,43.42863,-3.89545,,,,,,,,,,,,,,,,
2012-07-15,43.55671,-6.47065,,,,,,,,,,,,,,,,
2013-07-15,28.11818,-15.55454,,,,,,,,,,,,,,,,
2013-07-15,28.47143,-16.54286,,,,,,,,,,,,,,,,
2013-07-15,28.7,-18.0,,,,,,,,,,,,,,,,
2013-07-15,36.59786,-5.94015,94.513,94.513,94.513,0.034,0.034,0.034,27.47,27.47,27.47,27.44,27.44,27.44,0.10634295145670573,0.10634295145670573,0.10634295145670573,94.479
2013-07-15,37.10579,-4.67189,112.463,112.463,112.463,0.017,0.017,0.017,27.24,27.24,27.24,27.24,27.24,27.24,0.14223670959472656,0.14223670959472656,0.14223670959472656,112.445
2013-07-15,37.24434,-3.75542,110.793,110.793,110.793,0.015,0.015,0.015,25.24,25.24,25.24,25.22,25.22,25.22,0.14387385050455728,0.14387385050455728,0.14387385050455728,110.778
2013-07-15,37.45555,-2.25556,97.735,97.735,97.735,0.053,0.053,0.053,27.99,27.99,27.99,27.87,27.87,27.87,0.05982335408528646,0.05982335408528646,0.05982335408528646,97.682
2013-07-15,37.50512,-5.81387,110.587,110.587,110.587,0.053,0.053,0.053,30.49,30.49,30.49,30.69,30.69,30.69,0.19813919067382812,0.19813919067382812,0.19813919067382812,110.534
2013-07-15,37.75169,-7.11385,127.423,127.423,127.423,0.015,0.015,0.015,29.14,29.14,29.14,29.41,29.41,29.41,0.11899312337239583,0.11899312337239583,0.11899312337239583,127.408
2013-07-15,37.81599,-4.99439,123.077,123.077,123.077,0.016,0.016,0.016,31.04,31.04,31.04,31.21,31.21,31.21,0.10681660970052083,0.10681660970052083,0.10681660970052083,123.061
2013-07-15,38.03548,-3.86859,120.239,120.239,120.239,0.015,0.015,0.015,31.12,31.12,31.12,31.09,31.09,31.09,0.1053466796875,0.1053466796875,0.1053466796875,120.224
2013-07-15,38.1893,-1.43707,122.557,122.557,122.557,0.026,0.026,0.026,27.24,27.24,27.24,27.68,27.68,27.68,0.13885116577148438,0.13885116577148438,0.13885116577148438,122.531
2013-07-15,38.2,-0.88411,,,,,,,,,,,,,,,,
2013-07-15,39.02606,-6.19655,,,,,,,,,,,,,,,,
2013-07-15,39.0489,-1.99314,123.308,123.308,123.308,0.016,0.016,0.016,27.53,27.53,27.53,27.96,27.96,27.96,0.13015238444010416,0.13015238444010416,0.13015238444010416,123.292
2013-07-15,39.26904,-4.16304,115.167,115.167,115.167,0.015,0.015,0.015,28.34,28.34,28.34,28.31,28.31,28.31,0.12390327453613281,0.12390327453613281,0.12390327453613281,115.152
2013-07-15,39.3862,-0.58762,100.243,100.243,100.243,0.9,0.9,0.9,27.27,27.27,27.27,27.56,27.56,27.56,0.16381327311197916,0.16381327311197916,0.16381327311197916,99.343
2013-07-15,39.6437,-2.38957,134.043,134.043,134.043,0.039,0.039,0.039,26.89,26.89,26.89,27.04,27.04,27.04,0.13764444986979166,0.13764444986979166,0.13764444986979166,134.003
2013-07-15,39.80093,-6.27123,,,,,,,,,,,,,,,,
2013-07-15,39.97782,-4.49185,115.316,115.316,115.316,0.038,0.038,0.038,27.49,27.49,27.49,27.57,27.57,27.57,0.12038103739420573,0.12038103739420573,0.12038103739420573,115.279
2013-07-15,40.19028,-3.57747,125.781,125.781,125.781,0.063,0.063,0.063,29.22,29.22,29.22,29.32,29.32,29.32,0.16363016764322916,0.16363016764322916,0.16363016764322916,125.718
2013-07-15,40.36508,0.07989,99.776,99.776,99.776,0.735,0.735,0.735,26.12,26.12,26.12,26.24,26.24,26.24,0.15674908955891928,0.15674908955891928,0.15674908955891928,99.041
2013-07-15,40.73827,-1.00363,,,,,,,,,,,,,,,,
2013-07-15,40.86232,0.57098,,,,,,,,,,,,,,,,
2013-07-15,40.92142,-3.0692,104.227,104.227,104.227,0.87,0.87,0.87,26.52,26.52,26.52,26.7,26.7,26.7,0.09236590067545573,0.09236590067545573,0.09236590067545573,103.356
2013-07-15,40.97913,-4.85813,81.246,81.246,81.246,5.026,5.026,5.026,23.08,23.08,23.08,23.22,23.22,23.22,0.16655286153157553,0.16655286153157553,0.16655286153157553,76.22
2013-07-15,40.99443,-5.5754,82.351,82.351,82.351,11.66,11.66,11.66,23.5,23.5,23.5,23.91,23.91,23.91,0.18192291259765625,0.18192291259765625,0.18192291259765625,70.691
2013-07-15,41.2211,-4.41308,112.052,112.052,112.052,1.556,1.556,1.556,25.53,25.53,25.53,25.5,25.5,25.5,0.16556421915690103,0.16556421915690103,0.16556421915690103,110.496
2013-07-15,41.58075,-2.86887,90.366,90.366,90.366,24.319,24.319,24.319,21.88,21.88,21.88,22.54,22.54,22.54,0.1885369618733724,0.1885369618733724,0.1885369618733724,66.047
2013-07-15,41.65781,-5.10557,108.81,108.81,108.81,14.212,14.212,14.212,23.04,23.04,23.04,23.49,23.49,23.49,0.2897148132324219,0.2897148132324219,0.2897148132324219,94.598
2013-07-15,41.74448,0.71416,93.094,93.094,93.094,4.335,4.335,4.335,28.59,28.59,28.59,28.46,28.46,28.46,0.15608660380045572,0.15608660380045572,0.15608660380045572,88.759
2013-07-15,41.82753,-5.74309,134.071,134.071,134.071,26.312,26.312,26.312,23.54,23.54,23.54,24.08,24.08,24.08,0.2348454793294271,0.2348454793294271,0.2348454793294271,107.759
2013-07-15,41.84807,-3.87632,93.013,93.013,93.013,35.435,35.435,35.435,21.61,21.61,21.61,21.93,21.93,21.93,0.2140064239501953,0.2140064239501953,0.2140064239501953,57.578
2013-07-15,41.86077,-1.07946,96.492,96.492,96.492,2.657,2.657,2.657,29.11,29.11,29.11,28.54,28.54,28.54,0.0791333516438802,0.0791333516438802,0.0791333516438802,93.835
2013-07-15,41.86705,-0.05219,95.959,95.959,95.959,9.839,9.839,9.839,26.4,26.4,26.4,26.73,26.73,26.73,0.2271442413330078,0.2271442413330078,0.2271442413330078,86.12
2013-07-15,41.90971,2.24778,79.171,79.171,79.171,24.196,24.196,24.196,21.61,21.61,21.61,21.45,21.45,21.45,0.33666737874348956,0.33666737874348956,0.33666737874348956,54.974
2013-07-15,42.16169,2.87706,74.308,74.308,74.308,7.308,7.308,7.308,26.69,26.69,26.69,26.34,26.34,26.34,0.15370750427246094,0.15370750427246094,0.15370750427246094,67.0
2013-07-15,42.19387,-7.78684,76.793,76.793,76.793,37.577,37.577,37.577,23.38,23.38,23.38,23.89,23.89,23.89,0.15276082356770834,0.15276082356770834,0.15276082356770834,39.216
2013-07-15,42.27149,-1.97541,107.966,107.966,107.966,4.306,4.306,4.306,24.12,24.12,24.12,23.92,23.92,23.92,0.27840232849121094,0.27840232849121094,0.27840232849121094,103.66
2013-07-15,42.4113,-5.68645,119.506,119.506,119.506,4.046,4.046,4.046,22.33,22.33,22.33,22.63,22.63,22.63,0.23899968465169272,0.23899968465169272,0.23899968465169272,115.46
2013-07-15,42.41262,-4.67343,,,,,,,,,,,,,,,,
2013-07-15,42.4273,-1.73358,91.764,91.764,91.764,1.538,1.538,1.538,24.48,24.48,24.48,24.5,24.5,24.5,0.20575523376464844,0.20575523376464844,0.20575523376464844,90.226
2013-07-15,42.72535,-8.29535,,,,,,,,,,,,,,,,
2013-07-15,42.9655,-2.75258,91.015,91.015,91.015,0.33,0.33,0.33,20.03,20.03,20.03,20.05,20.05,20.05,0.2585741678873698,0.2585741678873698,0.2585741678873698,90.684
2013-07-15,43.08895,-8.59496,100.446,100.446,100.446,0.184,0.184,0.184,23.09,23.09,23.09,23.25,23.25,23.25,0.11008834838867188,0.11008834838867188,0.11008834838867188,100.262
2013-07-15,43.11323,-7.572,,,,,,,,,,,,,,,,
2013-07-15,43.20135,-2.13431,,,,,,,,,,,,,,,,
2013-07-15,43.30779,-2.99522,,,,,,,,,,,,,,,,
2013-07-15,43.42863,-3.89545,,,,,,,,,,,,,,,,
2013-07-15,43.55671,-6.47065,,,,,,,,,,,,,,,,
2014-07-15,28.11818,-15.55454,,,,,,,,,,,,,,,,
2014-07-15,28.47143,-16.54286,,,,,,,,,,,,,,,,
2014-07-15,28.7,-18.0,,,,,,,,,,,,,,,,
2014-07-15,36.59786,-5.94015,134.329,134.329,134.329,0.013,0.013,0.013,29.7,29.7,29.7,29.37,29.37,29.37,0.10490671793619792,0.10490671793619792,0.10490671793619792,134.316
2014-07-15,37.10579,-4.67189,144.43,144.43,144.43,0.012,0.012,0.012,29.08,29.08,29.08,29.12,29.12,29.12,0.1438725789388021,0.1438725789388021,0.1438725789388021,144.418
2014-07-15,37.24434,-3.75542,121.225,121.225,121.225,0.012,0.012,0.012,27.46,27.46,27.46,26.98,26.98,26.98,0.1436773935953776,0.1436773935953776,0.1436773935953776,121.213
2014-07-15,37.45555,-2.25556,102.212,102.212,102.212,0.049,0.049,0.049,29.64,29.64,29.64,29.49,29.49,29.49,0.058268229166666664,0.058268229166666664,0.058268229166666664,102.163
2014-07-15,37.50512,-5.81387,122.492,122.492,122.492,0.012,0.012,0.012,33.45,33.45,33.45,33.14,33.14,33.14,0.1975377400716146,0.1975377400716146,0.1975377400716146,122.48
2014-07-15,37.75169,-7.11385,145.264,145.264,145.264,0.012,0.012,0.012,32.22,32.22,32.22,31.76,31.76,31.76,0.11982154846191406,0.11982154846191406,0.11982154846191406,145.251
2014-07-15,37.81599,-4.99439,133.607,133.607,133.607,0.012,0.012,0.012,33.79,33.79,33.79,33.63,33.63,33.63,0.10625267028808594,0.10625267028808594,0.10625267028808594,133.595
2014-07-15,38.03548,-3.86859,129.791,129.791,129.791,0.012,0.012,0.012,33.77,33.77,33.77,33.36,33.36,33.36,0.10499890645345052,0.10499890645345052,0.10499890645345052,129.779
2014-07-15,38.1893,-1.43707,120.322,120.322,120.322,0.092,0.092,0.092,27.96,27.96,27.96,28.35,28.35,28.35,0.1404851277669271,0.1404851277669271,0.1404851277669271,120.23
2014-07-15,38.2,-0.88411,,,,,,,,,,,,,,,,
2014-07-15,39.02606,-6.19655,,,,,,,,,,,,,,,,
2014-07-15,39.0489,-1.99314,133.987,133.987,133.987,0.123,0.123,0.123,28.97,28.97,28.97,28.83,28.83,28.83,0.12935638427734375,0.12935638427734375,0.12935638427734375,133.865
2014-07-15,39.26904,-4.16304,132.505,132.505,132.505,0.012,0.012,0.012,31.0,31.0,31.0,30.21,30.21,30.21,0.12515958150227866,0.12515958150227866,0.12515958150227866,132.492
2014-07-15,39.3862,-0.58762,99.047,99.047,99.047,0.876,0.876,0.876,26.04,26.04,26.04,26.25,26.25,26.25,0.1841583251953125,0.1841583251953125,0.1841583251953125,98.171
2014-07-15,39.6437,-2.38957,141.548,141.548,141.548,0.018,0.018,0.018,27.69,27.69,27.69,27.05,27.05,27.05,0.14982223510742188,0.14982223510742188,0.14982223510742188,141.53
2014-07-15,39.80093,-6.27123,,,,,,,,,,,,,,,,
2014-07-15,39.97782,-4.49185,135.532,135.532,135.532,0.012,0.012,0.012,29.08,29.08,29.08,28.39,28.39,28.39,0.13041814168294272,0.13041814168294272,0.13041814168294272,135.52
2014-07-15,40.19028,-3.57747,137.017,137.017,137.017,0.012,0.012,0.012,30.18,30.18,30.18,29.45,29.45,29.45,0.16854095458984375,0.16854095458984375,0.16854095458984375,137.005
2014-07-15,40.36508,0.07989,92.976,92.976,92.976,0.354,0.354,0.354,25.71,25.71,25.71,25.88,25.88,25.88,0.16189257303873697,0.16189257303873697,0.16189257303873697,92.622
2014-07-15,40.73827,-1.00363,,,,,,,,,,,,,,,,
2014-07-15,40.86232,0.57098,,,,,,,,,,,,,,,,
2014-07-15,40.92142,-3.0692,112.098,112.098,112.098,0.327,0.327,0.327,27.16,27.16,27.16,26.32,26.32,26.32,0.1044921875,0.1044921875,0.1044921875,111.771
2014-07-15,40.97913,-4.85813,99.314,99.314,99.314,0.012,0.012,0.012,27.18,27.18,27.18,25.82,25.82,25.82,0.09393119812011719,0.09393119812011719,0.09393119812011719,99.301
2014-07-15,40.99443,-5.5754,117.34,117.34,117.34,0.012,0.012,0.012,27.05,27.05,27.05,26.16,26.16,26.16,0.15073331197102866,0.15073331197102866,0.15073331197102866,117.327
2014-07-15,41.2211,-4.41308,130.327,130.327,130.327,0.012,0.012,0.012,27.85,27.85,27.85,26.73,26.73,26.73,0.14140955607096353,0.14140955607096353,0.14140955607096353,130.314
2014-07-15,41.58075,-2.86887,104.439,104.439,104.439,0.014,0.014,0.014,25.69,25.69,25.69,24.78,24.78,24.78,0.14492098490397134,0.14492098490397134,0.14492098490397134,104.425
2014-07-15,41.65781,-5.10557,122.551,122.551,122.551,0.012,0.012,0.012,27.73,27.73,27.73,26.68,26.68,26.68,0.15172386169433594,0.15172386169433594,0.15172386169433594,122.538
2014-07-15,41.74448,0.71416,98.036,98.036,98.036,1.126,1.126,1.126,28.53,28.53,28.53,28.09,28.09,28.09,0.13966496785481772,0.13966496785481772,0.13966496785481772,96.91
2014-07-15,41.82753,-5.74309,141.037,141.037,141.037,0.012,0.012,0.012,28.01,28.01,28.01,27.01,27.01,27.01,0.1487127939860026,0.1487127939860026,0.1487127939860026,141.024
2014-07-15,41.84807,-3.87632,108.15,108.15,108.15,0.015,0.015,0.015,25.17,25.17,25.17,23.93,23.93,23.93,0.1542644500732422,0.1542644500732422,0.1542644500732422,108.135
2014-07-15,41.86077,-1.07946,101.993,101.993,101.993,0.012,0.012,0.012,28.02,28.02,28.02,26.61,26.61,26.61,0.07260386149088542,0.07260386149088542,0.07260386149088542,101.981
2014-07-15,41.86705,-0.05219,110.698,110.698,110.698,0.082,0.082,0.082,27.46,27.46,27.46,26.85,26.85,26.85,0.1514155069986979,0.1514155069986979,0.1514155069986979,110.617
2014-07-15,41.90971,2.24778,67.563,67.563,67.563,18.626,18.626,18.626,20.78,20.78,20.78,20.17,20.17,20.17,0.3860034942626953,0.3860034942626953,0.3860034942626953,48.938
2014-07-15,42.16169,2.87706,62.254,62.254,62.254,17.988,17.988,17.988,23.41,23.41,23.41,23.06,23.06,23.06,0.3278522491455078,0.3278522491455078,0.3278522491455078,44.267
2014-07-15,42.19387,-7.78684,84.46,84.46,84.46,0.074,0.074,0.074,23.17,23.17,23.17,22.58,22.58,22.58,0.14734331766764322,0.14734331766764322,0.14734331766764322,84.386
2014-07-15,42.27149,-1.97541,106.897,106.897,106.897,0.211,0.211,0.211,23.57,23.57,23.57,22.59,22.59,22.59,0.2517738342285156,0.2517738342285156,0.2517738342285156,106.686
2014-07-15,42.4113,-5.68645,111.434,111.434,111.434,0.038,0.038,0.038,25.01,25.01,25.01,23.95,23.95,23.95,0.1666590372721354,0.1666590372721354,0.1666590372721354,111.396
2014-07-15,42.41262,-4.67343,,,,,,,,,,,,,,,,
2014-07-15,42.4273,-1.73358,91.027,91.027,91.027,0.158,0.158,0.158,24.69,24.69,24.69,23.94,23.94,23.94,0.1677875518798828,0.1677875518798828,0.1677875518798828,90.869
2014-07-15,42.72535,-8.29535,,,,,,,,,,,,,,,,
2014-07-15,42.9655,-2.75258,84.239,84.239,84.239,2.054,2.054,2.054,19.36,19.36,19.36,18.64,18.64,18.64,0.3015270233154297,0.3015270233154297,0.3015270233154297,82.185
2014-07-15,43.08895,-8.59496,73.715,73.715,73.715,0.204,0.204,0.204,20.18,20.18,20.18,19.98,19.98,19.98,0.22147432963053384,0.22147432963053384,0.22147432963053384,73.511
2014-07-15,43.11323,-7.572,,,,,,,,,,,,,,,,
2014-07-15,43.20135,-2.13431,,,,,,,,,,,,,,,,
2014-07-15,43.30779,-2.99522,,,,,,,,,,,,,,,,
2014-07-15,43.42863,-3.89545,,,,,,,,,,,,,,,,
2014-07-15,43.55671,-6.47065,,,,,,,,,,,,,,,,
2015-07-15,28.11818,-15.55454,,,,,,,,,,,,,,,,
2015-07-15,28.47143,-16.54286,,,,,,,,,,,,,,,,
2015-07-15,28.7,-18.0,,,,,,,,,,,,,,,,
2015-07-15,36.59786,-5.94015,118.532,118.532,118.532,0.018,0.018,0.018,33.41,33.41,33.41,32.89,32.89,32.89,0.10409990946451823,0.10409990946451823,0.10409990946451823,118.515
2015-07-15,37.10579,-4.67189,132.983,132.983,132.983,1.692,1.692,1.692,31.89,31.89,31.89,31.93,31.93,31.93,0.1401666005452474,0.1401666005452474,0.1401666005452474,131.291
2015-07-15,37.24434,-3.75542,129.2,129.2,129.2,0.018,0.018,0.018,29.91,29.91,29.91,29.71,29.71,29.71,0.13960838317871094,0.13960838317871094,0.13960838317871094,129.183
2015-07-15,37.50512,-5.81387,128.384,128.384,128.384,1.016,1.016,1.016,35.14,35.14,35.14,35.05,35.05,35.05,0.197662353515625,0.197662353515625,0.197662353515625,127.368
2015-07-15,37.75169,-7.11385,170.008,170.008,170.008,0.133,0.133,0.133,34.23,34.23,34.23,33.67,33.67,33.67,0.11847813924153645,0.11847813924153645,0.11847813924153645,169.875
2015-07-15,37.81599,-4.99439,136.142,136.142,136.142,0.137,0.137,0.137,36.22,36.22,36.22,36.08,36.08,36.08,0.10497283935546875,0.10497283935546875,0.10497283935546875,136.005
2015-07-15,38.03548,-3.86859,136.802,136.802,136.802,0.018,0.018,0.018,36.08,36.08,36.08,35.83,35.83,35.83,0.10478146870930989,0.10478146870930989,0.10478146870930989,136.784
2015-07-15,38.1893,-1.43707,131.408,131.408,131.408,0.018,0.018,0.018,30.4,30.4,30.4,30.64,30.64,30.64,0.13729413350423178,0.13729413350423178,0.13729413350423178,131.391
2015-07-15,38.2,-0.88411,,,,,,,,,,,,,,,,
2015-07-15,39.02606,-6.19655,,,,,,,,,,,,,,,,
2015-07-15,39.0489,-1.99314,134.752,134.752,134.752,0.135,0.135,0.135,32.82,32.82,32.82,32.82,32.82,32.82,0.1269709269205729,0.1269709269205729,0.1269709269205729,134.617
2015-07-15,39.26904,-4.16304,140.672,140.672,140.672,0.084,0.084,0.084,33.02,33.02,33.02,32.79,32.79,32.79,0.12324078877766927,0.12324078877766927,0.12324078877766927,140.588
2015-07-15,39.3862,-0.58762,107.318,107.318,107.318,0.018,0.018,0.018,29.29,29.29,29.29,29.55,29.55,29.55,0.15793800354003906,0.15793800354003906,0.15793800354003906,107.3
2015-07-15,39.6437,-2.38957,151.883,151.883,151.883,0.018,0.018,0.018,32.42,32.42,32.42,32.26,32.26,32.26,0.1353753407796224,0.1353753407796224,0.1353753407796224,151.865
2015-07-15,39.80093,-6.27123,,,,,,,,,,,,,,,,
2015-07-15,39.97782,-4.49185,133.559,133.559,133.559,0.018,0.018,0.018,31.98,31.98,31.98,31.75,31.75,31.75,0.11924997965494792,0.11924997965494792,0.11924997965494792,133.541
2015-07-15,40.19028,-3.57747,138.625,138.625,138.625,0.018,0.018,0.018,33.65,33.65,33.65,33.35,33.35,33.35,0.16283543904622397,0.16283543904622397,0.16283543904622397,138.607
2015-07-15,40.36508,0.07989,102.35,102.35,102.35,0.171,0.171,0.171,29.36,29.36,29.36,29.74,29.74,29.74,0.1395244598388672,0.1395244598388672,0.1395244598388672,102.179
2015-07-15,40.73827,-1.00363,,,,,,,,,,,,,,,,
2015-07-15,40.86232,0.57098,,,,,,,,,,,,,,,,
2015-07-15,40.92142,-3.0692,135.747,135.747,135.747,0.058,0.058,0.058,32.21,32.21,32.21,32.27,32.27,32.27,0.08768145243326823,0.08768145243326823,0.08768145243326823,135.689
2015-07-15,40.97913,-4.85813,118.505,118.505,118.505,1.405,1.405,1.405,29.88,29.88,29.88,29.43,29.43,29.43,0.08585357666015625,0.08585357666015625,0.08585357666015625,117.1
2015-07-15,40.99443,-5.5754,125.041,125.041,125.041,2.669,2.669,2.669,30.87,30.87,30.87,30.65,30.65,30.65,0.1363957722981771,0.1363957722981771,0.1363957722981771,122.372
2015-07-15,41.2211,-4.41308,150.982,150.982,150.982,0.879,0.879,0.879,31.61,31.61,31.61,31.42,31.42,31.42,0.11267598470052083,0.11267598470052083,0.11267598470052083,150.103
2015-07-15,41.58075,-2.86887,133.699,133.699,133.699,2.332,2.332,2.332,30.41,30.41,30.41,30.32,30.32,30.32,0.1260547637939453,0.1260547637939453,0.1260547637939453,131.367
2015-07-15,41.65781,-5.10557,158.415,158.415,158.415,0.018,0.018,0.018,30.79,30.79,30.79,30.4,30.4,30.4,0.13773727416992188,0.13773727416992188,0.13773727416992188,158.397
2015-07-15,41.74448,0.71416,110.061,110.061,110.061,0.018,0.018,0.018,33.3,33.3,33.3,33.36,33.36,33.36,0.11488596598307292,0.11488596598307292,0.11488596598307292,110.043
2015-07-15,41.82753,-5.74309,175.209,175.209,175.209,0.101,0.101,0.101,31.03,31.03,31.03,30.64,30.64,30.64,0.13728968302408853,0.13728968302408853,0.13728968302408853,175.108
2015-07-15,41.84807,-3.87632,140.712,140.712,140.712,0.263,0.263,0.263,29.58,29.58,29.58,28.96,28.96,28.96,0.12570317586263022,0.12570317586263022,0.12570317586263022,140.449
2015-07-15,41.86077,-1.07946,132.743,132.743,132.743,0.179,0.179,0.179,33.45,33.45,33.45,32.39,32.39,32.39,0.0623175303141276,0.0623175303141276,0.0623175303141276,132.564
2015-07-15,41.86705,-0.05219,129.138,129.138,129.138,0.018,0.018,0.018,32.45,32.45,32.45,32.4,32.4,32.4,0.12955538431803384,0.12955538431803384,0.12955538431803384,129.12
2015-07-15,41.90971,2.24778,94.672,94.672,94.672,0.999,0.999,0.999,26.89,26.89,26.89,26.63,26.63,26.63,0.13704045613606772,0.13704045613606772,0.13704045613606772,93.674
2015-07-15,42.16169,2.87706,87.256,87.256,87.256,2.43,2.43,2.43,31.66,31.66,31.66,31.61,31.61,31.61,0.08445485432942708,0.08445485432942708,0.08445485432942708,84.826
2015-07-15,42.19387,-7.78684,94.641,94.641,94.641,0.472,0.472,0.472,26.13,26.13,26.13,26.3,26.3,26.3,0.09705416361490886,0.09705416361490886,0.09705416361490886,94.169
2015-07-15,42.27149,-1.97541,140.014,140.014,140.014,0.198,0.198,0.198,28.13,28.13,28.13,27.23,27.23,27.23,0.1540991465250651,0.1540991465250651,0.1540991465250651,139.815
2015-07-15,42.4113,-5.68645,135.469,135.469,135.469,0.948,0.948,0.948,28.9,28.9,28.9,28.58,28.58,28.58,0.1370105743408203,0.1370105743408203,0.1370105743408203,134.521
2015-07-15,42.41262,-4.67343,,,,,,,,,,,,,,,,
2015-07-15,42.4273,-1.73358,110.299,110.299,110.299,0.068,0.068,0.068,29.23,29.23,29.23,28.52,28.52,28.52,0.13454373677571616,0.13454373677571616,0.13454373677571616,110.232
2015-07-15,42.72535,-8.29535,,,,,,,,,,,,,,,,
2015-07-15,42.9655,-2.75258,86.112,86.112,86.112,0.622,0.622,0.622,21.6,21.6,21.6,21.24,21.24,21.24,0.17070960998535156,0.17070960998535156,0.17070960998535156,85.491
2015-07-15,43.08895,-8.59496,94.53,94.53,94.53,0.077,0.077,0.077,22.05,22.05,22.05,22.31,22.31,22.31,0.10124588012695312,0.10124588012695312,0.10124588012695312,94.453
2015-07-15,43.11323,-7.572,,,,,,,,,,,,,,,,
2015-07-15,43.20135,-2.13431,,,,,,,,,,,,,,,,
2015-07-15,43.30779,-2.99522,,,,,,,,,,,,,,,,
2015-07-15,43.42863,-3.89545,,,,,,,,,,,,,,,,
2015-07-15,43.55671,-6.47065,,,,,,,,,,,,,,,,
2016-07-15,28.11818,-15.55454,,,,,,,,,,,,,,,,
2016-07-15,28.47143,-16.54286,,,,,,,,,,,,,,,,
2016-07-15,28.7,-18.0,,,,,,,,,,,,,,,,
2016-07-15,36.59786,-5.94015,231.307,231.307,231.307,0.001,0.001,0.001,28.93,28.93,28.93,29.56,29.56,29.56,0.10467529296875,0.10467529296875,0.10467529296875,231.306
2016-07-15,37.10579,-4.67189,169.979,169.979,169.979,0.006,0.006,0.006,26.44,26.44,26.44,27.27,27.27,27.27,0.18283589680989584,0.18283589680989584,0.18283589680989584,169.973
2016-07-15,37.24434,-3.75542,115.34,115.34,115.34,0.084,0.084,0.084,27.49,27.49,27.49,27.51,27.51,27.51,0.15037091573079428,0.15037091573079428,0.15037091573079428,115.256
2016-07-15,37.45555,-2.25556,89.459,89.459,89.459,0.512,0.512,0.512,25.01,25.01,25.01,25.77,25.77,25.77,0.06187121073404948,0.06187121073404948,0.06187121073404948,88.947
2016-07-15,37.50512,-5.81387,140.959,140.959,140.959,0.001,0.001,0.001,33.44,33.44,33.44,33.84,33.84,33.84,0.19781176249186197,0.19781176249186197,0.19781176249186197,140.958
2016-07-15,37.75169,-7.11385,138.742,138.742,138.742,0.001,0.001,0.001,31.62,31.62,31.62,31.31,31.31,31.31,0.13388570149739584,0.13388570149739584,0.13388570149739584,138.741
2016-07-15,37.81599,-4.99439,129.103,129.103,129.103,0.001,0.001,0.001,32.74,32.74,32.74,33.42,33.42,33.42,0.10679181416829427,0.10679181416829427,0.10679181416829427,129.103
2016-07-15,38.03548,-3.86859,129.947,129.947,129.947,0.001,0.001,0.001,33.54,33.54,33.54,33.57,33.57,33.57,0.10499827067057292,0.10499827067057292,0.10499827067057292,129.947
2016-07-15,38.1893,-1.43707,91.076,91.076,91.076,6.441,6.441,6.441,24.12,24.12,24.12,25.32,25.32,25.32,0.14595667521158853,0.14595667521158853,0.14595667521158853,84.635
2016-07-15,38.2,-0.88411,,,,,,,,,,,,,,,,
2016-07-15,39.02606,-6.19655,,,,,,,,,,,,,,,,
2016-07-15,39.0489,-1.99314,119.03,119.03,119.03,1.858,1.858,1.858,25.8,25.8,25.8,26.63,26.63,26.63,0.13352076212565103,0.13352076212565103,0.13352076212565103,117.172
2016-07-15,39.26904,-4.16304,193.858,193.858,193.858,0.001,0.001,0.001,28.31,28.31,28.31,28.4,28.4,28.4,0.12528610229492188,0.12528610229492188,0.12528610229492188,193.857
2016-07-15,39.3862,-0.58762,102.653,102.653,102.653,4.318,4.318,4.318,24.8,24.8,24.8,25.47,25.47,25.47,0.16829363505045572,0.16829363505045572,0.16829363505045572,98.335
2016-07-15,39.6437,-2.38957,150.166,150.166,150.166,0.123,0.123,0.123,25.76,25.76,25.76,26.4,26.4,26.4,0.13899358113606772,0.13899358113606772,0.13899358113606772,150.043
2016-07-15,39.80093,-6.27123,,,,,,,,,,,,,,,,
2016-07-15,39.97782,-4.49185,208.689,208.689,208.689,0.001,0.001,0.001,26.13,26.13,26.13,26.73,26.73,26.73,0.12291336059570312,0.12291336059570312,0.12291336059570312,208.688
2016-07-15,40.19028,-3.57747,194.041,194.041,194.041,0.001,0.001,0.001,26.89,26.89,26.89,27.5,27.5,27.5,0.16337267557779947,0.16337267557779947,0.16337267557779947,194.041
2016-07-15,40.36508,0.07989,132.804,132.804,132.804,0.001,0.001,0.001,24.25,24.25,24.25,25.33,25.33,25.33,0.14276631673177084,0.14276631673177084,0.14276631673177084,132.803
2016-07-15,40.73827,-1.00363,,,,,,,,,,,,,,,,
2016-07-15,40.86232,0.57098,,,,,,,,,,,,,,,,
2016-07-15,40.92142,-3.0692,131.507,131.507,131.507,0.001,0.001,0.001,23.78,23.78,23.78,24.25,24.25,24.25,0.0892779032389323,0.0892779032389323,0.0892779032389323,131.506
2016-07-15,40.97913,-4.85813,123.74,123.74,123.74,0.001,0.001,0.001,23.16,23.16,23.16,23.11,23.11,23.11,0.08664512634277344,0.08664512634277344,0.08664512634277344,123.74
2016-07-15,40.99443,-5.5754,153.943,153.943,153.943,0.001,0.001,0.001,22.96,22.96,22.96,23.32,23.32,23.32,0.14378229777018228,0.14378229777018228,0.14378229777018228,153.942
2016-07-15,41.2211,-4.41308,151.505,151.505,151.505,0.001,0.001,0.001,23.3,23.3,23.3,23.54,23.54,23.54,0.11867205301920573,0.11867205301920573,0.11867205301920573,151.504
2016-07-15,41.58075,-2.86887,104.484,104.484,104.484,0.001,0.001,0.001,21.34,21.34,21.34,21.81,21.81,21.81,0.1302026112874349,0.1302026112874349,0.1302026112874349,104.483
2016-07-15,41.65781,-5.10557,146.073,146.073,146.073,0.001,0.001,0.001,21.76,21.76,21.76,22.33,22.33,22.33,0.14148330688476562,0.14148330688476562,0.14148330688476562,146.072
2016-07-15,41.74448,0.71416,116.317,116.317,116.317,3.697,3.697,3.697,26.99,26.99,26.99,27.62,27.62,27.62,0.12653287251790366,0.12653287251790366,0.12653287251790366,112.621
2016-07-15,41.82753,-5.74309,162.631,162.631,162.631,0.001,0.001,0.001,22.2,22.2,22.2,22.71,22.71,22.71,0.1445032755533854,0.1445032755533854,0.1445032755533854,162.63
2016-07-15,41.84807,-3.87632,112.688,112.688,112.688,0.001,0.001,0.001,19.87,19.87,19.87,20.09,20.09,20.09,0.13134892781575522,0.13134892781575522,0.13134892781575522,112.687
2016-07-15,41.86077,-1.07946,121.673,121.673,121.673,0.001,0.001,0.001,24.3,24.3,24.3,23.97,23.97,23.97,0.062227884928385414,0.062227884928385414,0.062227884928385414,121.672
2016-07-15,41.86705,-0.05219,128.038,128.038,128.038,0.001,0.001,0.001,24.52,24.52,24.52,24.95,24.95,24.95,0.14645512898763022,0.14645512898763022,0.14645512898763022,128.037
2016-07-15,41.90971,2.24778,83.208,83.208,83.208,35.166,35.166,35.166,18.22,18.22,18.22,18.68,18.68,18.68,0.3898506164550781,0.3898506164550781,0.3898506164550781,48.042
2016-07-15,42.16169,2.87706,115.121,115.121,115.121,1.092,1.092,1.092,22.8,22.8,22.8,23.19,23.19,23.19,0.12023162841796875,0.12023162841796875,0.12023162841796875,114.029
2016-07-15,42.19387,-7.78684,100.865,100.865,100.865,0.001,0.001,0.001,22.67,22.67,22.67,22.65,22.65,22.65,0.10654513041178386,0.10654513041178386,0.10654513041178386,100.864
2016-07-15,42.27149,-1.97541,145.373,145.373,145.373,0.007,0.007,0.007,19.83,19.83,19.83,19.94,19.94,19.94,0.18587048848470053,0.18587048848470053,0.18587048848470053,145.366
2016-07-15,42.4113,-5.68645,119.901,119.901,119.901,0.004,0.004,0.004,20.83,20.83,20.83,21.04,21.04,21.04,0.14684549967447916,0.14684549967447916,0.14684549967447916,119.897
2016-07-15,42.41262,-4.67343,,,,,,,,,,,,,,,,
2016-07-15,42.4273,-1.73358,113.496,113.496,113.496,0.031,0.031,0.031,21.02,21.02,21.02,21.37,21.37,21.37,0.14221890767415366,0.14221890767415366,0.14221890767415366,113.465
2016-07-15,42.72535,-8.29535,,,,,,,,,,,,,,,,
2016-07-15,43.08895,-8.59496,106.534,106.534,106.534,0.001,0.001,0.001,20.57,20.57,20.57,20.29,20.29,20.29,0.14472643534342447,0.14472643534342447,0.14472643534342447,106.533
2016-07-15,43.11323,-7.572,,,,,,,,,,,,,,,,
2016-07-15,43.20135,-2.13431,,,,,,,,,,,,,,,,
2016-07-15,43.30779,-2.99522,,,,,,,,,,,,,,,,
2016-07-15,43.42863,-3.89545,,,,,,,,,,,,,,,,
2016-07-15,43.55671,-6.47065,,,,,,,,,,,,,,,,
2017-07-15,36.59786,-5.94015,125.015,125.015,125.015,0.035,0.035,0.035,31.3,31.3,31.3,31.56,31.56,31.56,0.10427411397298177,0.10427411397298177,0.10427411397298177,124.98
2017-07-15,37.10579,-4.67189,137.636,137.636,137.636,0.035,0.035,0.035,30.98,30.98,30.98,31.54,31.54,31.54,0.13999430338541666,0.13999430338541666,0.13999430338541666,137.601
2017-07-15,37.24434,-3.75542,135.51,135.51,135.51,0.035,0.035,0.035,30.53,30.53,30.53,30.57,30.57,30.57,0.13857905069986978,0.13857905069986978,0.13857905069986978,135.475
2017-07-15,37.45555,-2.25556,96.105,96.105,96.105,2.887,2.887,2.887,29.17,29.17,29.17,29.54,29.54,29.54,0.07518704732259114,0.07518704732259114,0.07518704732259114,93.218
2017-07-15,37.50512,-5.81387,134.746,134.746,134.746,0.069,0.069,0.069,33.65,33.65,33.65,34.06,34.06,34.06,0.20350074768066406,0.20350074768066406,0.20350074768066406,134.676
2017-07-15,37.75169,-7.11385,171.125,171.125,171.125,0.035,0.035,0.035,33.52,33.52,33.52,33.77,33.77,33.77,0.11890157063802083,0.11890157063802083,0.11890157063802083,171.09
2017-07-15,37.81599,-4.99439,150.425,150.425,150.425,0.036,0.036,0.036,35.1,35.1,35.1,35.57,35.57,35.57,0.10744539896647136,0.10744539896647136,0.10744539896647136,150.389
2017-07-15,38.03548,-3.86859,157.583,157.583,157.583,0.035,0.035,0.035,36.54,36.54,36.54,36.39,36.39,36.39,0.10484631856282552,0.10484631856282552,0.10484631856282552,157.548
2017-07-15,38.2,-0.88411,,,,,,,,,,,,,,,,
2017-07-15,39.02606,-6.19655,,,,,,,,,,,,,,,,
2017-07-15,39.0489,-1.99314,124.224,124.224,124.224,11.525,11.525,11.525,28.14,28.14,28.14,28.57,28.57,28.57,0.15614763895670572,0.15614763895670572,0.15614763895670572,112.698
2017-07-15,39.26904,-4.16304,147.177,147.177,147.177,0.035,0.035,0.035,29.1,29.1,29.1,29.0,29.0,29.0,0.17394320170084634,0.17394320170084634,0.17394320170084634,147.141
2017-07-15,39.3862,-0.58762,105.505,105.505,105.505,0.231,0.231,0.231,28.25,28.25,28.25,28.68,28.68,28.68,0.157318115234375,0.157318115234375,0.157318115234375,105.274
2017-07-15,39.6437,-2.38957,133.309,133.309,133.309,0.039,0.039,0.039,27.89,27.89,27.89,27.78,27.78,27.78,0.17579269409179688,0.17579269409179688,0.17579269409179688,133.27
2017-07-15,39.80093,-6.27123,,,,,,,,,,,,,,,,
2017-07-15,39.97782,-4.49185,132.97,132.97,132.97,0.035,0.035,0.035,28.26,28.26,28.26,28.1,28.1,28.1,0.2142950693766276,0.2142950693766276,0.2142950693766276,132.935
2017-07-15,40.36508,0.07989,72.843,72.843,72.843,11.728,11.728,11.728,26.39,26.39,26.39,26.86,26.86,26.86,0.1560662587483724,0.1560662587483724,0.1560662587483724,61.115
2017-07-15,40.73827,-1.00363,,,,,,,,,,,,,,,,
2017-07-15,40.86232,0.57098,,,,,,,,,,,,,,,,
2017-07-15,40.92142,-3.0692,141.248,141.248,141.248,0.035,0.035,0.035,30.24,30.24,30.24,29.82,29.82,29.82,0.09526507059733073,0.09526507059733073,0.09526507059733073,141.213
2017-07-15,40.97913,-4.85813,126.241,126.241,126.241,0.035,0.035,0.035,27.53,27.53,27.53,27.03,27.03,27.03,0.09560585021972656,0.09560585021972656,0.09560585021972656,126.206
2017-07-15,40.99443,-5.5754,150.253,150.253,150.253,0.035,0.035,0.035,26.7,26.7,26.7,26.71,26.71,26.71,0.1690495808919271,0.1690495808919271,0.1690495808919271,150.218
2017-07-15,41.2211,-4.41308,166.294,166.294,166.294,0.035,0.035,0.035,28.31,28.31,28.31,28.37,28.37,28.37,0.12852986653645834,0.12852986653645834,0.12852986653645834,166.259
2017-07-15,41.58075,-2.86887,120.446,120.446,120.446,0.035,0.035,0.035,26.61,26.61,26.61,26.8,26.8,26.8,0.13834381103515625,0.13834381103515625,0.13834381103515625,120.411
2017-07-15,41.65781,-5.10557,169.673,169.673,169.673,0.035,0.035,0.035,25.2,25.2,25.2,25.7,25.7,25.7,0.15552139282226562,0.15552139282226562,0.15552139282226562,169.638
2017-07-15,41.74448,0.71416,112.52,112.52,112.52,2.927,2.927,2.927,30.68,30.68,30.68,30.84,30.84,30.84,0.13382593790690103,0.13382593790690103,0.13382593790690103,109.593
2017-07-15,41.82753,-5.74309,195.838,195.838,195.838,0.035,0.035,0.035,26.15,26.15,26.15,26.47,26.47,26.47,0.15868441263834634,0.15868441263834634,0.15868441263834634,195.803
2017-07-15,41.84807,-3.87632,147.136,147.136,147.136,0.035,0.035,0.035,24.01,24.01,24.01,24.32,24.32,24.32,0.1357110341389974,0.1357110341389974,0.1357110341389974,147.101
2017-07-15,41.86077,-1.07946,142.395,142.395,142.395,0.039,0.039,0.039,27.19,27.19,27.19,27.01,27.01,27.01,0.06324513753255208,0.06324513753255208,0.06324513753255208,142.356
2017-07-15,41.86705,-0.05219,117.08,117.08,117.08,0.087,0.087,0.087,29.75,29.75,29.75,29.8,29.8,29.8,0.1472492218017578,0.1472492218017578,0.1472492218017578,116.992
2017-07-15,41.90971,2.24778,68.198,68.198,68.198,73.584,73.584,73.584,23.18,23.18,23.18,23.5,23.5,23.5,0.22570037841796875,0.22570037841796875,0.22570037841796875,0.0
2017-07-15,42.16169,2.87706,97.773,97.773,97.773,0.678,0.678,0.678,26.78,26.78,26.78,26.82,26.82,26.82,0.10150527954101562,0.10150527954101562,0.10150527954101562,97.095
2017-07-15,42.19387,-7.78684,98.179,98.179,98.179,0.038,0.038,0.038,24.56,24.56,24.56,24.42,24.42,24.42,0.12883122762044272,0.12883122762044272,0.12883122762044272,98.142
2017-07-15,42.4113,-5.68645,145.242,145.242,145.242,0.035,0.035,0.035,25.26,25.26,25.26,25.4,25.4,25.4,0.14827473958333334,0.14827473958333334,0.14827473958333334,145.207
2017-07-15,42.41262,-4.67343,,,,,,,,,,,,,,,,
2017-07-15,42.72535,-8.29535,,,,,,,,,,,,,,,,
2017-07-15,43.08895,-8.59496,112.084,112.084,112.084,0.057,0.057,0.057,20.49,20.49,20.49,20.81,20.81,20.81,0.12779362996419272,0.12779362996419272,0.12779362996419272,112.027
2017-07-15,43.11323,-7.572,,,,,,,,,,,,,,,,
2017-07-15,43.20135,-2.13431,,,,,,,,,,,,,,,,
2017-07-15,43.30779,-2.99522,,,,,,,,,,,,,,,,
2018-07-15,28.11818,-15.55454,,,,,,,,,,,,,,,,
2018-07-15,28.47143,-16.54286,,,,,,,,,,,,,,,,
2018-07-15,28.7,-18.0,,,,,,,,,,,,,,,,
2018-07-15,36.59786,-5.94015,103.772,103.772,103.772,0.007,0.007,0.007,23.1,23.1,23.1,23.96,23.96,23.96,0.10777346293131511,0.10777346293131511,0.10777346293131511,103.765
2018-07-15,37.10579,-4.67189,120.038,120.038,120.038,0.006,0.006,0.006,23.29,23.29,23.29,24.57,24.57,24.57,0.14914512634277344,0.14914512634277344,0.14914512634277344,120.032
2018-07-15,37.24434,-3.75542,123.832,123.832,123.832,0.006,0.006,0.006,23.29,23.29,23.29,24.06,24.06,24.06,0.1453730265299479,0.1453730265299479,0.1453730265299479,123.825
2018-07-15,37.45555,-2.25556,112.024,112.024,112.024,0.513,0.513,0.513,30.55,30.55,30.55,30.27,30.27,30.27,0.058502197265625,0.058502197265625,0.058502197265625,111.511
2018-07-15,37.50512,-5.81387,113.906,113.906,113.906,0.008,0.008,0.008,26.19,26.19,26.19,27.19,27.19,27.19,0.19790140787760416,0.19790140787760416,0.19790140787760416,113.898
2018-07-15,37.75169,-7.11385,110.346,110.346,110.346,0.372,0.372,0.372,23.18,23.18,23.18,24.41,24.41,24.41,0.13108317057291666,0.13108317057291666,0.13108317057291666,109.974
2018-07-15,37.81599,-4.99439,126.571,126.571,126.571,0.006,0.006,0.006,26.27,26.27,26.27,27.51,27.51,27.51,0.10659344991048177,0.10659344991048177,0.10659344991048177,126.565
2018-07-15,38.03548,-3.86859,137.12,137.12,137.12,0.006,0.006,0.006,27.7,27.7,27.7,28.71,28.71,28.71,0.10525767008463542,0.10525767008463542,0.10525767008463542,137.113
2018-07-15,38.1893,-1.43707,136.878,136.878,136.878,0.155,0.155,0.155,30.57,30.57,30.57,30.46,30.46,30.46,0.14034080505371094,0.14034080505371094,0.14034080505371094,136.724
2018-07-15,38.2,-0.88411,,,,,,,,,,,,,,,,
2018-07-15,39.02606,-6.19655,,,,,,,,,,,,,,,,
2018-07-15,39.0489,-1.99314,160.56,160.56,160.56,0.717,0.717,0.717,28.42,28.42,28.42,28.87,28.87,28.87,0.1279932657877604,0.1279932657877604,0.1279932657877604,159.843
2018-07-15,39.26904,-4.16304,138.844,138.844,138.844,0.006,0.006,0.006,25.0,25.0,25.0,25.93,25.93,25.93,0.1253973642985026,0.1253973642985026,0.1253973642985026,138.838
2018-07-15,39.3862,-0.58762,144.217,144.217,144.217,6.217,6.217,6.217,30.86,30.86,30.86,30.63,30.63,30.63,0.16090965270996094,0.16090965270996094,0.16090965270996094,138.0
2018-07-15,39.6437,-2.38957,151.515,151.515,151.515,0.006,0.006,0.006,25.58,25.58,25.58,26.25,26.25,26.25,0.1485722859700521,0.1485722859700521,0.1485722859700521,151.508
2018-07-15,39.80093,-6.27123,,,,,,,,,,,,,,,,
2018-07-15,39.97782,-4.49185,133.833,133.833,133.833,0.076,0.076,0.076,23.93,23.93,23.93,25.02,25.02,25.02,0.12417348225911458,0.12417348225911458,0.12417348225911458,133.757
2018-07-15,40.19028,-3.57747,152.213,152.213,152.213,0.006,0.006,0.006,26.3,26.3,26.3,27.28,27.28,27.28,0.1643085479736328,0.1643085479736328,0.1643085479736328,152.206
2018-07-15,40.36508,0.07989,110.399,110.399,110.399,4.944,4.944,4.944,27.99,27.99,27.99,28.02,28.02,28.02,0.17423248291015625,0.17423248291015625,0.17423248291015625,105.455
2018-07-15,40.73827,-1.00363,,,,,,,,,,,,,,,,
2018-07-15,40.86232,0.57098,,,,,,,,,,,,,,,,
2018-07-15,40.92142,-3.0692,126.574,126.574,126.574,0.284,0.284,0.284,24.68,24.68,24.68,25.28,25.28,25.28,0.09406407674153645,0.09406407674153645,0.09406407674153645,126.29
2018-07-15,40.97913,-4.85813,97.002,97.002,97.002,10.829,10.829,10.829,22.4,22.4,22.4,22.88,22.88,22.88,0.11448923746744792,0.11448923746744792,0.11448923746744792,86.173
2018-07-15,40.99443,-5.5754,106.943,106.943,106.943,2.95,2.95,2.95,22.11,22.11,22.11,22.97,22.97,22.97,0.16837374369303384,0.16837374369303384,0.16837374369303384,103.993
2018-07-15,41.2211,-4.41308,120.286,120.286,120.286,5.238,5.238,5.238,23.42,23.42,23.42,24.28,24.28,24.28,0.1512139638264974,0.1512139638264974,0.1512139638264974,115.048
2018-07-15,41.58075,-2.86887,106.726,106.726,106.726,0.682,0.682,0.682,22.41,22.41,22.41,22.83,22.83,22.83,0.16374333699544272,0.16374333699544272,0.16374333699544272,106.045
2018-07-15,41.65781,-5.10557,107.616,107.616,107.616,5.379,5.379,5.379,22.53,22.53,22.53,23.34,23.34,23.34,0.17095247904459634,0.17095247904459634,0.17095247904459634,102.237
2018-07-15,41.74448,0.71416,118.028,118.028,118.028,0.006,0.006,0.006,30.6,30.6,30.6,30.41,30.41,30.41,0.12996355692545572,0.12996355692545572,0.12996355692545572,118.021
2018-07-15,41.82753,-5.74309,110.745,110.745,110.745,1.136,1.136,1.136,21.52,21.52,21.52,22.19,22.19,22.19,0.23194758097330728,0.23194758097330728,0.23194758097330728,109.608
2018-07-15,41.84807,-3.87632,83.395,83.395,83.395,17.598,17.598,17.598,21.45,21.45,21.45,22.02,22.02,22.02,0.1977717081705729,0.1977717081705729,0.1977717081705729,65.798
2018-07-15,41.86077,-1.07946,104.06,104.06,104.06,0.149,0.149,0.149,29.62,29.62,29.62,29.04,29.04,29.04,0.08387311299641927,0.08387311299641927,0.08387311299641927,103.911
2018-07-15,41.86705,-0.05219,144.818,144.818,144.818,0.158,0.158,0.158,29.74,29.74,29.74,29.44,29.44,29.44,0.1606623331705729,0.1606623331705729,0.1606623331705729,144.661
2018-07-15,41.90971,2.24778,102.63,102.63,102.63,0.046,0.046,0.046,23.47,23.47,23.47,23.23,23.23,23.23,0.28096898396809894,0.28096898396809894,0.28096898396809894,102.584
2018-07-15,42.16169,2.87706,94.226,94.226,94.226,0.009,0.009,0.009,29.23,29.23,29.23,28.78,28.78,28.78,0.10920778910319011,0.10920778910319011,0.10920778910319011,94.217
2018-07-15,42.19387,-7.78684,45.589,45.589,45.589,35.818,35.818,35.818,18.29,18.29,18.29,19.33,19.33,19.33,0.3359521230061849,0.3359521230061849,0.3359521230061849,9.771
2018-07-15,42.27149,-1.97541,98.749,98.749,98.749,28.061,28.061,28.061,24.77,24.77,24.77,24.69,24.69,24.69,0.3182531992594401,0.3182531992594401,0.3182531992594401,70.688
2018-07-15,42.4113,-5.68645,87.992,87.992,87.992,5.476,5.476,5.476,19.68,19.68,19.68,20.24,20.24,20.24,0.29779307047526044,0.29779307047526044,0.29779307047526044,82.516
2018-07-15,42.41262,-4.67343,,,,,,,,,,,,,,,,
2018-07-15,42.4273,-1.73358,86.227,86.227,86.227,0.389,0.389,0.389,26.49,26.49,26.49,26.42,26.42,26.42,0.1684900919596354,0.1684900919596354,0.1684900919596354,85.838
2018-07-15,42.72535,-8.29535,,,,,,,,,,,,,,,,
2018-07-15,42.9655,-2.75258,56.214,56.214,56.214,42.636,42.636,42.636,19.84,19.84,19.84,20.13,20.13,20.13,0.3867791493733724,0.3867791493733724,0.3867791493733724,13.578
2018-07-15,43.08895,-8.59496,32.013,32.013,32.013,59.733,59.733,59.733,17.95,17.95,17.95,18.72,18.72,18.72,0.28411610921223956,0.28411610921223956,0.28411610921223956,0.0
2018-07-15,43.11323,-7.572,,,,,,,,,,,,,,,,
2018-07-15,43.20135,-2.13431,,,,,,,,,,,,,,,,
2018-07-15,43.30779,-2.99522,,,,,,,,,,,,,,,,
2018-07-15,43.55671,-6.47065,,,,,,,,,,,,,,,,
2019-07-15,28.11818,-15.55454,,,,,,,,,,,,,,,,
2019-07-15,28.47143,-16.54286,,,,,,,,,,,,,,,,
2019-07-15,28.7,-18.0,,,,,,,,,,,,,,,,
2019-07-15,36.59786,-5.94015,101.829,101.829,101.829,0.001,0.001,0.001,27.03,27.03,27.03,27.34,27.34,27.34,0.10416030883789062,0.10416030883789062,0.10416030883789062,101.828
2019-07-15,37.10579,-4.67189,122.583,122.583,122.583,0.001,0.001,0.001,28.9,28.9,28.9,28.74,28.74,28.74,0.13999493916829428,0.13999493916829428,0.13999493916829428,122.582
2019-07-15,37.24434,-3.75542,128.661,128.661,128.661,0.001,0.001,0.001,27.44,27.44,27.44,27.28,27.28,27.28,0.1402435302734375,0.1402435302734375,0.1402435302734375,128.66
2019-07-15,37.45555,-2.25556,126.755,126.755,126.755,0.001,0.001,0.001,31.59,31.59,31.59,30.92,30.92,30.92,0.05965487162272135,0.05965487162272135,0.05965487162272135,126.754
2019-07-15,37.50512,-5.81387,117.72,117.72,117.72,0.001,0.001,0.001,31.64,31.64,31.64,31.75,31.75,31.75,0.19753201802571616,0.19753201802571616,0.19753201802571616,117.719
2019-07-15,37.75169,-7.11385,140.677,140.677,140.677,0.022,0.022,0.022,29.82,29.82,29.82,29.77,29.77,29.77,0.11910820007324219,0.11910820007324219,0.11910820007324219,140.655
2019-07-15,37.81599,-4.99439,132.628,132.628,132.628,0.001,0.001,0.001,32.8,32.8,32.8,32.82,32.82,32.82,0.10669708251953125,0.10669708251953125,0.10669708251953125,132.627
2019-07-15,38.03548,-3.86859,143.3,143.3,143.3,0.001,0.001,0.001,33.9,33.9,33.9,33.58,33.58,33.58,0.1049969991048177,0.1049969991048177,0.1049969991048177,143.299
2019-07-15,38.1893,-1.43707,141.941,141.941,141.941,0.001,0.001,0.001,31.93,31.93,31.93,31.47,31.47,31.47,0.14234606424967447,0.14234606424967447,0.14234606424967447,141.94
2019-07-15,38.2,-0.88411,,,,,,,,,,,,,,,,
2019-07-15,39.02606,-6.19655,,,,,,,,,,,,,,,,
2019-07-15,39.0489,-1.99314,140.33,140.33,140.33,0.001,0.001,0.001,29.85,29.85,29.85,29.9,29.9,29.9,0.13119951883951822,0.13119951883951822,0.13119951883951822,140.329
2019-07-15,39.26904,-4.16304,141.575,141.575,141.575,0.001,0.001,0.001,31.68,31.68,31.68,31.09,31.09,31.09,0.12678082784016928,0.12678082784016928,0.12678082784016928,141.574
2019-07-15,39.3862,-0.58762,109.304,109.304,109.304,0.641,0.641,0.641,29.15,29.15,29.15,29.16,29.16,29.16,0.16930452982584634,0.16930452982584634,0.16930452982584634,108.663
2019-07-15,39.6437,-2.38957,132.014,132.014,132.014,0.004,0.004,0.004,28.51,28.51,28.51,28.48,28.48,28.48,0.16218185424804688,0.16218185424804688,0.16218185424804688,132.01
2019-07-15,39.80093,-6.27123,,,,,,,,,,,,,,,,
2019-07-15,39.97782,-4.49185,137.46,137.46,137.46,0.001,0.001,0.001,30.27,30.27,30.27,29.92,29.92,29.92,0.12573814392089844,0.12573814392089844,0.12573814392089844,137.459
2019-07-15,40.19028,-3.57747,172.793,172.793,172.793,0.065,0.065,0.065,32.01,32.01,32.01,31.55,31.55,31.55,0.16623051961263022,0.16623051961263022,0.16623051961263022,172.728
2019-07-15,40.36508,0.07989,128.564,128.564,128.564,4.823,4.823,4.823,27.72,27.72,27.72,27.86,27.86,27.86,0.18178685506184897,0.18178685506184897,0.18178685506184897,123.742
2019-07-15,40.73827,-1.00363,,,,,,,,,,,,,,,,
2019-07-15,40.86232,0.57098,,,,,,,,,,,,,,,,
2019-07-15,40.92142,-3.0692,130.944,130.944,130.944,0.466,0.466,0.466,28.16,28.16,28.16,28.15,28.15,28.15,0.10133679707845052,0.10133679707845052,0.10133679707845052,130.477
2019-07-15,40.97913,-4.85813,105.701,105.701,105.701,0.004,0.004,0.004,26.6,26.6,26.6,26.34,26.34,26.34,0.10006904602050781,0.10006904602050781,0.10006904602050781,105.697
2019-07-15,40.99443,-5.5754,110.575,110.575,110.575,0.001,0.001,0.001,26.46,26.46,26.46,26.36,26.36,26.36,0.20775667826334634,0.20775667826334634,0.20775667826334634,110.574
2019-07-15,41.2211,-4.41308,155.084,155.084,155.084,0.014,0.014,0.014,27.69,27.69,27.69,27.68,27.68,27.68,0.14765485127766928,0.14765485127766928,0.14765485127766928,155.07
2019-07-15,41.58075,-2.86887,107.327,107.327,107.327,0.587,0.587,0.587,25.09,25.09,25.09,25.47,25.47,25.47,0.15660985310872397,0.15660985310872397,0.15660985310872397,106.74
2019-07-15,41.65781,-5.10557,141.838,141.838,141.838,0.013,0.013,0.013,25.12,25.12,25.12,25.35,25.35,25.35,0.19454256693522134,0.19454256693522134,0.19454256693522134,141.825
2019-07-15,41.74448,0.71416,102.048,102.048,102.048,5.614,5.614,5.614,28.33,28.33,28.33,28.49,28.49,28.49,0.19424819946289062,0.19424819946289062,0.19424819946289062,96.435
2019-07-15,41.82753,-5.74309,145.466,145.466,145.466,0.014,0.014,0.014,25.67,25.67,25.67,25.63,25.63,25.63,0.2222162882486979,0.2222162882486979,0.2222162882486979,145.452
2019-07-15,41.84807,-3.87632,135.215,135.215,135.215,0.01,0.01,0.01,23.91,23.91,23.91,24.23,24.23,24.23,0.1589380900065104,0.1589380900065104,0.1589380900065104,135.205
2019-07-15,41.86077,-1.07946,169.282,169.282,169.282,3.111,3.111,3.111,24.95,24.95,24.95,25.38,25.38,25.38,0.08190027872721355,0.08190027872721355,0.08190027872721355,166.171
2019-07-15,41.86705,-0.05219,134.754,134.754,134.754,13.956,13.956,13.956,25.98,25.98,25.98,26.68,26.68,26.68,0.26770973205566406,0.26770973205566406,0.26770973205566406,120.798
2019-07-15,41.90971,2.24778,52.223,52.223,52.223,187.457,187.457,187.457,20.13,20.13,20.13,21.0,21.0,21.0,0.3698743184407552,0.3698743184407552,0.3698743184407552,0.0
2019-07-15,42.16169,2.87706,96.922,96.922,96.922,5.756,5.756,5.756,26.7,26.7,26.7,27.04,27.04,27.04,0.1238390604654948,0.1238390604654948,0.1238390604654948,91.166
2019-07-15,42.19387,-7.78684,78.225,78.225,78.225,1.066,1.066,1.066,22.36,22.36,22.36,22.66,22.66,22.66,0.16451390584309897,0.16451390584309897,0.16451390584309897,77.159
2019-07-15,42.27149,-1.97541,156.615,156.615,156.615,4.948,4.948,4.948,22.42,22.42,22.42,23.03,23.03,23.03,0.249298095703125,0.249298095703125,0.249298095703125,151.667
2019-07-15,42.4113,-5.68645,106.154,106.154,106.154,0.196,0.196,0.196,25.01,25.01,25.01,24.69,24.69,24.69,0.19994608561197916,0.19994608561197916,0.19994608561197916,105.959
2019-07-15,42.41262,-4.67343,,,,,,,,,,,,,,,,
2019-07-15,42.4273,-1.73358,115.607,115.607,115.607,1.03,1.03,1.03,23.19,23.19,23.19,24.02,24.02,24.02,0.17491658528645834,0.17491658528645834,0.17491658528645834,114.577
2019-07-15,42.72535,-8.29535,,,,,,,,,,,,,,,,
2019-07-15,42.9655,-2.75258,101.906,101.906,101.906,2.551,2.551,2.551,18.11,18.11,18.11,18.87,18.87,18.87,0.30256080627441406,0.30256080627441406,0.30256080627441406,99.354
2019-07-15,43.08895,-8.59496,58.022,58.022,58.022,2.296,2.296,2.296,19.45,19.45,19.45,20.05,20.05,20.05,0.17020543416341147,0.17020543416341147,0.17020543416341147,55.725
2019-07-15,43.11323,-7.572,,,,,,,,,,,,,,,,
2019-07-15,43.20135,-2.13431,,,,,,,,,,,,,,,,
2019-07-15,43.30779,-2.99522,,,,,,,,,,,,,,,,
2019-07-15,43.42863,-3.89545,,,,,,,,,,,,,,,,
2019-07-15,43.55671,-6.47065,,,,,,,,,,,,,,,,
2020-07-15,36.59786,-5.94015,207.848,207.848,207.848,0.022,0.022,0.022,30.27,30.27,30.27,30.54,30.54,30.54,0.10447374979654948,0.10447374979654948,0.10447374979654948,207.827
2020-07-15,37.10579,-4.67189,142.908,142.908,142.908,0.022,0.022,0.022,28.68,28.68,28.68,29.04,29.04,29.04,0.14228312174479166,0.14228312174479166,0.14228312174479166,142.886
2020-07-15,37.24434,-3.75542,112.67,112.67,112.67,0.26,0.26,0.26,27.96,27.96,27.96,27.77,27.77,27.77,0.15016047159830728,0.15016047159830728,0.15016047159830728,112.409
2020-07-15,37.45555,-2.25556,97.445,97.445,97.445,0.126,0.126,0.126,27.97,27.97,27.97,27.89,27.89,27.89,0.058672587076822914,0.058672587076822914,0.058672587076822914,97.319
2020-07-15,37.50512,-5.81387,137.413,137.413,137.413,0.169,0.169,0.169,33.88,33.88,33.88,33.9,33.9,33.9,0.1983941396077474,0.1983941396077474,0.1983941396077474,137.244
2020-07-15,37.75169,-7.11385,134.243,134.243,134.243,0.022,0.022,0.022,33.5,33.5,33.5,33.41,33.41,33.41,0.11865615844726562,0.11865615844726562,0.11865615844726562,134.221
2020-07-15,37.81599,-4.99439,134.726,134.726,134.726,1.459,1.459,1.459,34.19,34.19,34.19,34.28,34.28,34.28,0.11784108479817708,0.11784108479817708,0.11784108479817708,133.268
2020-07-15,38.03548,-3.86859,113.397,113.397,113.397,1.315,1.315,1.315,32.99,32.99,32.99,33.04,33.04,33.04,0.11535453796386719,0.11535453796386719,0.11535453796386719,112.083
2020-07-15,38.1893,-1.43707,115.588,115.588,115.588,0.169,0.169,0.169,27.19,27.19,27.19,27.47,27.47,27.47,0.13997395833333334,0.13997395833333334,0.13997395833333334,115.419
2020-07-15,38.2,-0.88411,,,,,,,,,,,,,,,,
2020-07-15,39.02606,-6.19655,,,,,,,,,,,,,,,,
2020-07-15,39.0489,-1.99314,98.795,98.795,98.795,4.405,4.405,4.405,25.34,25.34,25.34,25.67,25.67,25.67,0.17815526326497397,0.17815526326497397,0.17815526326497397,94.39
2020-07-15,39.26904,-4.16304,126.794,126.794,126.794,2.157,2.157,2.157,28.42,28.42,28.42,28.7,28.7,28.7,0.14330355326334634,0.14330355326334634,0.14330355326334634,124.637
2020-07-15,39.3862,-0.58762,74.429,74.429,74.429,14.933,14.933,14.933,24.56,24.56,24.56,25.05,25.05,25.05,0.2967510223388672,0.2967510223388672,0.2967510223388672,59.496
2020-07-15,39.6437,-2.38957,89.994,89.994,89.994,9.676,9.676,9.676,23.79,23.79,23.79,24.38,24.38,24.38,0.2426751454671224,0.2426751454671224,0.2426751454671224,80.318
2020-07-15,39.80093,-6.27123,,,,,,,,,,,,,,,,
2020-07-15,39.97782,-4.49185,183.179,183.179,183.179,0.022,0.022,0.022,28.31,28.31,28.31,28.61,28.61,28.61,0.13282140096028647,0.13282140096028647,0.13282140096028647,183.158
2020-07-15,40.36508,0.07989,95.417,95.417,95.417,4.004,4.004,4.004,22.7,22.7,22.7,23.21,23.21,23.21,0.20815086364746094,0.20815086364746094,0.20815086364746094,91.412
2020-07-15,40.73827,-1.00363,,,,,,,,,,,,,,,,
2020-07-15,40.86232,0.57098,,,,,,,,,,,,,,,,
2020-07-15,40.92142,-3.0692,132.655,132.655,132.655,0.022,0.022,0.022,25.32,25.32,25.32,25.64,25.64,25.64,0.1004498799641927,0.1004498799641927,0.1004498799641927,132.634
2020-07-15,40.97913,-4.85813,138.638,138.638,138.638,0.022,0.022,0.022,23.57,23.57,23.57,23.77,23.77,23.77,0.09740893046061198,0.09740893046061198,0.09740893046061198,138.617
2020-07-15,40.99443,-5.5754,165.246,165.246,165.246,0.022,0.022,0.022,23.93,23.93,23.93,24.55,24.55,24.55,0.16096878051757812,0.16096878051757812,0.16096878051757812,165.224
2020-07-15,41.2211,-4.41308,166.658,166.658,166.658,0.022,0.022,0.022,23.55,23.55,23.55,24.28,24.28,24.28,0.13716443379720053,0.13716443379720053,0.13716443379720053,166.636
2020-07-15,41.58075,-2.86887,98.48,98.48,98.48,0.022,0.022,0.022,21.79,21.79,21.79,22.48,22.48,22.48,0.1495641072591146,0.1495641072591146,0.1495641072591146,98.459
2020-07-15,41.65781,-5.10557,148.275,148.275,148.275,0.022,0.022,0.022,22.18,22.18,22.18,22.93,22.93,22.93,0.18594868977864584,0.18594868977864584,0.18594868977864584,148.254
2020-07-15,41.74448,0.71416,79.125,79.125,79.125,4.69,4.69,4.69,24.39,24.39,24.39,25.12,25.12,25.12,0.19523747762044272,0.19523747762044272,0.19523747762044272,74.435
2020-07-15,41.82753,-5.74309,167.55,167.55,167.55,0.022,0.022,0.022,23.96,23.96,23.96,24.53,24.53,24.53,0.1524944305419922,0.1524944305419922,0.1524944305419922,167.528
2020-07-15,41.84807,-3.87632,122.661,122.661,122.661,0.022,0.022,0.022,19.76,19.76,19.76,20.49,20.49,20.49,0.1742534637451172,0.1742534637451172,0.1742534637451172,122.64
2020-07-15,41.86077,-1.07946,149.001,149.001,149.001,0.025,0.025,0.025,22.41,22.41,22.41,23.05,23.05,23.05,0.06966590881347656,0.06966590881347656,0.06966590881347656,148.976
2020-07-15,41.86705,-0.05219,123.362,123.362,123.362,1.237,1.237,1.237,24.11,24.11,24.11,24.94,24.94,24.94,0.1830927530924479,0.1830927530924479,0.1830927530924479,122.125
2020-07-15,41.90971,2.24778,47.084,47.084,47.084,75.631,75.631,75.631,18.35,18.35,18.35,19.18,19.18,19.18,0.41273244222005206,0.41273244222005206,0.41273244222005206,0.0
2020-07-15,42.16169,2.87706,48.992,48.992,48.992,49.519,49.519,49.519,21.52,21.52,21.52,22.33,22.33,22.33,0.1793848673502604,0.1793848673502604,0.1793848673502604,0.0
2020-07-15,42.19387,-7.78684,107.315,107.315,107.315,0.022,0.022,0.022,22.4,22.4,22.4,23.01,23.01,23.01,0.09993553161621094,0.09993553161621094,0.09993553161621094,107.293
2020-07-15,42.27149,-1.97541,126.689,126.689,126.689,0.27,0.27,0.27,18.91,18.91,18.91,19.88,19.88,19.88,0.24262364705403647,0.24262364705403647,0.24262364705403647,126.419
2020-07-15,42.4113,-5.68645,123.507,123.507,123.507,0.022,0.022,0.022,22.14,22.14,22.14,22.67,22.67,22.67,0.14350446065266928,0.14350446065266928,0.14350446065266928,123.485
2020-07-15,42.41262,-4.67343,,,,,,,,,,,,,,,,
2020-07-15,42.4273,-1.73358,96.784,96.784,96.784,0.522,0.522,0.522,19.89,19.89,19.89,21.06,21.06,21.06,0.16167640686035156,0.16167640686035156,0.16167640686035156,96.262
2020-07-15,42.72535,-8.29535,,,,,,,,,,,,,,,,
2020-07-15,42.9655,-2.75258,62.838,62.838,62.838,16.422,16.422,16.422,15.51,15.51,15.51,16.45,16.45,16.45,0.2465362548828125,0.2465362548828125,0.2465362548828125,46.416
2020-07-15,43.08895,-8.59496,110.194,110.194,110.194,0.609,0.609,0.609,19.81,19.81,19.81,20.41,20.41,20.41,0.11328951517740886,0.11328951517740886,0.11328951517740886,109.585
2020-07-15,43.11323,-7.572,,,,,,,,,,,,,,,,
2020-07-15,43.20135,-2.13431,,,,,,,,,,,,,,,,
2020-07-15,43.30779,-2.99522,,,,,,,,,,,,,,,,
2020-07-15,43.42863,-3.89545,,,,,,,,,,,,,,,,
2020-07-15,43.55671,-6.47065,,,,,,,,,,,,,,,,
