date,ALLSKY_SFC_SW_DWN,RH2M,T2M,T2M_MAX,T2M_MIN,WS2M,latitude,longitude,DEW POINT TEMPERATURE,DTR,VPD
2010-07-15,18.39,82.72,21.36,22.72,20.33,6.59,28.11818,-15.55454,18.295228274896946,2.3900000000000006,0.4393499360466658
2011-07-15,23.38,85.31,21.55,22.99,20.56,9.03,28.11818,-15.55454,18.97459651797391,2.4299999999999997,0.3778673024237179
2012-07-15,24.01,85.87,21.12,22.6,20.08,8.83,28.11818,-15.55454,18.657793796322526,2.520000000000003,0.3540124690126082
2013-07-15,15.53,88.49,21.77,23.58,20.65,7.34,28.11818,-15.55454,19.77993751920287,2.9299999999999997,0.3000763378038275
2014-07-15,24.17,83.06,21.77,23.12,20.75,5.73,28.11818,-15.55454,18.76128072495139,2.370000000000001,0.44164145633334784
2015-07-15,24.93,86.99,22.44,24.17,21.17,7.36,28.11818,-15.55454,20.16246577706164,3.0,0.3533091850508317
2016-07-15,20.26,86.81,22.11,24.06,20.65,7.84,28.11818,-15.55454,19.804752709646724,3.41,0.3510795335645066
2018-07-15,27.39,79.61,20.86,22.13,20.04,8.83,28.11818,-15.55454,17.198990771378007,2.09,0.5027559816227815
2019-07-15,14.92,87.77,22.04,23.17,21.21,8.21,28.11818,-15.55454,19.913664814239194,1.9600000000000009,0.3241419793875433
2010-07-15,22.18,82.04,21.04,22.45,20.05,5.45,28.47143,-16.54286,17.851364768403585,2.3999999999999986,0.4477647972361632
2011-07-15,22.86,85.3,21.24,22.74,20.21,7.63,28.47143,-16.54286,18.668844544275736,2.5299999999999976,0.37101411385764405
2012-07-15,24.87,84.78,20.96,22.76,19.78,7.23,28.47143,-16.54286,18.296719560499835,2.9800000000000004,0.3775931986165208
2013-07-15,20.95,86.74,21.62,23.85,20.3,5.47,28.47143,-16.54286,19.310420526360556,3.5500000000000007,0.3425468299508538
2014-07-15,25.51,80.8,21.47,23.18,20.18,4.46,28.47143,-16.54286,18.02796859713484,3.0,0.4914655091522148
2015-07-15,23.93,84.89,22.23,24.36,20.53,5.24,28.47143,-16.54286,19.561541421975097,3.8299999999999983,0.40513291920826755
2016-07-15,25.83,84.61,21.91,23.92,20.16,5.75,28.47143,-16.54286,19.194949116217142,3.7600000000000016,0.40467423708623174
2018-07-15,27.66,77.96,20.77,22.1,19.96,7.35,28.47143,-16.54286,16.78068808857025,2.1400000000000006,0.5404397706625925
2019-07-15,19.39,85.85,22.12,23.43,21.19,6.7,28.47143,-16.54286,19.63506414231249,2.2399999999999984,0.37686137796724034
2010-07-15,22.97,83.2,21.69,22.49,21.11,5.02,28.7,-18.0,18.710094521340434,1.379999999999999,0.43585659007441063
2011-07-15,21.75,85.12,21.67,22.61,21.03,7.82,28.7,-18.0,19.056412404687325,1.5799999999999983,0.3855729323971238
2012-07-15,24.69,85.63,21.5,22.73,20.53,7.56,28.7,-18.0,18.98566308337252,2.1999999999999993,0.3685071138581902
2013-07-15,22.41,86.13,21.86,23.11,21.04,5.42,28.7,-18.0,19.4324453720271,2.0700000000000003,0.36359564779868303
2014-07-15,26.11,72.92,22.27,23.07,21.74,3.81,28.7,-18.0,17.172620408310117,1.3300000000000018,0.7278443713884264
2015-07-15,18.91,86.63,22.52,23.73,21.45,5.32,28.7,-18.0,20.17387546905452,2.280000000000001,0.36485381812839923
2016-07-15,27.63,85.3,22.28,23.45,21.22,5.9,28.7,-18.0,19.688252982963565,2.2300000000000004,0.3953405402253081
2018-07-15,27.12,76.45,21.47,22.34,20.77,6.5,28.7,-18.0,17.14939180725227,1.5700000000000003,0.6028131635695131
2019-07-15,21.57,84.44,22.84,23.58,22.2,6.33,28.7,-18.0,20.073005406060815,1.379999999999999,0.4329358311259059
2010-07-15,30.66,62.29,23.6,26.53,20.25,3.76,36.59786,-5.94015,15.95698361503755,6.280000000000001,1.0985009734282205
2011-07-15,29.73,65.63,24.99,29.25,20.63,4.1,36.59786,-5.94015,18.09649189492459,8.620000000000001,1.0881168434071495
2012-07-15,29.5,46.34,26.35,32.95,19.63,2.39,36.59786,-5.94015,13.902041300151495,13.320000000000004,1.8414059824854365
2013-07-15,29.35,71.72,23.51,26.95,20.1,1.69,36.59786,-5.94015,18.099594100808762,6.849999999999998,0.8193496133974055
2014-07-15,29.94,64.06,25.7,30.32,21.2,3.44,36.59786,-5.94015,18.382288376516914,9.120000000000001,1.1868417057765503
2015-07-15,28.79,47.69,29.45,37.52,23.14,1.38,36.59786,-5.94015,17.16868237447327,14.380000000000003,2.150480831237125
2016-07-15,29.57,61.03,25.5,29.4,22.18,8.22,36.59786,-5.94015,17.42265636024874,7.219999999999999,1.2717300745507516
2017-07-15,27.44,68.75,26.16,30.4,21.85,3.01,36.59786,-5.94015,19.954652201904484,8.549999999999997,1.0604263513140608
2018-07-15,27.45,75.93,20.61,22.54,18.51,4.81,36.59786,-5.94015,16.210547334272636,4.029999999999998,0.5844311146653309
2019-07-15,28.82,74.38,22.7,25.85,20.39,3.23,36.59786,-5.94015,17.901019848207596,5.460000000000001,0.7068203487350357
2020-07-15,29.38,62.71,25.67,29.74,22.24,7.01,36.59786,-5.94015,18.014206277482543,7.5,1.2292354616808494
2010-07-15,30.54,43.97,26.69,34.42,18.86,1.58,37.10579,-4.67189,13.401779764458816,15.560000000000002,1.9616154462662674
2011-07-15,29.23,59.64,24.03,30.8,16.75,1.74,37.10579,-4.67189,15.680426868647213,14.05,1.206479353158775
2012-07-15,30.77,33.77,26.38,34.03,19.44,1.75,37.10579,-4.67189,9.141445428816644,14.59,2.276783254624682
2013-07-15,29.8,53.14,23.95,30.97,16.5,1.52,37.10579,-4.67189,13.814517790171703,14.469999999999999,1.3940728826607205
2014-07-15,29.81,45.32,26.28,33.45,18.98,2.17,37.10579,-4.67189,13.495903527531135,14.470000000000002,1.8686784871548328
2015-07-15,29.22,32.7,29.43,36.97,22.23,1.28,37.10579,-4.67189,11.316923833222805,14.739999999999998,2.7635391580422994
2016-07-15,29.61,57.95,25.07,31.75,19.03,3.92,37.10579,-4.67189,16.202773484440584,12.719999999999999,1.3376147187036713
2017-07-15,29.16,58.8,26.3,32.07,21.07,2.17,37.10579,-4.67189,17.58193344976821,11.0,1.4096640431575862
2018-07-15,28.42,48.78,22.48,29.52,16.37,3.38,37.10579,-4.67189,11.157640285840243,13.149999999999999,1.3943515904233752
2019-07-15,29.73,39.2,28.06,36.22,19.68,2.49,37.10579,-4.67189,12.86854451794122,16.54,2.3062387464355534
2020-07-15,28.53,53.79,26.12,33.11,19.46,3.02,37.10579,-4.67189,16.009503486229146,13.649999999999999,1.5643741776244877
2010-07-15,30.9,37.77,27.01,33.68,20.34,1.65,37.24434,-3.75542,11.372079673100899,13.34,2.220013180924608
2011-07-15,28.84,51.55,24.04,30.05,17.28,1.82,37.24434,-3.75542,13.43011708761532,12.77,1.449182633005955
2012-07-15,30.55,32.92,26.03,32.54,20.28,1.75,37.24434,-3.75542,8.458757544565694,12.259999999999998,2.258855713069031
2013-07-15,30.46,45.87,23.89,29.47,17.77,1.6,37.24434,-3.75542,11.51320614022734,11.7,1.6045609840779833
2014-07-15,30.17,40.37,26.37,32.17,20.06,1.73,37.24434,-3.75542,11.810909888123678,12.110000000000003,2.048687628912765
2015-07-15,29.39,28.79,29.35,35.18,23.46,1.5,37.24434,-3.75542,9.339566781862125,11.719999999999999,2.910647449009827
2016-07-15,29.89,50.91,25.21,31.4,19.1,3.26,37.24434,-3.75542,14.313561667957476,12.299999999999997,1.5746203249492807
2017-07-15,29.17,49.86,27.16,32.48,22.02,1.66,37.24434,-3.75542,15.778118474091505,10.459999999999997,1.8045106705501337
2018-07-15,28.5,36.86,24.16,29.5,17.8,3.31,37.24434,-3.75542,8.486661341639046,11.7,1.902214977248888
2019-07-15,29.86,35.97,27.86,34.51,20.32,2.57,37.24434,-3.75542,11.384280971068002,14.189999999999998,2.4006300092812216
2020-07-15,28.08,47.15,26.3,32.33,19.85,2.44,37.24434,-3.75542,14.124050665624937,12.479999999999997,1.8082705019630685
2010-07-15,30.47,30.41,27.23,36.1,18.31,1.97,37.45555,-2.25556,8.328855403344802,17.790000000000003,2.5147965335660785
2011-07-15,27.5,56.71,22.76,30.28,16.3,2.45,37.45555,-2.25556,13.711916029508702,13.98,1.1986623259538889
2012-07-15,28.88,46.85,24.39,34.82,15.8,1.6,37.45555,-2.25556,12.288379820818541,19.02,1.6234583897511101
2013-07-15,29.54,32.7,24.56,32.74,17.2,1.28,37.45555,-2.25556,7.0797278523601195,15.540000000000003,2.076674003865245
2014-07-15,29.06,42.04,25.7,35.45,16.4,1.47,37.45555,-2.25556,11.825960327844133,19.050000000000004,1.9140051548917325
2016-07-15,27.73,64.75,21.21,29.32,15.57,3.9,37.45555,-2.25556,14.301920356420862,13.75,0.8880416213617451
2017-07-15,28.63,30.53,29.3,38.8,22.17,0.97,37.45555,-2.25556,10.171963614908972,16.629999999999995,2.831353503242155
2018-07-15,24.7,28.08,25.68,35.34,17.56,3.57,37.45555,-2.25556,5.834417641105466,17.780000000000005,2.372191462315161
2019-07-15,28.47,33.01,27.35,34.64,19.39,3.09,37.45555,-2.25556,9.649024758973038,15.25,2.437904896688443
2020-07-15,28.17,53.41,22.72,30.86,16.34,2.87,37.45555,-2.25556,12.75517626613462,14.52,1.2869129182324972
2010-07-15,30.97,32.82,27.48,37.67,17.9,2.18,37.50512,-5.81387,9.67615635614042,19.770000000000003,2.4634778211824866
2011-07-15,29.64,38.57,28.55,36.71,18.94,0.97,37.50512,-5.81387,13.055665556733143,17.77,2.3974164103826134
2012-07-15,31.06,18.35,28.88,38.93,18.22,1.51,37.50512,-5.81387,2.4390514223273465,20.71,3.248023121328334
2013-07-15,29.08,47.6,27.03,36.28,18.13,1.82,37.50512,-5.81387,14.935780259368558,18.150000000000002,1.8715289057217022
2014-07-15,30.1,27.04,30.97,40.04,21.57,1.62,37.50512,-5.81387,9.786034329668327,18.47,3.272201215546708
2015-07-15,29.01,22.65,32.87,42.94,22.39,0.98,37.50512,-5.81387,8.74802108743666,20.549999999999997,3.8625374509068346
2016-07-15,29.48,40.86,29.82,38.43,21.63,2.76,37.50512,-5.81387,15.07640705000313,16.8,2.483557167861769
2017-07-15,28.89,37.7,31.55,40.82,22.49,2.46,37.50512,-5.81387,15.358506853502165,18.330000000000002,2.8877253070298985
2018-07-15,27.96,54.63,23.24,30.78,15.47,2.96,37.50512,-5.81387,13.583025205674527,15.31,1.2932624620759765
2019-07-15,29.31,36.75,29.69,38.63,21.57,2.27,37.50512,-5.81387,13.322433255874037,17.060000000000002,2.636386662074051
2020-07-15,28.97,36.76,31.0,39.63,22.31,2.6,37.50512,-5.81387,14.480834126006561,17.320000000000004,2.8411153396073923
2010-07-15,31.49,40.84,23.38,33.88,12.85,3.4,37.75169,-7.11385,9.311775029529915,21.03,1.7006495422980221
2011-07-15,29.81,29.56,27.38,36.23,17.63,1.64,37.75169,-7.11385,8.04046340170792,18.599999999999998,2.567960790217522
2012-07-15,31.4,27.24,25.89,36.53,14.69,2.74,37.75169,-7.11385,5.575303058242703,21.840000000000003,2.429924877677955
2013-07-15,27.47,45.36,26.27,35.6,16.4,1.89,37.75169,-7.11385,13.500409077292483,19.200000000000003,1.8662102843892046
2014-07-15,31.11,29.8,29.35,38.23,19.23,1.87,37.75169,-7.11385,9.853237138009286,18.999999999999996,2.869364568466365
2015-07-15,27.61,23.25,31.77,42.42,20.75,1.92,37.75169,-7.11385,8.219655422420177,21.67,3.602126940547822
2016-07-15,29.41,30.04,29.93,38.89,20.54,2.09,37.75169,-7.11385,10.471849164645588,18.35,2.9565506526125938
2017-07-15,29.78,20.91,31.12,40.44,22.96,2.3,37.75169,-7.11385,6.1321203429721525,17.479999999999997,3.5775377948850697
2018-07-15,23.76,59.44,21.49,28.75,15.05,3.01,37.75169,-7.11385,13.24762286707331,13.7,1.0394923818016644
2019-07-15,28.48,42.99,27.24,36.27,18.34,2.12,37.75169,-7.11385,13.55073689072303,17.930000000000003,2.061395832520964
2020-07-15,28.91,34.79,30.49,39.09,20.77,1.71,37.75169,-7.11385,13.184167043051051,18.320000000000004,2.8456241223880405
2010-07-15,30.54,35.5,26.13,35.53,16.43,2.01,37.81599,-4.99439,9.665464327485314,19.1,2.1848461908100316
2011-07-15,29.23,40.27,26.1,33.52,16.88,1.07,37.81599,-4.99439,11.532313001906653,16.640000000000004,2.0196874102156746
2012-07-15,30.77,16.19,27.68,37.28,17.01,1.75,37.81599,-4.99439,-0.26752826874420316,20.27,3.1094099190344946
2013-07-15,29.8,44.94,25.86,33.86,18.02,1.54,37.81599,-4.99439,12.986600071831894,15.84,1.8355467462570139
2014-07-15,29.81,23.55,30.09,38.39,21.59,1.82,37.81599,-4.99439,7.006582556417352,16.8,3.2606061258520516
2015-07-15,29.22,18.69,32.11,41.67,21.81,0.99,37.81599,-4.99439,5.320783093729236,19.860000000000003,3.890204520573542
2016-07-15,29.61,32.76,28.85,37.56,19.65,1.74,37.81599,-4.99439,10.84042043258846,17.910000000000004,2.6701578504646477
2017-07-15,29.16,29.36,31.45,40.68,22.25,2.82,37.81599,-4.99439,11.431653743389003,18.43,3.2557813488275915
2018-07-15,28.42,51.34,22.82,30.45,14.45,2.83,37.81599,-4.99439,12.244670843538568,16.0,1.3522593627392892
2019-07-15,29.73,31.87,30.11,38.24,21.54,2.39,37.81599,-4.99439,11.518133228967221,16.700000000000003,2.909089413737479
2020-07-15,28.53,36.94,30.16,37.95,21.29,1.41,37.81599,-4.99439,13.816051894373548,16.660000000000004,2.7003303530493707
2010-07-15,31.06,31.5,27.53,36.04,19.57,1.88,38.03548,-3.86859,9.109016987150781,16.47,2.519232889299792
2011-07-15,28.85,33.81,26.53,34.57,17.72,1.43,38.03548,-3.86859,9.290086926194297,16.85,2.2956039060246423
2012-07-15,31.55,12.29,27.85,36.49,18.6,1.69,38.03548,-3.86859,-3.861172622754932,17.89,3.2865306873259708
2013-07-15,29.07,37.82,26.05,34.49,17.09,1.48,38.03548,-3.86859,10.541830209609817,17.400000000000002,2.0963290560653727
2014-07-15,30.11,23.87,29.46,38.03,20.26,1.9,38.03548,-3.86859,6.676594996388992,17.77,3.1315316540130684
2015-07-15,30.14,15.66,31.33,40.72,21.34,1.6,38.03548,-3.86859,2.1824791664584215,19.38,3.860821881399852
2016-07-15,30.15,30.14,29.0,37.31,19.48,1.54,38.03548,-3.86859,9.721513209856727,17.830000000000002,2.798366371420024
2017-07-15,30.24,29.52,31.36,39.9,22.14,2.96,38.03548,-3.86859,11.436689084020056,17.759999999999998,3.2318552803598877
2018-07-15,30.0,41.25,23.38,31.24,15.72,2.92,38.03548,-3.86859,9.460335108146745,15.519999999999998,1.6888634315417312
2019-07-15,28.45,29.89,29.8,37.61,21.56,2.47,38.03548,-3.86859,10.2850480597236,16.05,2.9408569235141444
2020-07-15,27.67,36.46,30.0,36.46,22.84,1.01,38.03548,-3.86859,13.473809658298313,13.620000000000001,2.696043538335477
2010-07-15,30.35,42.99,29.04,36.37,22.29,3.26,38.1893,-1.43707,15.168964852491474,14.079999999999998,2.288920905689655
2011-07-15,25.77,61.6,25.17,31.0,20.38,2.71,38.1893,-1.43707,17.25971190935274,10.620000000000001,1.228798823923683
2012-07-15,27.48,68.05,25.21,30.27,21.42,3.98,38.1893,-1.43707,18.884499519472083,8.849999999999998,1.024834373235476
2013-07-15,29.08,55.9,25.21,32.94,18.21,2.22,38.1893,-1.43707,15.76855624768296,14.729999999999997,1.4145601208038967
2014-07-15,28.95,62.28,25.41,32.9,19.44,2.67,38.1893,-1.43707,17.659751405406286,13.459999999999997,1.2243795751044484
2015-07-15,28.82,53.39,27.76,35.66,20.81,2.19,38.1893,-1.43707,17.407462779986346,14.849999999999998,1.7373546895323981
2016-07-15,26.16,62.67,23.56,29.18,19.3,3.39,38.1893,-1.43707,16.014623739444783,9.879999999999999,1.0848154273472417
2018-07-15,27.27,34.82,29.27,36.51,21.61,2.52,38.1893,-1.43707,12.129327102308032,14.899999999999999,2.6519164316380075
2019-07-15,28.66,48.63,29.65,39.14,21.43,1.89,38.1893,-1.43707,17.660390537662828,17.71,2.13628539092126
2020-07-15,27.57,60.84,24.85,30.76,19.82,2.43,38.1893,-1.43707,16.762701205786534,10.940000000000001,1.2294612035319221
2010-07-15,28.85,66.73,27.31,31.03,24.05,3.43,38.2,-0.88411,20.565611843031895,6.98,1.2079333402340464
2012-07-15,23.09,72.01,25.65,27.79,23.65,5.48,38.2,-0.88411,20.216887584697083,4.140000000000001,0.9215752689889788
2013-07-15,29.01,70.29,24.5,27.85,21.21,2.23,38.2,-0.88411,18.725926655186026,6.640000000000001,0.9134782330169201
2014-07-15,27.83,73.79,24.92,28.29,21.76,3.57,38.2,-0.88411,19.91080245332341,6.529999999999998,0.8263263045273399
2015-07-15,28.19,67.76,26.95,30.63,23.67,2.49,38.2,-0.88411,20.472155319839214,6.959999999999997,1.1460981774391963
2016-07-15,20.95,68.35,23.82,26.27,21.79,4.16,38.2,-0.88411,17.63025167560666,4.48,0.934254458931809
2017-07-15,26.76,75.15,25.18,28.09,22.76,3.44,38.2,-0.88411,20.457128038921855,5.329999999999998,0.7956724112288145
2018-07-15,24.42,64.41,26.71,30.35,22.84,2.61,38.2,-0.88411,19.42457038245813,7.510000000000002,1.2474753541462673
2019-07-15,27.73,65.52,27.1,32.28,23.26,2.33,38.2,-0.88411,20.06962758381125,9.02,1.2365598832778442
2020-07-15,26.81,68.0,24.92,27.36,22.81,3.63,38.2,-0.88411,18.596516755500044,4.550000000000001,1.0088684374236887
2010-07-15,31.94,30.54,25.03,35.13,14.6,2.51,39.02606,-6.19655,6.492394838173398,20.53,2.2042733832747836
2011-07-15,27.59,25.92,27.06,35.44,17.85,1.65,39.02606,-6.19655,5.851704913218111,17.589999999999996,2.650515397943389
2012-07-15,31.26,24.27,25.97,35.46,15.48,1.98,39.02606,-6.19655,3.989456223772626,19.98,2.5411074394240636
2013-07-15,28.97,39.45,27.31,35.85,18.01,2.08,39.02606,-6.19655,12.298481299319215,17.84,2.198387849449098
2014-07-15,30.66,26.35,30.31,39.26,20.86,1.37,39.02606,-6.19655,8.842564712512724,18.4,3.18101447557675
2015-07-15,28.95,25.76,31.25,41.89,20.0,2.08,39.02606,-6.19655,9.300772348921377,21.89,3.383065577791588
2016-07-15,30.73,24.08,29.2,38.57,19.51,2.75,39.02606,-6.19655,6.5862980669661875,19.06,3.0764364102074797
2017-07-15,30.42,19.81,30.86,40.96,20.38,2.31,39.02606,-6.19655,5.139387123760676,20.580000000000002,3.573994962122518
2018-07-15,23.56,53.9,22.58,29.45,15.78,3.39,39.02606,-6.19655,12.765165288497302,13.67,1.262612119298532
2019-07-15,29.83,38.46,29.02,37.63,20.0,2.69,39.02606,-6.19655,13.42862707216994,17.630000000000003,2.4679445511624594
2020-07-15,28.46,27.04,31.47,39.0,23.19,1.66,39.02606,-6.19655,10.210233021357727,15.809999999999999,3.3665275331162663
2010-07-15,30.48,34.73,26.73,36.56,16.39,2.14,39.0489,-1.99314,9.865010295689833,20.17,2.2904892487138215
2011-07-15,25.12,56.35,23.25,30.67,16.53,2.14,39.0489,-1.99314,14.070059219517388,14.14,1.2449855948605935
2012-07-15,27.35,49.68,24.47,34.26,16.56,2.77,39.0489,-1.99314,13.257772405099129,17.7,1.5443902834718712
2013-07-15,28.0,47.0,24.07,32.8,15.6,2.61,39.0489,-1.99314,12.045792121998716,17.199999999999996,1.5881331022351128
2014-07-15,28.32,49.39,25.61,35.42,16.53,3.02,39.0489,-1.99314,14.211619166205216,18.89,1.6623958561943948
2015-07-15,28.72,30.17,28.92,38.8,19.41,1.92,39.0489,-1.99314,9.667487932840139,19.389999999999997,2.784258942366948
2016-07-15,28.73,48.47,22.83,31.01,14.97,3.31,39.0489,-1.99314,11.381431997533745,16.04,1.4328841144212943
2017-07-15,27.95,53.31,27.05,37.98,18.7,3.07,39.0489,-1.99314,16.72804385281445,19.279999999999998,1.6695466142413817
2018-07-15,28.38,30.86,25.29,35.68,16.69,3.14,39.0489,-1.99314,6.868767708011079,18.99,2.2283210765038937
2019-07-15,29.39,43.47,26.46,34.15,18.74,2.75,39.0489,-1.99314,13.019062005223589,15.41,1.952509716308002
2020-07-15,27.01,57.07,23.81,31.13,16.86,2.22,39.0489,-1.99314,14.78832817093302,14.27,1.2664595149306608
2010-07-15,32.09,25.07,24.57,33.66,16.51,2.02,39.26904,-4.16304,3.2704914949714694,17.149999999999995,2.3134948859309397
2011-07-15,27.66,27.03,23.87,31.87,13.95,1.64,39.26904,-4.16304,3.7436969481017326,17.92,2.16043260216146
2012-07-15,31.21,23.34,23.28,32.4,13.05,2.06,39.26904,-4.16304,1.182949003674718,19.349999999999998,2.190460012950484
2013-07-15,27.36,29.77,26.19,33.64,18.1,1.92,39.26904,-4.16304,7.120748933637079,15.54,2.3873842161169376
2014-07-15,30.41,23.49,28.22,36.81,18.36,1.64,39.26904,-4.16304,5.407401255639379,18.450000000000003,2.929277829746035
2015-07-15,30.03,17.02,30.25,39.22,20.72,1.97,39.26904,-4.16304,2.4881336855509066,18.5,3.5716989129671317
2016-07-15,30.35,30.28,24.31,33.7,14.47,3.17,39.26904,-4.16304,5.746793247535889,19.230000000000004,2.1194123714097035
2017-07-15,30.84,31.13,28.62,38.29,18.29,2.46,39.26904,-4.16304,9.876051519444003,20.0,2.698704675003569
2018-07-15,28.43,45.16,21.92,28.69,14.88,3.51,39.26904,-4.16304,9.492157449646857,13.81,1.4428768514730947
2019-07-15,29.12,32.84,28.08,36.17,19.26,2.26,39.26904,-4.16304,10.207335276781219,16.91,2.55045020472866
2020-07-15,28.04,42.81,26.66,34.11,18.85,3.06,39.26904,-4.16304,12.9648277706724,15.259999999999998,1.9986976298356274
2010-07-15,28.35,50.79,27.24,33.24,21.25,2.82,39.3862,-0.58762,16.14113591645936,11.990000000000002,1.7793595670646662
2011-07-15,24.83,59.98,24.53,29.53,19.82,2.19,39.3862,-0.58762,16.238272164875852,9.71,1.2326834928542847
2012-07-15,23.8,54.94,23.92,29.73,19.36,3.46,39.3862,-0.58762,14.30106944711605,10.370000000000001,1.3381104896707277
2013-07-15,28.87,60.12,25.17,32.19,19.07,2.4,39.3862,-0.58762,16.87519336116215,13.119999999999997,1.2761587785957416
2014-07-15,28.24,58.12,25.37,32.56,19.22,2.27,39.3862,-0.58762,16.528968669945005,13.340000000000003,1.3561863836284722
2015-07-15,27.87,53.31,27.72,34.99,21.97,2.24,39.3862,-0.58762,17.34675789850054,13.020000000000003,1.7362801106684933
2016-07-15,27.24,54.92,22.39,28.74,16.12,2.73,39.3862,-0.58762,12.875633195277151,12.619999999999997,1.2205124624397687
2017-07-15,26.82,67.22,25.92,33.09,20.65,2.51,39.3862,-0.58762,19.36300340973836,12.440000000000005,1.0966798028178584
2018-07-15,26.49,36.87,28.81,36.66,21.31,2.23,39.3862,-0.58762,12.596454708281687,15.349999999999998,2.501150551805433
2019-07-15,27.9,47.07,26.92,34.23,20.71,2.07,39.3862,-0.58762,14.661770318685162,13.519999999999996,1.8782955981990923
2020-07-15,26.75,62.16,23.97,28.65,18.96,1.93,39.3862,-0.58762,16.27280948716453,9.689999999999998,1.1270828149365841
2010-07-15,31.05,30.82,25.62,34.52,16.62,2.04,39.6437,-2.38957,7.1351906674522585,17.900000000000002,2.2737156346957983
2011-07-15,28.94,49.92,23.15,30.85,15.43,1.87,39.6437,-2.38957,12.121249986224328,15.420000000000002,1.4197819029913405
2012-07-15,29.72,42.75,24.14,33.45,15.9,3.01,39.6437,-2.38957,10.676963612938831,17.550000000000004,1.722700433031342
2013-07-15,27.49,46.8,24.03,32.19,15.6,2.3,39.6437,-2.38957,11.944624216499172,16.589999999999996,1.5903047965323795
2014-07-15,29.2,44.4,26.3,35.53,16.83,2.58,39.6437,-2.38957,13.199118603222137,18.700000000000003,1.9023621553291699
2015-07-15,29.71,23.95,29.23,38.66,19.59,1.77,39.6437,-2.38957,6.532745273429853,19.069999999999997,3.0870429730701896
2016-07-15,29.79,40.93,23.05,31.66,14.24,2.77,39.6437,-2.38957,9.049005191705879,17.42,1.6645602127753454
2017-07-15,29.51,47.46,27.86,38.34,19.12,3.42,39.6437,-2.38957,15.645504867269858,19.220000000000002,1.96984383394714
2018-07-15,27.7,34.85,23.19,31.46,15.04,3.13,39.6437,-2.38957,6.809735622316515,16.42,1.8514887718476691
2019-07-15,29.96,38.98,27.05,34.08,18.53,2.55,39.6437,-2.38957,11.885084706575379,15.549999999999997,2.1819604712145884
2020-07-15,28.15,55.01,24.41,31.5,17.51,2.59,39.6437,-2.38957,14.775439464786553,13.989999999999998,1.3758580813774646
2010-07-15,31.94,28.8,25.44,35.1,15.03,2.47,39.80093,-6.27123,5.994925890714978,20.07,2.315250270733118
2011-07-15,27.59,26.77,27.1,35.59,17.21,1.99,39.80093,-6.27123,6.35282754448717,18.380000000000003,2.626255227738878
2012-07-15,31.26,26.54,25.56,34.84,15.43,2.43,39.80093,-6.27123,4.920300698007694,19.410000000000004,2.4058100791662547
2013-07-15,28.97,35.92,28.03,35.21,19.85,1.73,39.80093,-6.27123,11.512788438640282,15.36,2.4264135965272486
2014-07-15,30.66,21.97,30.62,38.23,22.94,1.93,39.80093,-6.27123,6.436559836845852,15.289999999999996,3.430440217510774
2015-07-15,28.95,22.52,32.28,41.33,22.47,2.4,39.80093,-6.27123,8.173640142066757,18.86,3.7426921880478767
2016-07-15,30.73,26.34,27.35,36.53,18.09,2.22,39.80093,-6.27123,6.3300376153276545,18.44,2.680640016272141
2017-07-15,30.42,25.62,31.06,40.35,20.62,1.83,39.80093,-6.27123,9.059649694344042,19.73,3.3530214746908342
2018-07-15,23.56,53.81,22.62,28.81,16.75,2.83,39.80093,-6.27123,12.776662135113922,12.059999999999999,1.2681509310443473
2019-07-15,29.83,32.26,30.41,38.64,21.29,2.22,39.80093,-6.27123,11.96245083233436,17.35,2.9425402091198385
2020-07-15,28.46,28.46,29.93,37.79,21.51,3.17,39.80093,-6.27123,9.663862670015417,16.279999999999998,3.023322379758504
2010-07-15,32.09,22.49,25.87,35.25,15.99,2.04,39.97782,-4.49185,2.82714363515119,19.259999999999998,2.585496595295027
2011-07-15,27.66,30.36,25.4,33.9,15.63,1.84,39.97782,-4.49185,6.725930247484629,18.269999999999996,2.259151014653703
2012-07-15,31.21,25.76,24.43,33.51,14.81,1.96,39.97782,-4.49185,3.536591562319559,18.699999999999996,2.273082940638699
2013-07-15,27.36,30.64,27.38,35.36,18.96,1.9,39.97782,-4.49185,8.569480375344169,16.4,2.5285883079143567
2014-07-15,30.41,28.5,28.74,37.76,18.84,1.65,39.97782,-4.49185,8.667685667212934,18.919999999999998,2.8213065850003227
2015-07-15,30.03,14.74,31.91,40.61,22.73,1.51,39.97782,-4.49185,1.7945492807659191,17.88,4.03334952211277
2016-07-15,30.35,25.98,24.57,34.3,15.04,2.73,39.97782,-4.49185,3.775894447960436,19.259999999999998,2.285398257795384
2017-07-15,30.84,39.33,28.7,37.69,18.95,1.94,39.97782,-4.49185,13.488267360799501,18.74,2.3884283502395975
2018-07-15,28.43,38.66,24.09,30.4,17.69,3.47,39.97782,-4.49185,9.130383701431416,12.709999999999997,1.840245762816756
2019-07-15,29.12,30.64,29.19,38.02,20.18,1.94,39.97782,-4.49185,10.130956898704172,17.840000000000003,2.808990167116695
2020-07-15,28.04,31.66,27.61,35.54,19.89,3.62,39.97782,-4.49185,9.253535319497743,15.649999999999999,2.525121421594006
2010-07-15,31.73,29.99,24.85,34.47,15.37,1.83,40.19028,-3.57747,6.073529132041871,19.1,2.1980229535053595
2011-07-15,30.16,34.18,24.82,32.86,15.21,1.49,40.19028,-3.57747,7.955213475195284,17.65,2.0627803213838067
2012-07-15,30.62,30.36,24.11,32.81,14.41,2.33,40.19028,-3.57747,5.612164824452655,18.400000000000002,2.0917595663694146
2013-07-15,26.59,33.57,26.63,34.91,17.52,1.81,40.19028,-3.57747,9.27156747407396,17.389999999999997,2.3175271462569156
2014-07-15,29.39,31.93,28.68,37.42,18.17,1.72,40.19028,-3.57747,10.307507396710477,19.25,2.6766454658705716
2015-07-15,28.91,14.72,31.62,40.16,21.51,1.32,40.19028,-3.57747,1.5467559519430167,18.649999999999995,3.968608316884065
2016-07-15,31.27,29.33,23.93,33.44,14.13,2.42,40.19028,-3.57747,4.960590059507002,19.309999999999995,2.099890755170614
2018-07-15,29.56,39.84,23.55,30.73,16.17,3.27,40.19028,-3.57747,9.09556990355694,14.559999999999999,1.7472060608925872
2019-07-15,29.66,30.66,28.47,37.08,19.62,2.53,40.19028,-3.57747,9.519712906602937,17.459999999999997,2.6935905458334526
2010-07-15,25.74,51.38,24.91,31.32,17.64,3.41,40.36508,0.07989,14.179845007517946,13.68,1.5319361155621074
2011-07-15,26.17,55.73,21.5,27.43,14.28,2.39,40.36508,0.07989,12.2721149996262,13.15,1.1352686103341736
2012-07-15,22.72,48.69,20.82,29.45,13.05,3.16,40.36508,0.07989,9.611034752274927,16.4,1.2620415697142315
2013-07-15,28.12,54.79,23.41,30.19,16.9,2.04,40.36508,0.07989,13.785719941010843,13.290000000000003,1.3019875166576633
2014-07-15,27.65,60.87,23.35,31.2,16.94,2.6,40.36508,0.07989,15.361128905220117,14.259999999999998,1.1228213868193424
2015-07-15,26.97,53.5,26.47,32.16,21.42,2.45,40.36508,0.07989,16.248220632823877,10.739999999999995,1.60702633745225
2016-07-15,29.64,55.5,19.13,27.16,12.18,2.92,40.36508,0.07989,10.005314768827045,14.98,0.9857987857450297
2017-07-15,25.82,58.88,24.74,31.4,18.71,1.77,40.36508,0.07989,16.144319236622447,12.689999999999998,1.282552703489832
2018-07-15,27.47,37.4,26.2,33.71,18.72,2.75,40.36508,0.07989,10.506998065290434,14.990000000000002,2.129268017569687
2019-07-15,29.58,43.68,23.09,30.19,16.12,4.32,40.36508,0.07989,10.053348770399529,14.07,1.5909089964949117
2020-07-15,27.35,48.12,20.92,27.28,14.07,3.74,40.36508,0.07989,9.527093511575286,13.21,1.2839317250425828
2010-07-15,31.45,38.66,22.57,31.35,13.6,2.56,40.73827,-1.00363,7.778688303740498,17.75,1.6789944501108978
2011-07-15,27.57,49.46,19.33,26.72,10.92,1.6,40.73827,-1.00363,8.478524963568793,15.799999999999999,1.133633429590613
2012-07-15,28.6,51.56,18.43,28.95,9.37,2.67,40.73827,-1.00363,8.26408011504489,19.58,1.0271498060971855
2013-07-15,25.18,52.49,21.15,29.22,12.34,1.45,40.73827,-1.00363,11.040535524397669,16.88,1.1925068452207814
2014-07-15,27.79,48.04,22.62,31.45,12.82,1.91,40.73827,-1.00363,11.055080014171866,18.63,1.426566840811091
2015-07-15,26.17,32.84,27.1,35.43,18.58,1.53,40.73827,-1.00363,9.354494544774425,16.85,2.408566176361369
2016-07-15,31.69,45.1,17.09,27.87,5.9,1.72,40.73827,-1.00363,5.090512192291125,21.97,1.0698960287320363
2017-07-15,28.92,49.26,23.36,33.46,13.64,1.44,40.73827,-1.00363,12.111367746283694,19.82,1.4568446908021981
2018-07-15,29.5,33.3,21.42,29.2,13.15,3.17,40.73827,-1.00363,4.601933055848671,16.049999999999997,1.7021131181956166
2019-07-15,30.33,49.12,19.25,27.09,11.07,3.21,40.73827,-1.00363,8.303403342255864,16.02,1.1355908011375873
2020-07-15,28.19,54.49,16.82,24.12,9.53,2.67,40.73827,-1.00363,7.586380662061832,14.590000000000002,0.8718513917610754
2010-07-15,25.74,60.13,25.36,32.25,19.76,3.18,40.86232,0.57098,17.05601712963314,12.489999999999998,1.290330526423793
2011-07-15,26.17,59.4,23.23,30.16,16.28,2.63,40.86232,0.57098,14.867907362363212,13.879999999999999,1.156596092088828
2012-07-15,22.72,44.51,22.93,29.27,16.41,3.82,40.86232,0.57098,10.190394142532497,12.86,1.5523686664418568
2013-07-15,28.12,55.85,25.75,32.0,20.18,1.86,40.86232,0.57098,16.256371796719325,11.82,1.4622841011815704
2014-07-15,27.65,68.35,24.54,31.12,19.54,2.17,40.86232,0.57098,18.31652786201694,11.580000000000002,0.9754563020558664
2015-07-15,26.97,64.66,26.65,31.63,21.79,2.43,40.86232,0.57098,19.430207909639446,9.84,1.2343493451209988
2016-07-15,29.64,54.15,22.07,28.62,16.2,2.25,40.86232,0.57098,12.363337779729068,12.420000000000002,1.217424266673424
2017-07-15,25.82,58.37,26.36,33.65,19.67,2.53,40.86232,0.57098,17.52151710412905,13.979999999999997,1.4294248540988503
2018-07-15,27.47,55.27,27.16,34.7,20.88,2.42,40.86232,0.57098,17.400731861387733,13.820000000000004,1.6098077840787286
2019-07-15,29.58,49.52,25.47,32.41,18.9,2.54,40.86232,0.57098,14.124075703259125,13.509999999999998,1.644412152197374
2020-07-15,27.35,53.06,22.94,29.61,16.2,4.91,40.86232,0.57098,12.858068437564457,13.41,1.3139717838490774
2010-07-15,31.73,39.25,21.51,30.38,11.88,1.93,40.92142,-3.0692,7.056354136545974,18.5,1.55883846341958
2011-07-15,30.16,50.39,19.56,27.76,9.8,2.05,40.92142,-3.0692,8.96530121227347,17.96,1.1287992958812776
2013-07-15,26.59,50.76,22.48,30.41,14.92,2.43,40.92142,-3.0692,11.759345919104497,15.49,1.3404504551434402
2014-07-15,29.39,46.05,24.11,33.11,13.72,1.99,40.92142,-3.0692,11.772235208810198,19.39,1.6204828920969263
2015-07-15,28.91,32.29,27.13,36.64,16.47,2.13,40.92142,-3.0692,9.129687504676081,20.17,2.432564759031542
2016-07-15,31.27,42.44,17.81,28.72,7.37,3.23,40.92142,-3.0692,4.869717583885478,21.349999999999998,1.1739133104103399
2017-07-15,30.33,48.68,22.81,33.6,12.35,2.73,40.92142,-3.0692,11.428496978367473,21.25,1.4253170719175967
2018-07-15,29.56,46.19,20.59,27.79,13.1,2.45,40.92142,-3.0692,8.619008463081501,14.69,1.3049234898485946
2019-07-15,29.66,41.44,22.72,32.02,13.45,2.7,40.92142,-3.0692,8.936833866026397,18.570000000000004,1.617549270051407
2020-07-15,29.61,49.19,19.48,28.07,10.75,2.9,40.92142,-3.0692,8.535247391675425,17.32,1.1503710030629004
2010-07-15,31.82,41.68,20.37,30.49,10.47,1.67,40.97913,-4.85813,6.912142953138803,20.019999999999996,1.395234106830038
2011-07-15,30.33,39.5,21.6,30.53,11.26,1.57,40.97913,-4.85813,7.229346105076592,19.270000000000003,1.5609923992517463
2012-07-15,30.7,42.12,18.71,26.88,9.66,2.5,40.97913,-4.85813,5.571558080722216,17.22,1.2490220039346778
2013-07-15,24.76,56.74,22.32,29.91,14.87,1.69,40.97913,-4.85813,13.31004814115737,15.040000000000001,1.1662641433532313
2014-07-15,29.47,34.36,25.92,35.21,14.83,1.39,40.97913,-4.85813,8.996005769959037,20.380000000000003,2.1960360664113554
2015-07-15,28.14,26.29,28.72,37.5,19.1,1.11,40.97913,-4.85813,7.463057704074906,18.4,2.9051441112538066
2016-07-15,31.24,41.03,19.82,30.23,9.93,2.14,40.97913,-4.85813,6.189991146393583,20.3,1.3635948766901915
2017-07-15,30.92,45.88,24.05,34.51,13.67,2.1,40.97913,-4.85813,11.661721565637041,20.839999999999996,1.6197489619857588
2018-07-15,27.85,53.61,20.55,27.43,14.11,2.57,40.97913,-4.85813,10.803640087898613,13.32,1.1222143448228317
2019-07-15,29.65,42.41,24.01,31.97,16.02,2.18,40.97913,-4.85813,10.44015750669672,15.95,1.719469787999505
2020-07-15,29.96,49.7,20.04,28.0,12.14,3.49,40.97913,-4.85813,9.20162699505578,15.86,1.1790709281435727
2010-07-15,31.88,43.68,19.81,29.55,9.89,1.82,40.99443,-5.5754,7.091218340175211,19.66,1.3015104264053599
2011-07-15,30.63,37.23,22.12,31.27,11.49,1.73,40.99443,-5.5754,6.82811211402681,19.78,1.6717730526504357
2012-07-15,31.29,42.23,18.96,27.29,10.01,2.69,40.99443,-5.5754,5.834259622782459,17.28,1.2662697408806913
2013-07-15,24.75,59.17,22.12,29.69,14.74,1.9,40.99443,-5.5754,13.767993957998897,14.950000000000001,1.0874381669542343
2014-07-15,30.99,30.71,26.28,35.57,15.61,1.73,40.99443,-5.5754,7.653236550117894,19.96,2.367972428217966
2015-07-15,28.7,27.14,28.55,37.94,18.39,1.55,40.99443,-5.5754,7.785330282166947,19.549999999999997,2.8434927504554315
2016-07-15,31.15,39.65,20.08,30.2,10.51,3.03,40.99443,-5.5754,5.927506802315589,19.689999999999998,1.4181562444907996
2017-07-15,31.57,44.41,24.14,34.9,13.43,2.89,40.99443,-5.5754,11.2507849259857,21.47,1.6727496431827478
2018-07-15,28.84,58.73,19.93,26.37,13.91,3.06,40.99443,-5.5754,11.602913719114918,12.46,0.9608350204484866
2019-07-15,29.61,42.11,24.48,32.92,15.92,2.1,40.99443,-5.5754,10.755845584838214,17.0,1.777786914785804
2020-07-15,29.81,46.81,20.64,28.92,11.92,4.37,40.99443,-5.5754,8.861780938358041,17.0,1.2938676281308361
2010-07-15,31.26,40.18,20.39,29.96,10.68,1.52,41.2211,-4.41308,6.396961979852239,19.28,1.432887433873827
2011-07-15,30.23,44.25,20.24,28.92,10.35,1.74,41.2211,-4.41308,7.669760595631276,18.57,1.323085115871194
2012-07-15,30.38,41.99,18.37,26.62,9.31,2.52,41.2211,-4.41308,5.22104367034713,17.310000000000002,1.2254602428776045
2013-07-15,22.49,55.27,21.89,29.05,14.53,2.03,41.2211,-4.41308,12.508356206964637,14.520000000000001,1.174724448967327
2014-07-15,29.63,40.08,24.88,33.81,13.8,1.55,41.2211,-4.41308,10.37213911904592,20.01,1.884607072480665
2015-07-15,28.99,30.15,27.55,36.3,17.56,1.49,41.2211,-4.41308,8.477970681655648,18.74,2.571885665151343
2016-07-15,31.55,42.79,18.63,28.88,8.59,2.0,41.2211,-4.41308,5.727141589169433,20.29,1.2284016241810856
2017-07-15,30.6,45.14,24.05,33.98,13.6,1.94,41.2211,-4.41308,11.415660018298414,20.379999999999995,1.6418963055162368
2018-07-15,27.42,52.1,20.24,26.73,14.01,2.08,41.2211,-4.41308,10.088518230453614,12.72,1.1367852385691515
2019-07-15,29.72,42.51,23.18,30.79,15.12,2.33,41.2211,-4.41308,9.728994155868296,15.67,1.632813809722565
2020-07-15,29.97,51.63,19.29,26.86,11.97,3.17,41.2211,-4.41308,9.077186971915438,14.889999999999999,1.0822618280518383
2010-07-15,31.3,44.78,20.64,30.1,10.98,1.9,41.58075,-2.86887,8.206957584229635,19.12,1.343248174946132
2011-07-15,29.28,55.78,18.37,26.59,8.49,1.88,41.58075,-2.86887,9.373095590709184,18.1,0.9341467322883584
2012-07-15,29.34,49.03,17.77,26.78,8.68,2.4,41.58075,-2.86887,6.919750657907292,18.1,1.0368974326342115
2013-07-15,21.9,60.88,21.0,28.46,14.07,2.33,41.58075,-2.86887,13.154670980896364,14.39,0.972916511412832
2014-07-15,27.98,55.12,22.62,32.36,12.4,2.05,41.58075,-2.86887,13.144812807891762,19.96,1.2321847539569237
2015-07-15,27.41,38.3,26.15,36.45,15.32,2.31,41.58075,-2.86887,10.820018426375873,21.130000000000003,2.092469941248355
2016-07-15,31.74,49.76,16.55,27.41,5.67,2.59,41.58075,-2.86887,6.014606780970003,21.740000000000002,0.946097393363119
2017-07-15,30.03,50.06,22.11,32.84,11.53,2.35,41.58075,-2.86887,11.209432853183685,21.310000000000002,1.329257915558109
2018-07-15,29.29,56.11,19.84,26.96,12.14,2.08,41.58075,-2.86887,10.83006145679048,14.82,1.0161509002310443
2019-07-15,30.32,47.39,20.9,30.02,11.63,2.05,41.58075,-2.86887,9.28145402864776,18.39,1.3003982204759723
2020-07-15,29.54,58.51,17.44,25.82,8.78,2.4,41.58075,-2.86887,9.214796343801336,17.04,0.8266570289463991
2010-07-15,31.29,45.53,20.29,29.11,11.0,1.66,41.65781,-5.10557,8.134099660038128,18.11,1.2967066130254679
2011-07-15,30.06,46.39,21.28,29.86,10.78,1.44,41.65781,-5.10557,9.310654743150046,19.08,1.3563875992135381
2012-07-15,30.43,46.32,18.92,27.02,10.51,2.72,41.65781,-5.10557,7.140800614405782,16.509999999999998,1.1736864503556703
2013-07-15,25.99,62.49,21.84,28.55,15.58,2.74,41.65781,-5.10557,14.347710002353692,12.97,0.9821079969556922
2014-07-15,30.38,43.39,25.31,34.67,14.41,1.51,41.65781,-5.10557,11.95491235643879,20.26,1.8266601066367743
2015-07-15,28.73,35.58,27.56,37.16,17.36,1.59,41.65781,-5.10557,10.956026891596489,19.799999999999997,2.373338529824593
2016-07-15,31.3,44.59,18.82,29.16,8.97,3.34,41.65781,-5.10557,6.495582690048823,20.189999999999998,1.2039697017167394
2017-07-15,30.84,47.96,22.92,33.69,12.58,3.67,41.65781,-5.10557,11.303826814828529,21.11,1.4549718818584243
2018-07-15,29.06,57.36,20.91,27.03,14.82,2.87,41.65781,-5.10557,12.160993029105223,12.21,1.054610813459975
2019-07-15,29.14,47.16,22.85,31.25,14.47,2.71,41.65781,-5.10557,10.986248744739024,16.78,1.4710916814593664
2020-07-15,29.75,52.69,19.72,27.83,11.35,4.03,41.65781,-5.10557,9.776492470753286,16.479999999999997,1.0872113121673594
2010-07-15,29.59,51.57,26.22,34.63,18.86,2.52,41.74448,0.71416,15.44234007597196,15.770000000000003,1.6492371310697087
2011-07-15,29.43,58.41,22.65,30.52,14.69,1.84,41.74448,0.71416,14.064665720452394,15.83,1.1439371283156023
2012-07-15,27.96,40.11,21.77,28.34,14.2,3.76,41.74448,0.71416,7.605457458701676,14.14,1.5613876517003662
2013-07-15,28.22,55.93,25.8,33.06,18.74,1.23,41.74448,0.71416,16.325331145441375,14.320000000000004,1.463962444243112
2014-07-15,28.78,60.63,25.31,33.95,18.04,2.28,41.74448,0.71416,17.140063027379,15.910000000000004,1.2703693410756012
2015-07-15,26.98,53.17,27.89,34.27,21.98,2.75,41.74448,0.71416,17.462012596446943,12.290000000000003,1.7588354749464719
2016-07-15,30.81,38.49,22.34,30.63,13.24,1.4,41.74448,0.71416,7.509510210381525,17.39,1.6602909829009183
2017-07-15,29.25,51.27,26.71,35.27,18.57,1.8,41.74448,0.71416,15.801736380419836,16.700000000000003,1.7080492837186738
2018-07-15,28.31,53.87,27.3,36.44,18.97,2.24,41.74448,0.71416,17.12411248077949,17.47,1.6738611151569698
2019-07-15,29.9,44.91,25.22,32.97,17.9,1.99,41.74448,0.71416,12.397349878563755,15.07,1.768128638758423
2020-07-15,27.27,56.81,23.18,30.22,16.39,2.73,41.74448,0.71416,14.13043515158638,13.829999999999998,1.2266694806386778
2010-07-15,31.29,50.75,19.71,28.95,10.06,1.87,41.82753,-5.74309,9.208873688961566,18.89,1.1310916911523903
2011-07-15,30.06,53.59,20.4,29.87,10.07,1.85,41.82753,-5.74309,10.659138619101101,19.8,1.1123597114877004
2012-07-15,30.43,47.27,18.48,27.12,9.68,2.17,41.82753,-5.74309,7.036096585657912,17.44,1.121625612171398
2013-07-15,25.99,66.45,20.44,27.13,14.06,3.02,41.82753,-5.74309,13.971637119308863,13.069999999999999,0.8061169759958433
2014-07-15,30.38,49.54,24.39,34.02,13.97,1.51,41.82753,-5.74309,13.141205486535904,20.050000000000004,1.541292762875654
2015-07-15,28.73,39.49,26.26,36.57,16.25,1.96,41.82753,-5.74309,11.379172240736956,20.32,2.065479215006094
2016-07-15,31.3,50.11,17.61,27.69,8.51,3.3,41.82753,-5.74309,7.0906826407214245,19.18,1.0047428670148286
2017-07-15,30.84,46.12,22.22,33.09,12.17,3.83,41.82753,-5.74309,10.078300565418433,20.92,1.4437646546062608
2018-07-15,29.06,64.62,20.23,25.74,14.29,2.13,41.82753,-5.74309,13.342566548773585,11.45,0.8391360719835347
2019-07-15,29.14,48.23,22.17,30.92,13.93,2.31,41.82753,-5.74309,10.703461072499493,16.990000000000002,1.3830103328427787
2020-07-15,29.75,55.17,19.83,28.54,10.82,3.36,41.82753,-5.74309,10.566820729304222,17.72,1.037270862642517
2010-07-15,30.14,47.63,19.9,27.72,10.36,1.77,41.84807,-3.87632,8.443667703239568,17.36,1.2169980265131586
2011-07-15,30.22,58.95,17.92,25.86,8.44,1.69,41.84807,-3.87632,9.776042667836862,17.42,0.8430150809823131
2012-07-15,30.47,55.33,16.33,24.35,8.83,2.95,41.84807,-3.87632,7.35484313324264,15.520000000000001,0.829507940553717
2013-07-15,19.53,68.92,19.86,26.03,13.62,2.68,41.84807,-3.87632,13.982217157638644,12.410000000000002,0.7204634346158704
2014-07-15,29.65,55.07,22.48,31.56,12.05,1.96,41.84807,-3.87632,13.00092085270984,19.509999999999998,1.2231202061249953
2015-07-15,28.9,44.13,25.69,35.74,15.17,2.32,41.84807,-3.87632,12.555003656320807,20.57,1.8438945224830814
2016-07-15,31.78,53.8,16.37,27.27,5.35,2.81,41.84807,-3.87632,6.982413296487695,21.92,0.8601082324591532
2017-07-15,30.52,52.25,21.2,31.82,11.05,3.5,41.84807,-3.87632,11.01762761127853,20.77,1.2022124899731164
2018-07-15,27.35,61.8,19.87,25.53,13.99,1.87,41.84807,-3.87632,12.320211264806218,11.540000000000001,0.886060588559623
2019-07-15,30.36,52.47,19.66,28.01,11.13,2.65,41.84807,-3.87632,9.658657813760495,16.880000000000003,1.0882079425015294
2020-07-15,30.01,64.72,16.44,23.88,8.87,3.35,41.84807,-3.87632,9.77392868010311,15.01,0.659743773156111
2010-07-15,30.6,46.79,24.62,34.51,15.32,2.34,41.86077,-1.07946,12.478081596303685,19.189999999999998,1.6477962804657802
2011-07-15,29.02,52.08,21.0,29.24,11.89,2.34,41.86077,-1.07946,10.784017857002604,17.349999999999998,1.191772986372774
2012-07-15,29.02,55.3,18.5,25.66,11.62,3.95,41.86077,-1.07946,9.365540869106066,14.040000000000001,0.9520104545671259
2013-07-15,26.35,63.62,23.99,30.83,17.13,1.37,41.86077,-1.07946,16.657019729438282,13.7,1.0848977792562176
2014-07-15,28.78,60.03,23.13,32.1,13.61,1.59,41.86077,-1.07946,14.938141877846615,18.490000000000002,1.131792130988358
2015-07-15,28.0,45.63,28.26,37.86,18.78,1.68,41.86077,-1.07946,15.39444927899958,19.08,2.086466202087
2016-07-15,31.21,47.68,19.76,29.52,9.82,2.31,41.86077,-1.07946,8.33131035936363,19.7,1.205330895317135
2017-07-15,29.75,52.83,23.56,32.68,14.49,3.4,41.86077,-1.07946,13.364256690396036,18.189999999999998,1.3707673106876346
2018-07-15,28.56,53.4,25.65,34.31,17.9,1.67,41.86077,-1.07946,15.46114702511743,16.410000000000004,1.5343125235757922
2019-07-15,30.29,49.81,22.61,30.09,15.16,4.23,41.86077,-1.07946,11.59250333867281,14.93,1.3771356471107477
2020-07-15,28.69,61.16,19.25,26.48,13.35,4.93,41.86077,-1.07946,11.57830537768275,13.13,0.8668700219375766
2010-07-15,30.06,45.91,25.4,32.55,17.57,1.66,41.86705,-0.05219,12.896658414142761,14.979999999999997,1.7547024466200285
2011-07-15,29.59,45.67,22.23,29.58,14.66,1.58,41.86705,-0.05219,9.940823016933939,14.919999999999998,1.4567089014285357
2012-07-15,29.17,41.03,20.16,27.73,12.1,3.66,41.86705,-0.05219,6.494931288321534,15.63,1.3926008466905981
2013-07-15,27.14,58.59,24.51,30.3,18.4,0.89,41.86705,-0.05219,15.851785192168892,11.900000000000002,1.2739736630584564
2014-07-15,28.17,53.0,25.03,33.54,16.98,1.8,41.86705,-0.05219,14.771338646152543,16.56,1.4915181257402077
2015-07-15,27.32,40.66,29.04,36.51,21.81,2.55,41.86705,-0.05219,14.303969609917786,14.7,2.382469155299493
2016-07-15,30.95,34.19,21.13,30.22,11.09,1.52,41.86705,-0.05219,4.725357612226072,19.13,1.6498132718102645
2017-07-15,29.49,39.29,26.82,35.18,18.51,1.58,41.86705,-0.05219,11.800732461156354,16.669999999999998,2.1417653335892197
2018-07-15,27.88,50.24,26.08,33.59,18.15,1.43,41.86705,-0.05219,14.906736136502731,15.440000000000005,1.6805789160560392
2019-07-15,29.8,41.67,23.76,32.22,15.64,1.9,41.86705,-0.05219,9.952127833877151,16.58,1.7156033598783458
2020-07-15,27.97,51.01,22.88,29.64,17.29,2.33,41.86705,-0.05219,12.20175820567605,12.350000000000001,1.36638544291085
2010-07-15,26.0,62.02,23.8,30.26,17.25,0.78,41.90971,2.24778,16.07728119783557,13.010000000000002,1.1197583790473877
2011-07-15,24.86,69.35,19.38,24.16,14.28,0.79,41.90971,2.24778,13.619517423492455,9.88,0.689634299249372
2012-07-15,25.97,60.92,19.86,26.18,14.11,0.64,41.90971,2.24778,12.092605560012334,12.07,0.9059109081334691
2013-07-15,27.07,57.47,24.11,28.64,18.7,0.67,41.90971,2.24778,15.176728797841315,9.940000000000001,1.2774631584964276
2014-07-15,25.51,66.02,22.01,28.56,15.12,0.69,41.90971,2.24778,15.362395920932903,13.44,0.8989555587546668
2015-07-15,23.82,46.04,25.73,33.23,18.79,0.59,41.90971,2.24778,13.239387938163189,14.439999999999998,1.7850834367748731
2016-07-15,29.97,40.72,20.0,29.42,11.17,0.9,41.90971,2.24778,6.241445797396341,18.25,1.38613313740579
2017-07-15,26.93,48.65,24.46,32.78,15.39,0.72,41.90971,2.24778,12.927621088805125,17.39,1.5750600954475629
2018-07-15,27.35,53.26,25.44,33.02,18.23,0.86,41.90971,2.24778,15.226160264497192,14.790000000000003,1.5198707535683418
2019-07-15,27.46,43.27,22.65,31.39,14.19,0.71,41.90971,2.24778,9.515722789699234,17.200000000000003,1.5603643493470571
2020-07-15,21.17,83.02,18.05,21.91,14.23,0.59,41.90971,2.24778,15.118947403784649,7.68,0.35156868594483864
2010-07-15,25.99,62.4,25.12,29.14,21.12,4.05,42.16169,2.87706,17.417091049199573,8.02,1.1996246798046981
2011-07-15,23.98,66.19,22.01,25.29,17.85,3.0,42.16169,2.87706,15.402521140188352,7.439999999999998,0.8944581354177543
2012-07-15,23.35,60.17,21.02,24.56,16.86,3.52,42.16169,2.87706,12.99375262439433,7.699999999999999,0.9917918127195866
2013-07-15,24.3,63.31,25.66,28.99,22.12,2.47,42.16169,2.87706,18.156539741981693,6.869999999999997,1.2087403690289624
2014-07-15,26.64,65.58,23.27,26.86,19.25,2.57,42.16169,2.87706,16.453306713707413,7.609999999999999,0.9829133988294465
2015-07-15,26.31,54.66,26.44,29.83,22.63,2.54,42.16169,2.87706,16.557853336858944,7.199999999999999,1.5641702782039304
2016-07-15,30.83,46.95,21.67,27.34,15.97,5.61,42.16169,2.87706,9.844402506632617,11.37,1.3746400580421656
2017-07-15,30.08,49.08,25.63,30.73,19.76,4.7,42.16169,2.87706,14.132614599776945,10.969999999999999,1.6745628258390366
2018-07-15,28.6,67.73,26.19,30.32,22.14,3.26,42.16169,2.87706,19.741704446709306,8.18,1.0969797615562236
2019-07-15,30.14,48.38,25.16,30.22,20.01,4.49,42.16169,2.87706,13.481750671557506,10.209999999999997,1.6508560251116018
2020-07-15,14.64,72.64,21.49,23.83,19.12,1.92,42.16169,2.87706,16.362356751939735,4.709999999999997,0.7011960445289331
2010-07-15,30.32,58.6,17.21,26.58,8.31,1.07,42.19387,-7.78684,9.022169950483269,18.269999999999996,0.8129584178764868
2011-07-15,25.87,47.43,20.65,30.08,10.75,1.05,42.19387,-7.78684,9.06591839421695,19.33,1.2795737781235341
2012-07-15,29.36,53.52,17.13,26.37,8.26,1.14,42.19387,-7.78684,7.610694231512144,18.11,0.9081033606858363
2013-07-15,24.34,56.97,22.0,29.25,15.09,0.95,42.19387,-7.78684,13.07378552779855,14.16,1.1376835920082107
2014-07-15,28.75,50.2,23.76,33.03,14.46,0.89,42.19387,-7.78684,12.766150428550462,18.57,1.4647187951644374
2015-07-15,26.42,36.83,26.3,36.67,16.75,1.02,42.19387,-7.78684,10.36502246452989,19.92,2.1613708156860367
2016-07-15,29.41,40.16,21.14,31.3,11.41,1.31,42.19387,-7.78684,7.060468348614114,19.89,1.5010700898901042
2017-07-15,30.11,35.42,25.58,36.41,14.86,1.23,42.19387,-7.78684,9.148413234128228,21.549999999999997,2.1175008494248977
2018-07-15,12.99,76.31,18.05,22.6,14.16,1.11,42.19387,-7.78684,13.813494227960897,8.440000000000001,0.49049836101491306
2019-07-15,25.32,49.03,22.72,31.78,14.06,0.94,42.19387,-7.78684,11.454477926340411,17.72,1.407897648471998
2020-07-15,29.34,44.73,22.41,32.28,12.23,1.05,42.19387,-7.78684,9.793489107839967,20.05,1.4982199117686275
2010-07-15,30.25,59.57,21.55,30.66,13.26,1.78,42.27149,-1.97541,13.337401223529708,17.4,1.0399710712723562
2011-07-15,29.1,62.88,18.7,26.58,10.07,1.72,42.27149,-1.97541,11.479414928511657,16.509999999999998,0.8005306550040857
2012-07-15,24.63,66.07,16.32,22.73,10.63,2.85,42.27149,-1.97541,9.968233828696995,12.1,0.6296682089121413
2013-07-15,25.83,78.96,20.75,26.17,14.66,1.38,42.27149,-1.97541,16.962498273480808,11.510000000000002,0.5152843203975244
2014-07-15,29.51,74.26,20.18,28.03,12.04,1.4,42.27149,-1.97541,15.447406002690826,15.990000000000002,0.6086127426516836
2015-07-15,28.36,64.27,24.02,33.56,15.2,1.81,42.27149,-1.97541,16.845703740881348,18.360000000000003,1.0674342409289688
2016-07-15,30.95,61.23,17.04,25.6,8.75,2.48,42.27149,-1.97541,9.514796563261713,16.85,0.7531641329377003
2018-07-15,27.29,72.77,22.65,30.17,16.44,1.38,42.27149,-1.97541,17.505180100587964,13.73,0.7489638856464017
2019-07-15,29.97,61.13,20.08,26.79,13.92,2.93,42.27149,-1.97541,12.351934410303867,12.87,0.9134007162113896
2020-07-15,21.96,73.96,16.89,22.87,11.39,3.09,42.27149,-1.97541,12.214706408285865,11.48,0.5010780237664967
2010-07-15,31.05,54.46,18.71,27.72,8.97,1.65,42.4113,-5.68645,9.33307539426951,18.75,0.9827308579679549
2011-07-15,28.95,59.98,18.45,27.78,8.92,1.72,42.4113,-5.68645,10.532510023555988,18.86,0.8496713980876757
2012-07-15,30.64,54.07,16.35,25.24,7.3,2.21,42.4113,-5.68645,7.036883873597751,17.939999999999998,0.8539930791495371
2013-07-15,24.47,67.57,18.82,25.4,11.89,2.34,42.4113,-5.68645,12.686568042037955,13.509999999999998,0.704651460506657
2014-07-15,29.74,53.44,22.96,32.2,12.99,1.62,42.4113,-5.68645,12.98574897388215,19.21,1.30491278569383
2015-07-15,28.78,41.27,24.91,34.4,15.2,1.8,42.4113,-5.68645,10.838403670763157,19.2,1.85048556287459
2016-07-15,31.46,52.8,16.17,25.88,6.74,2.32,42.4113,-5.68645,6.524000436272146,19.14,0.8675948524238387
2017-07-15,31.24,43.44,21.26,32.07,10.71,2.79,42.4113,-5.68645,8.319894358393013,21.36,1.429272348888058
2018-07-15,24.81,71.33,18.83,24.02,12.86,1.58,42.4113,-5.68645,13.525931424018108,11.16,0.6233420337192734
2019-07-15,29.7,49.07,20.99,30.12,11.96,1.58,42.4113,-5.68645,9.882637997318467,18.16,1.2658540360026238
2020-07-15,29.68,58.24,18.45,27.21,9.96,2.95,42.4113,-5.68645,10.091403959839154,17.25,0.8866136327871398
2010-07-15,30.53,58.69,18.67,25.92,11.41,1.97,42.41262,-4.67343,10.412644553218348,14.510000000000002,0.8892223407648988
2011-07-15,29.22,67.47,16.95,24.65,7.74,1.69,42.41262,-4.67343,10.882316410919909,16.909999999999997,0.628348821916377
2012-07-15,29.87,59.33,15.71,23.99,9.27,2.52,42.41262,-4.67343,7.798348442427228,14.719999999999999,0.7259099587173097
2013-07-15,24.04,76.8,18.07,23.65,12.01,3.36,42.41262,-4.67343,13.931524606517831,11.639999999999999,0.4809571290902667
2014-07-15,29.97,59.64,21.59,30.95,12.51,1.76,42.41262,-4.67343,13.39294256263584,18.439999999999998,1.040713128282184
2015-07-15,28.86,57.72,23.3,34.06,13.48,2.29,42.41262,-4.67343,14.488213094406952,20.580000000000002,1.209555173631949
2016-07-15,31.5,61.87,14.5,23.52,6.38,3.68,42.41262,-4.67343,7.273858380481873,17.14,0.6296098640091852
2017-07-15,30.93,61.61,18.26,27.3,9.98,4.39,42.41262,-4.67343,10.756621291676089,17.32,0.805412025757282
2018-07-15,24.38,72.13,19.24,24.34,14.19,1.6,42.41262,-4.67343,14.091269177927977,10.15,0.6216433707491713
2019-07-15,30.37,59.28,18.35,26.06,10.66,2.89,42.41262,-4.67343,10.262642024906423,15.399999999999999,0.8591312741881101
2020-07-15,29.71,70.02,15.9,22.88,9.66,3.55,42.41262,-4.67343,10.43684396559774,13.219999999999999,0.5416501976840193
2010-07-15,30.25,59.57,21.55,30.66,13.26,1.78,42.4273,-1.73358,13.337401223529708,17.4,1.0399710712723562
2011-07-15,29.1,62.88,18.7,26.58,10.07,1.72,42.4273,-1.73358,11.479414928511657,16.509999999999998,0.8005306550040857
2012-07-15,24.63,66.07,16.32,22.73,10.63,2.85,42.4273,-1.73358,9.968233828696995,12.1,0.6296682089121413
2013-07-15,25.83,78.96,20.75,26.17,14.66,1.38,42.4273,-1.73358,16.962498273480808,11.510000000000002,0.5152843203975244
2014-07-15,29.51,74.26,20.18,28.03,12.04,1.4,42.4273,-1.73358,15.447406002690826,15.990000000000002,0.6086127426516836
2015-07-15,28.36,64.27,24.02,33.56,15.2,1.81,42.4273,-1.73358,16.845703740881348,18.360000000000003,1.0674342409289688
2016-07-15,30.95,61.23,17.04,25.6,8.75,2.48,42.4273,-1.73358,9.514796563261713,16.85,0.7531641329377003
2018-07-15,27.29,72.77,22.65,30.17,16.44,1.38,42.4273,-1.73358,17.505180100587964,13.73,0.7489638856464017
2019-07-15,29.97,61.13,20.08,26.79,13.92,2.93,42.4273,-1.73358,12.351934410303867,12.87,0.9134007162113896
2020-07-15,21.96,73.96,16.89,22.87,11.39,3.09,42.4273,-1.73358,12.214706408285865,11.48,0.5010780237664967
2010-07-15,25.72,69.94,16.56,23.43,9.61,0.09,42.72535,-8.29535,11.051446044509973,13.82,0.5664366925798588
2011-07-15,26.54,57.45,19.67,28.77,11.11,0.04,42.72535,-8.29535,11.0269118371275,17.66,0.9747947544199661
2012-07-15,29.35,65.24,16.41,24.4,8.94,0.06,42.72535,-8.29535,9.864900637996074,15.459999999999999,0.648779444492909
2013-07-15,25.64,57.47,23.51,31.72,15.18,0.14,42.72535,-8.29535,14.616931908957463,16.54,1.2322114235428447
2014-07-15,29.85,63.09,22.54,31.76,13.74,0.07,42.72535,-8.29535,15.15656998108987,18.020000000000003,1.0084602732937946
2015-07-15,28.98,51.78,24.18,35.14,14.54,0.04,42.72535,-8.29535,13.627475596719309,20.6,1.454463720962073
2016-07-15,30.44,51.51,21.55,31.86,12.32,0.09,42.72535,-8.29535,11.125302276004183,19.54,1.2472964938411217
2017-07-15,29.94,44.72,24.36,36.43,13.7,0.04,42.72535,-8.29535,11.554883562998825,22.73,1.6854898789796753
2018-07-15,13.65,83.8,17.44,21.46,13.61,0.05,42.72535,-8.29535,14.667835786939387,7.850000000000001,0.3227728095669238
2019-07-15,22.11,58.18,21.67,30.14,13.78,0.09,42.72535,-8.29535,13.087656079462288,16.36,1.0836465075838524
2020-07-15,29.49,53.75,20.88,29.71,13.66,0.06,42.72535,-8.29535,11.148523464033122,16.05,1.1417889116971525
2010-07-15,29.92,75.04,18.81,24.64,13.67,1.21,42.9655,-2.75258,14.288621746139636,10.97,0.5420017074227571
2011-07-15,28.84,69.35,17.32,23.47,11.23,0.92,42.9655,-2.75258,11.650447867961722,12.239999999999998,0.6060655550559704
2012-07-15,23.6,77.92,14.56,18.98,11.06,2.09,42.9655,-2.75258,10.750952610109369,7.92,0.3660055454566652
2013-07-15,22.03,82.69,19.52,24.7,14.17,1.04,42.9655,-2.75258,16.492645900895642,10.53,0.39288491390796454
2014-07-15,29.29,78.9,19.03,25.01,13.77,1.28,42.9655,-2.75258,15.280526357116361,11.240000000000002,0.46451847164132115
2015-07-15,28.1,81.54,20.69,27.44,15.15,1.51,42.9655,-2.75258,17.412975384113757,12.290000000000001,0.45043158361630736
2018-07-15,25.34,84.05,20.38,25.11,16.84,1.51,42.9655,-2.75258,17.591219500993596,8.27,0.3818196848823366
2019-07-15,29.99,69.24,18.58,24.18,13.2,1.66,42.9655,-2.75258,12.830640662656062,10.98,0.6584091646778999
2020-07-15,22.26,83.0,15.71,19.68,11.98,2.23,42.9655,-2.75258,12.828352115636534,7.699999999999999,0.3034292918169232
2010-07-15,24.05,77.97,17.11,21.02,11.83,0.87,43.08895,-8.59496,13.23398735407636,9.19,0.42986663492237526
2011-07-15,22.37,69.66,18.59,23.94,13.87,0.43,43.08895,-8.59496,12.932703455503058,10.070000000000002,0.6498257770391913
2012-07-15,28.75,75.36,16.03,21.04,11.69,0.7,43.08895,-8.59496,11.669693423443277,9.35,0.44888506661013045
2013-07-15,23.36,64.57,22.52,29.99,16.09,0.31,43.08895,-8.59496,15.499297611645911,13.899999999999999,0.9668489735444414
2014-07-15,27.5,76.57,20.26,26.76,14.74,0.65,43.08895,-8.59496,16.003897866389856,12.020000000000001,0.5567392480536555
2015-07-15,26.03,73.43,20.71,27.55,15.34,0.66,43.08895,-8.59496,15.782062198326111,12.21,0.6491177129367951
2016-07-15,30.11,65.15,19.53,27.35,12.29,0.6,43.08895,-8.59496,12.804206480889635,15.060000000000002,0.7914817466095129
2017-07-15,29.94,60.57,21.01,29.27,14.09,1.0,43.08895,-8.59496,13.085836128208577,15.18,0.9812287340917242
2018-07-15,11.09,87.88,17.41,20.46,14.96,0.31,43.08895,-8.59496,15.378036029957322,5.5,0.24102474804042018
2019-07-15,20.85,77.03,19.3,24.13,15.07,0.69,43.08895,-8.59496,15.1685199589058,9.059999999999999,0.5142657112379307
2020-07-15,24.16,67.75,18.99,24.62,14.62,0.99,43.08895,-8.59496,12.889221883035313,10.000000000000002,0.7082173575483227
2010-07-15,28.86,63.97,17.44,25.49,8.52,0.03,43.11323,-7.572,10.546951822662171,16.97,0.7178706375738434
2011-07-15,23.72,58.77,19.39,28.72,11.06,0.05,43.11323,-7.572,11.107489857664996,17.659999999999997,0.9282647086422998
2012-07-15,26.75,65.87,16.41,24.53,9.68,0.08,43.11323,-7.572,10.008464942080304,14.850000000000001,0.6370207836749994
2013-07-15,21.78,56.05,22.84,31.69,14.08,0.03,43.11323,-7.572,13.606226436472777,17.61,1.222848957453956
2014-07-15,17.16,62.23,22.63,32.28,13.57,0.01,43.11323,-7.572,15.027804186451682,18.71,1.0376082242611984
2015-07-15,18.43,58.3,23.42,32.91,14.92,0.03,43.11323,-7.572,14.75538025178321,17.989999999999995,1.2016284771727168
2016-07-15,30.44,50.03,20.14,31.68,9.97,0.03,43.11323,-7.572,9.391779944292482,21.71,1.1786037586754274
2017-07-15,27.36,54.39,21.1,31.96,11.87,0.01,43.11323,-7.572,11.53124765046609,20.090000000000003,1.1413094087785398
2018-07-15,14.24,81.57,18.31,22.79,14.3,0.01,43.11323,-7.572,15.098416586965477,8.489999999999998,0.38787129111705176
2019-07-15,24.19,60.56,20.91,29.5,13.92,0.03,43.11323,-7.572,12.9893393607579,15.58,0.975465536652472
2020-07-15,22.05,61.47,19.0,26.89,13.27,0.02,43.11323,-7.572,11.419415137475758,13.620000000000001,0.8466556476930931
2010-07-15,27.38,74.78,18.76,25.13,13.42,1.06,43.20135,-2.13431,14.186713044160104,11.709999999999999,0.5459390598868484
2011-07-15,26.13,71.51,17.02,23.13,11.31,0.76,43.20135,-2.13431,11.827973354144177,11.819999999999999,0.5527591825374882
2012-07-15,21.69,78.16,14.56,19.23,11.35,1.95,43.20135,-2.13431,10.797205085283016,7.880000000000001,0.3620272243103972
2013-07-15,25.12,83.88,19.64,24.97,14.02,0.86,43.20135,-2.13431,16.835145375866144,10.95,0.3686124228777877
2014-07-15,27.45,82.37,18.66,25.01,12.46,0.95,43.20135,-2.13431,15.592124469820106,12.55,0.3792589431318679
2015-07-15,23.08,81.74,20.58,27.75,14.69,1.38,43.20135,-2.13431,17.344559766707892,13.06,0.44254272710837966
2016-07-15,29.76,73.38,15.25,21.32,9.42,1.89,43.20135,-2.13431,10.515982133899458,11.9,0.4613215488021925
2017-07-15,24.79,78.17,17.94,23.49,13.48,2.33,43.20135,-2.13431,14.078442897601075,10.009999999999998,0.4488718353318702
2018-07-15,22.24,83.46,20.84,26.37,16.54,1.12,43.20135,-2.13431,17.929138650779425,9.830000000000002,0.40732529400096423
2019-07-15,28.66,72.73,18.28,23.18,13.67,1.76,43.20135,-2.13431,13.296354662696388,9.51,0.5728357590189253
2020-07-15,21.92,84.99,15.49,19.26,12.75,2.12,43.20135,-2.13431,12.975479811469715,6.510000000000002,0.2641600799877314
2010-07-15,27.38,68.86,20.91,23.93,18.53,2.74,43.30779,-2.99522,14.971200661933162,5.399999999999999,0.7701824749330117
2011-07-15,26.13,63.95,19.77,22.55,16.99,2.02,43.30779,-2.99522,12.747432504785165,5.560000000000002,0.8310232122179745
2012-07-15,21.69,74.13,17.35,18.79,16.19,4.49,43.30779,-2.99522,12.693012225544669,2.599999999999998,0.5125179072475128
2013-07-15,25.12,84.86,21.61,24.06,18.98,2.3,43.30779,-2.99522,18.948519509227776,5.079999999999998,0.3908740211295814
2014-07-15,27.45,75.69,20.64,22.96,18.19,3.31,43.30779,-2.99522,16.18981315552493,4.77,0.5913502921575601
2015-07-15,23.08,82.06,21.47,23.8,19.37,3.45,43.30779,-2.99522,18.274713705165805,4.43,0.4592130851141006
2016-07-15,29.76,65.34,18.97,21.51,15.92,4.64,43.30779,-2.99522,12.31741323530268,5.590000000000002,0.7601922475651393
2017-07-15,24.79,77.76,19.51,21.07,17.79,3.63,43.30779,-2.99522,15.519061768408374,3.280000000000001,0.5044675217666219
2018-07-15,22.24,83.53,22.32,23.98,20.78,3.7,43.30779,-2.99522,19.389404594267635,3.1999999999999993,0.4440215081143716
2019-07-15,28.66,72.16,21.15,23.18,19.26,2.97,43.30779,-2.99522,15.931731431099328,3.919999999999998,0.698787425193571
2020-07-15,21.92,79.86,18.6,19.97,17.57,4.4,43.30779,-2.99522,15.051048891748739,2.3999999999999986,0.43163099697411467
2010-07-15,27.94,69.69,20.31,24.22,17.41,2.41,43.42863,-3.89545,14.58403959431265,6.809999999999999,0.7224482049103366
2011-07-15,25.28,64.91,19.35,22.65,16.17,2.07,43.42863,-3.89545,12.57716621481245,6.479999999999997,0.7880635217236514
2012-07-15,22.33,74.84,16.79,18.54,15.29,4.29,43.42863,-3.89545,12.298295953815346,3.25,0.48108225227037293
2013-07-15,25.94,83.08,21.25,24.27,18.09,2.1,43.42863,-3.89545,18.25710076795764,6.18,0.42730671006181487
2014-07-15,27.39,73.1,20.78,23.85,17.5,3.45,43.42863,-3.89545,15.778899305984957,6.350000000000001,0.6600171480359659
2015-07-15,17.87,80.76,21.33,24.28,18.64,3.9,43.42863,-3.89545,17.883781810316496,5.640000000000001,0.48828540317013086
2016-07-15,29.54,66.97,18.26,21.56,14.8,5.01,43.42863,-3.89545,12.017435335703677,6.759999999999998,0.692960646281923
2019-07-15,28.77,70.34,20.92,23.54,18.47,2.7,43.42863,-3.89545,15.311923865664125,5.07,0.7340288158204126
2020-07-15,22.31,79.92,17.95,19.45,16.89,3.88,43.42863,-3.89545,14.430532678229374,2.5599999999999987,0.41314786796228903
2010-07-15,29.98,63.81,19.35,24.99,12.68,1.36,43.55671,-6.47065,12.31663735339099,12.309999999999999,0.8127677073576216
2011-07-15,23.84,74.32,17.96,22.59,13.72,0.99,43.55671,-6.47065,13.320199227387375,8.87,0.5287008302117473
2012-07-15,25.15,73.93,15.98,20.07,12.6,1.92,43.55671,-6.47065,11.331635163725355,7.470000000000001,0.47342212218644975
2013-07-15,24.38,82.73,19.36,23.89,14.18,1.68,43.55671,-6.47065,16.343991843358793,9.71,0.38809709147013405
2014-07-15,16.58,77.5,20.25,27.08,15.03,1.86,43.55671,-6.47065,16.183644286441538,12.049999999999999,0.534310562448154
2015-07-15,14.61,81.36,20.29,25.39,16.5,2.04,43.55671,-6.47065,16.988124322099786,8.89,0.44374171593160866
2016-07-15,30.66,66.52,17.73,23.71,12.07,3.08,43.55671,-6.47065,11.410984991947947,11.64,0.6793791207558206
2018-07-15,14.84,88.86,18.94,21.98,16.38,1.8,43.55671,-6.47065,17.05890021657172,5.600000000000001,0.2438748165637304
2019-07-15,26.68,73.18,19.33,24.39,13.74,1.86,43.55671,-6.47065,14.401247685295315,10.65,0.6015838658808909
2020-07-15,19.95,76.1,17.54,21.87,14.52,1.4,43.55671,-6.47065,13.277942255360232,7.350000000000001,0.4792051359569392
