date,latitude,longitude,RVI_mean,RVI_stdDev,RVI_min,RVI_max,VH_mean,VH_stdDev,VH_min,VH_max,VV_mean,VV_stdDev,VV_min,VV_max,VVVH_ratio_mean,VVVH_ratio_stdDev,VVVH_ratio_min,VVVH_ratio_max
2015-07-15,28.11818,-15.55454,0.7040774600878629,0.24284403002241658,0.03120866240128413,2.5489663578159836,-14.24998738642729,2.7237935326934157,-23.613703115381295,-2.5676884006684504,-7.282038329110448,3.2462975818663184,-19.394388905940406,5.322132563562198,5.622948358189632,4.919489081777253,0.5692635517666451,127.16954307645732
2015-07-15,28.47143,-16.54286,0.48685998130570896,0.17881046463823905,0.06961322268466234,1.2244633590942238,-27.98067179988485,1.6540363850876965,-35.605356005390824,-23.701342057739197,-19.082271757431148,1.023716513237893,-22.603937753805784,-15.477434013202627,8.66564396776166,4.776623525222682,2.2667371957613605,56.460347987614526
2015-07-15,36.59786,-5.94015,0.6808570724005322,0.1846264593897204,0.05474703612135351,1.784590339995367,-17.3589503110617,1.8379077675651179,-24.332965426039593,-10.48473838488243,-10.308122366820484,1.5807536169735896,-15.39043754185542,2.847686556078806,5.438683979489927,2.53915807558652,1.2414107654591384,72.06331599638582
2015-07-15,37.10579,-4.67189,0.6943816228697882,0.10045320563481741,0.3787528174330339,1.357883906054994,-16.963829912552725,1.0524754030068426,-24.779805882933445,-11.83163086354615,-10.145195128566737,1.0221995300832363,-19.062866105464963,-5.801671989550777,4.878456137495898,0.8420866340756898,1.9457599299641457,9.560977544958401
2015-07-15,37.24434,-3.75542,0.6632053049098791,0.19677344707733066,0.0111170928373765,2.485004410086844,-16.914286457972146,3.0787389969047885,-24.57790532927016,-2.5419103650814447,-9.686229704525209,3.253567845358679,-17.53142905760358,11.993607125578706,6.040395503399747,9.353059608621427,0.6096550910588571,358.80629635040015
2015-07-15,37.50512,-5.81387,0.6852327220822135,0.1527967944452966,0.23281331531044858,1.2406210507425082,-16.756381461564956,1.7691326317729783,-23.606626017007027,-12.371351550230804,-9.800928521333736,1.6830005217424482,-15.397428659457539,-4.899018233674087,5.1647713584860195,1.5554595889552154,2.224191623708151,16.181147885232154
2015-07-15,37.75169,-7.11385,0.6411974630961049,0.15600170904697985,0.19479359981413172,1.4008923326283806,-18.753260214528137,1.4541883963141315,-23.582276909350043,-14.574916534709153,-11.439597786370081,1.0940406281519535,-15.562609137146367,-7.944484681699613,5.616749664404719,1.6805647897048233,1.8553229301320568,19.53455556967335
2015-07-15,37.81599,-4.99439,0.7210580361565697,0.15260388235256356,0.03438497022751903,1.4752374985944785,-17.133616533741623,1.4727490632626876,-22.73907777591471,-8.797593532891362,-10.43400126231329,1.774226731902158,-14.691708171841078,9.808803184807674,5.06709743957723,4.513243894363719,1.7114278235273777,115.32989569375034
2015-07-15,38.03548,-3.86859,0.7328949122976048,0.13979710584301624,0.15411435535223023,1.4135694778431838,-17.35072249037277,1.5813156945194362,-21.77195484611883,-9.308426370542145,-10.782412221423494,1.4399888917331396,-15.891176639684986,3.1813602345912724,4.672575605809904,1.2051810389481448,1.8297158807525873,24.954752825315666
2015-07-15,38.1893,-1.43707,0.8210112514585534,0.18969969279331542,0.2045073751881242,1.7233887393732241,-13.332627469510442,1.433109676684687,-18.735202451425824,-8.373879175047264,-7.3410049544891365,1.4600812237908245,-12.254825241415912,-1.5760541375272825,4.162131697461241,1.3804074543025542,1.321008550546032,18.559196808039037
2015-07-15,38.2,-0.88411,0.678609438371958,0.15174079757922387,0.2413536971494936,1.7484931501216214,-17.034702998047504,1.9434519078257293,-24.872940987957964,-8.082097381005738,-10.032587853172483,1.5722513983333872,-16.578393489123254,-3.2212686318931527,5.207303442831266,1.4943780297715943,1.2876841123007936,15.573187182305373
2015-07-15,39.02606,-6.19655,0.6179716420071822,0.14716544957523287,0.23296435236926494,1.293614375912901,-21.560435124451825,1.8459827957441666,-27.099248687100925,-16.38980733336874,-14.056971971095315,1.334535929180517,-19.079139218984693,-9.065566233508147,5.8664153803135495,1.7464735063562928,2.0921115863274236,16.17000888470575
2015-07-15,39.0489,-1.99314,0.511089435589616,0.1286606346966953,0.18745009449113728,1.1971063429674789,-20.336077747541054,2.7536954179775943,-26.184010189013396,-12.2951506893287,-11.859027895415004,2.4273945811199966,-17.112512503121657,-5.351457452768108,7.350542906101412,2.2245063775405147,2.3413906989119226,20.339012982941554
2015-07-15,39.26904,-4.16304,0.9243928950015687,0.1745153668895987,0.421550046692332,1.6560119335427228,-9.719779890129542,3.256203557788999,-17.49914630090233,-2.0341778181239354,-4.429179025912667,2.859794954963503,-11.724615108925374,3.0335947255442477,3.4842668849944967,0.8594409636645914,1.41544153093315,8.488790314188714
2015-07-15,39.3862,-0.58762,0.6899743702661418,0.14539974781833281,0.208291927832361,1.4301468543935294,-16.30943221794895,1.4268811393688856,-21.922189612549573,-10.367790300244849,-9.403248698083452,1.4577619278720817,-13.622102390532078,-3.4474059441487643,5.084058474920468,1.462265620841156,1.796915566895574,18.203816689522927
2015-07-15,39.6437,-2.38957,0.6801495800034321,0.15264564535545236,0.12750783541818148,1.4359529560835567,-16.75076177689374,1.8791996017974966,-24.289812120073186,-9.91217427852215,-9.760165934182021,1.4470082347104967,-15.328630297035328,-2.3908856343250595,5.196443695481971,1.5356063133008528,1.7856065778851626,30.370621161290895
2015-07-15,39.80093,-6.27123,0.7113444399977156,0.15553630757371928,0.25680982256081214,1.4492848009782362,-18.02584950621905,2.026420392029079,-25.181459653404,-13.765009844393106,-11.27335120634284,1.523424423096043,-17.076186333655727,-5.819820185589702,4.9208895669541715,1.446888475360512,1.7599820251341114,14.575728218311456
2015-07-15,39.97782,-4.49185,0.4807836403273269,0.12481153728070347,0.16154837894457982,0.9929870422808461,-20.375570069348633,2.4580352935467094,-27.183359996069804,-13.893656935290581,-11.57868796618452,1.705913460067228,-17.208558202330284,-6.922454019575353,7.964278741803869,2.675740360118762,3.028249946557391,23.760384636061406
2015-07-15,40.19028,-3.57747,0.7299298297575997,0.1614779256419848,0.09389893298272979,1.3408770528425105,-16.709963151895,1.299166458757563,-22.718734372050633,-12.939695909542017,-10.086006562737325,1.1245721123651782,-14.41848096770127,0.6730671949808822,4.80986479109643,1.740652490344817,1.9831221225842026,41.59899311886423
2015-07-15,40.36508,0.07989,0.7433833091054887,0.1754548946512565,0.19445130096200766,1.5680581785285332,-14.58868782006142,1.7172079144088443,-19.368421783898114,-7.75073514300631,-8.052334583304875,1.8520092936664694,-12.521612277485097,-1.5875859230566687,4.723502177617545,1.5864691226186847,1.5509257594980324,19.57070320543409
2015-07-15,40.73827,-1.00363,0.49427071536923756,0.13393017389423448,0.0857631147751925,1.1409758983506277,-18.902952721064615,2.059247325838751,-25.753707354405037,-10.856908754654988,-10.233676063675157,2.248547639172937,-15.276153599147461,-1.139684494782731,7.756299117640004,2.706969442376451,2.505770810568673,45.640097091681476
2015-07-15,40.86232,0.57098,0.8664632505872732,0.2584628975869854,0.15754001800151346,2.042426918840689,-13.004249968228619,2.9925153296795712,-19.542894602253497,-1.845025793848022,-7.231911501957225,3.4061594975693716,-13.43616287511087,7.702563910886349,4.107110958727818,1.8794841112348564,0.9584544069123694,24.39037414583495
2015-07-15,40.92142,-3.0692,0.5692360716896364,0.15765602798450537,0.15548783986208145,1.3844621002559834,-18.810388454361416,2.261271815452441,-25.562292287684627,-11.655423871489507,-10.846591629047955,1.8218297205593161,-15.61742375064227,-5.494043426454532,6.606439320958505,2.294575031404948,1.889208739813398,24.72548440796413
2015-07-15,40.97913,-4.85813,0.5280803010518715,0.1756511066477424,0.12657376102011114,1.405317010602255,-22.510765353570545,2.867531374692754,-29.189909337644856,-13.043359145947962,-14.101403300155992,2.090834958370537,-19.13583323799176,-6.718123363925202,7.464325688183029,2.9927438681787852,1.8463328699663157,30.60212644202336
2015-07-15,40.99443,-5.5754,0.4694766955725172,0.12948601672915114,0.15119360323313125,1.4432918259614056,-21.648688910338944,2.0156873871066976,-27.87378052721649,-15.211639772523986,-12.728851765708034,1.7901660184088253,-17.396235237541738,-7.4562839105837675,8.184003300261494,2.627770477565729,1.771442287726891,25.45614572616704
2015-07-15,41.2211,-4.41308,0.9859372524453334,0.13517410036748828,0.4011354410958214,1.4997764768849404,-17.479778339474382,1.6598832227228768,-24.179719004340946,-13.878224070294305,-12.588030955156388,1.3927216260362851,-17.416503434105667,-8.641880245166762,3.142218456097208,0.6594502254460213,1.6670641003171773,8.971694321181902
2015-07-15,41.58075,-2.86887,0.5532735446589041,0.28874590360762026,0.08976688294005995,1.3183800538712256,-19.75701705581843,3.778662934167329,-29.230261454590803,-13.726113347425745,-11.173166508151365,1.8112570012536622,-16.96126098373297,-6.807485828619696,8.86136381283835,5.652040490723841,2.034026484437928,43.55986293598855
2015-07-15,41.65781,-5.10557,0.45705244458231375,0.15329288028508128,0.10128934588392463,1.1556967910934144,-21.771780273533196,2.3514442968162026,-28.218362606875353,-12.480467387066781,-12.634242246495422,1.670993652135611,-17.6900397560798,-4.02845009788264,8.857024352533358,3.7388416821860533,2.461115433413609,38.49082665203418
2015-07-15,41.74448,0.71416,0.6522221376297875,0.18479881180602306,0.19881520498325694,1.5355090046139523,-18.502102159305917,2.599567062458556,-26.10051845187153,-12.859289777540688,-11.218711318468536,2.016560806276111,-17.52272461274383,-5.967948356594261,5.7135455574349985,2.2186586321245048,1.6049993767413,19.1191855539261
2015-07-15,41.82753,-5.74309,0.5285583670154244,0.20106763169282532,0.04534057171981056,1.5781390204902892,-20.876001200858184,2.1354527389782927,-26.992780397101846,-10.978142995420136,-12.352974510720932,1.794224702633061,-18.283467756082707,-3.200676416799424,8.15142779110677,5.515391044117931,1.534630946998128,87.221207811817
2015-07-15,41.84807,-3.87632,0.6359084282296539,0.16407408418692043,0.22847815147725864,1.493106301908448,-18.577620404439234,2.588580797610128,-26.34345276631466,-10.297391468823053,-11.203644180109478,2.0796844281131825,-16.316019980884718,-4.152790836603353,5.729179275059806,1.8060918852656258,1.6789787136303076,16.50714444307878
2015-07-15,41.86077,-1.07946,0.6953868967530019,0.17011678110638082,0.18576125586243353,1.5258884982167114,-16.670200334277393,2.0111313508898316,-21.93061978961434,-7.5121466653307545,-9.771966295252684,2.229358761941123,-15.375226379999447,-1.1750317874642242,5.139075847106456,1.72765918102489,1.6214235212302566,20.533015490389563
2015-07-15,41.86705,-0.05219,0.5291019322146645,0.14738009962343845,0.17657747550397637,1.310169923178601,-19.218543444945887,2.653348505999629,-27.072159974321288,-11.93128993078328,-10.890400258034616,2.0784182629744277,-17.46599277119692,-4.795749617418239,7.151080800249119,2.2909641560624294,2.053039097627586,21.65294590141495
2015-07-15,41.90971,2.24778,0.5492911852376599,0.18975488159696166,0.027055761471007803,2.0926357668167586,-18.86062098994587,2.1039026467933466,-24.71732323575359,-12.416777114766758,-10.59510614543995,1.8126780663151822,-15.985984635343158,0.47576111770719665,7.599558797539176,6.2751255848417,0.9114649875666873,146.8428172973911
2015-07-15,42.16169,2.87706,0.529617383546073,0.2197747762785176,0.1030354281583345,1.446684352001027,-20.819881510389216,3.250606894500021,-27.06257675549164,-11.492965344564109,-12.290003187024885,2.0978752123541655,-17.76084144957299,-5.739965430894813,7.999267312007645,3.915880226471478,1.7649431574118253,37.82159827446149
2015-07-15,42.19387,-7.78684,0.7595504834626761,0.1582733407010251,0.17462315355217317,1.4705222822885133,-16.526329447327175,2.0623288481255,-24.150407830920614,-9.505962572709453,-10.130930810892636,2.150699403043398,-17.267971366607316,2.284952928253801,4.531227233748093,1.4048079309204373,1.7201219921502748,21.90646983880575
2015-07-15,42.27149,-1.97541,0.7728520028370055,0.18425156084608854,0.2760268612695152,1.4999103170302517,-17.469607303390383,1.76317914990392,-26.450340209298474,-12.53730358542725,-11.138777192629332,1.3751808212219816,-18.73495236712018,-6.622786561782332,4.51027328672914,1.4799140771243025,1.6668261125903865,13.491343275806635
2015-07-15,42.4113,-5.68645,0.6905846311258635,0.15105533874978347,0.2726442642935194,1.291299892564195,-16.435685714618547,1.0836790407566401,-21.53365665359075,-12.680806145708537,-9.525454599684,1.461990252398892,-13.82982850457222,-3.112956267954563,5.104027787125762,1.50147117018003,2.097653785176898,13.671132034869212
2015-07-15,42.41262,-4.67343,0.744096998035209,0.15820191725672123,0.3069560097072458,1.3537691536022913,-17.088481477186498,1.7757376211067102,-23.424711912950677,-12.200724241971141,-10.583786206291805,1.8233060462136683,-15.258232057699036,-5.076266473503733,4.632715197069063,1.273608450744942,1.9547135044082375,12.031183210307345
2015-07-15,42.4273,-1.73358,0.5691738294500892,0.14007484327901776,0.16737023880113264,1.1867165282757013,-19.342370078665088,2.0158936658708635,-25.24384774051123,-13.451660983142158,-11.40750320808811,1.6183414301930072,-15.869512997203275,-6.166821486108304,6.505713821032107,2.1014482042634057,2.3706448883896467,22.899111506632632
2015-07-15,42.72535,-8.29535,0.7660836086805829,0.16650926755209638,0.10806719245739915,1.4899769253506194,-17.171035503109234,2.069473983122734,-23.58391746735105,-2.4368779007194528,-10.81188675310306,2.2720950984753605,-16.90435897162909,6.289834435245522,4.513818874214089,1.5076844592386054,1.6846053331052262,36.01400868331828
2015-07-15,42.9655,-2.75258,0.7912893264279525,0.15430368712097886,0.25711086555228596,1.608921411625019,-17.274543922817525,2.0277737457837786,-22.6417465136881,-10.110117617995533,-11.113822320319548,1.986039487750085,-16.413873390528842,-3.7530002143046164,4.266538537613847,1.1443845912899717,1.4861375895047475,14.55749109010938
2015-07-15,43.08895,-8.59496,0.733749523017996,0.19517927079239702,0.01177653684369347,2.0651014279349487,-16.500703913578395,1.5325996545172036,-21.427997698169413,-8.569441424438843,-9.820503949673265,2.1845634569147876,-15.124263871149077,16.067733590329297,5.534000232554322,11.352776415129677,0.9369508663794316,338.6584287121783
2015-07-15,43.11323,-7.572,0.7619974787344101,0.16632351133823964,0.23424643857792626,1.490328988281827,-17.78901025841072,2.2673684170727926,-24.642842180019514,-12.414007789459319,-11.403354005007039,2.0062151910009405,-16.735820830535726,-4.916884329189387,4.529477094623128,1.369668922557683,1.68397114425824,16.07603336163136
2015-07-15,43.20135,-2.13431,0.7567100971669979,0.20030874158049167,0.13023251061784752,1.7599171538398948,-14.880155157616118,2.058280808623806,-20.94034712293159,-6.582714728568206,-8.405455910634952,2.299997714268789,-14.478917738042094,2.7024684841445676,4.727355696494264,1.876921232124228,1.272834258858467,29.714296921891833
2015-07-15,43.30779,-2.99522,0.6043532818362365,0.28865646023400543,0.043835918257659354,2.089522033205209,-13.803743399248377,2.9465853897282055,-20.61345350278299,2.2889244146065875,-5.7456186441233585,3.8949056616321167,-14.433129490378507,12.02677293785576,8.059296435939888,7.148500368537218,0.9143133867146761,90.2493717250029
2015-07-15,43.42863,-3.89545,0.7291767441525638,0.13767271719244265,0.3038319309728225,1.3984450716149925,-16.388164435096073,1.911395693206799,-23.196532846446672,-11.241311382030002,-9.795768070604609,1.7767484040256025,-15.71138298249455,-5.232942671016777,4.68990733385845,1.1280667277863157,1.8603197087895664,12.165173216628757
2015-07-15,43.55671,-6.47065,0.7509411589048235,0.24448038769787805,0.14825851422959507,1.8460186442955242,-17.657606195200085,4.2345593582549785,-32.0050575381237,-8.098865920081245,-11.05843875183803,4.1130609677303624,-22.243179890816602,1.068153492359317,5.028989755698019,2.43801674455882,1.1668253526911023,25.979900755011936
2016-07-15,28.11818,-15.55454,0.8055786606257238,0.24470287214142544,0.06371327527586453,2.3726457175042954,-15.137089833110585,2.2309188733410785,-23.970383537607724,-7.185146436933375,-8.94873866688647,2.668631946117812,-17.784717819190213,3.754694748598299,4.57642536484816,2.76330225703681,0.6858817018022659,61.78126470003114
2016-07-15,28.47143,-16.54286,0.2306035967246925,0.10166231008265159,0.02036742850042988,0.8290861723836283,-29.259854136545357,1.693640198701977,-39.91823687442325,-24.224214401935956,-16.714295409910097,1.1725422758951094,-22.34986847448915,-12.413775940347406,20.173065185329456,11.008280678688713,3.8245889670309823,195.39199911346563
2016-07-15,36.59786,-5.94015,0.8175587213386999,0.15346963009476233,0.14559981644847325,1.543560741290814,-16.85329586206398,1.4726333535284324,-22.197682315081888,-11.009455695331047,-10.873903001104646,1.4779031662110906,-15.952171208429123,0.02199954825413915,4.094976759494876,1.1944469676486495,1.5914108159131923,26.472562105980206
2016-07-15,37.10579,-4.67189,0.8615326161103587,0.15267791001851957,0.24275984292818018,1.5148448477417737,-17.2665465703225,1.0287699748325423,-24.80147743381754,-12.917705260278584,-11.585250274604478,0.8135894360405103,-16.749296519005185,-7.803583992571275,3.807548539329704,0.997571047958767,1.640534445466758,15.477189768092694
2016-07-15,37.24434,-3.75542,0.729892199375735,0.2575449817378289,0.03804633670039481,2.2050893781499754,-17.257437266821253,3.740406454563756,-25.39832790693671,-1.9791519028131948,-10.46448416814952,3.4152230645589863,-17.788902371671615,10.586513571076473,5.406095305444747,3.820991528529552,0.8139854282713553,104.13495770956817
2016-07-15,37.45555,-2.25556,0.6163539611224188,0.15658217101446295,0.19032327714243807,1.5347790650128355,-19.3659315699516,1.4151155082419153,-24.051985863038404,-12.579380726180087,-11.829821476387162,1.4948852449350918,-15.062010989374095,-3.972105292190757,5.957693419849827,1.984971759384856,1.6062383122006867,20.016872239996147
2016-07-15,37.50512,-5.81387,0.7126851731841354,0.16076479231388968,0.2677850554356796,1.3044317416382987,-16.910784233408567,2.028346541485985,-26.148488054991272,-12.864193433807852,-10.163969876516989,2.1157043988267463,-16.980334267955325,-4.812563460481203,4.916883126722741,1.407602012936712,2.066469384573705,13.937353369074687
2016-07-15,37.75169,-7.11385,0.7788552228867038,0.1632191915453207,0.33889863959914607,1.569861204461532,-18.984423958214716,1.3498954210126506,-24.04121476233401,-14.263412443830338,-12.727845279948909,1.0795958066198745,-16.39203085427922,-8.95157636204964,4.374937851980833,1.2026504661715682,1.5479959557138137,10.802939087425239
2016-07-15,37.81599,-4.99439,0.762319189095544,0.2068440090202122,0.08272066212160575,1.589928830673312,-17.83485601356062,1.9923624232315362,-25.449763873955412,-10.558565909286457,-11.383514283893595,1.7929273105861028,-16.943729357002283,5.1498134127794595,4.766144245754484,2.4728617759268974,1.5158358807205587,47.355512364246934
2016-07-15,38.03548,-3.86859,0.8613792579358523,0.1745788046371073,0.17299304681512037,1.5872377094194667,-17.594519045615787,1.7591240113685775,-22.049867909958643,-8.328884813992977,-11.886846774306886,1.7879631185287927,-16.912260711178707,4.189393766142069,3.883456542125132,1.3441273006543306,1.5201014166069695,22.12231661122684
2016-07-15,38.1893,-1.43707,0.9038041172760682,0.2017490610379909,0.3027996440840306,1.7179229918429053,-13.222467507925751,1.4535584263658266,-18.707609562555664,-8.438810969451408,-7.773027321233364,1.5066274693192752,-12.414905972829088,-0.8151702239435608,3.6657249678359602,1.1437975993439098,1.3283930764026808,12.210055157429284
2016-07-15,38.2,-0.88411,0.7891809708585243,0.15238195015363065,0.2893976112381968,1.5909640735132249,-17.224648802898344,1.9714214036033866,-25.70794496759988,-8.621751960232427,-11.049087467726451,1.6000688563247374,-18.55901461668548,-4.634315315668202,4.284336788816098,1.1841095549986809,1.514198822332332,12.82181415695131
2016-07-15,39.02606,-6.19655,0.6861343198484544,0.14949622093081166,0.28351042459476555,1.2604641607711087,-21.283663890021923,1.7077707697654418,-27.036474464174752,-16.40072058175427,-14.342719676844483,1.1547199824605159,-18.689758223851406,-10.254185477901707,5.129578900756572,1.4471764380928682,2.173434139970261,13.10882864613315
2016-07-15,39.0489,-1.99314,0.6060148736832621,0.13746127955144635,0.21187611301474651,1.3570225834668572,-18.97866062675293,3.263736711573109,-27.96243259522081,-12.653864709298373,-11.392358610252057,2.9341591478113545,-17.510007440594723,-5.612945106791802,5.939885775749097,1.6206497630891497,1.9476296479760777,17.878956872885436
2016-07-15,39.26904,-4.16304,1.0678567289647645,0.19328582330583752,0.40770660518151747,2.174838337830699,-9.713161063225272,3.3118679001421745,-17.81320088143659,-1.958565280094359,-5.2653743643388164,3.005637203006429,-11.843040893612272,2.2264301202761194,2.8710451488978554,0.720676653421855,0.8392171640627853,8.810976690503056
2016-07-15,39.3862,-0.58762,0.7856062457325548,0.17220152907937095,0.14150931668469485,1.619007645083785,-16.45318805936111,1.5968505990595177,-22.625663995220933,-10.306971191027436,-10.229129950191934,1.5301039091152155,-15.871119773551817,-2.382930926113183,4.380140215305934,1.4883809329639779,1.4706492351325473,27.266690093010858
2016-07-15,39.6437,-2.38957,0.8166283341811055,0.17395665479643072,0.17732447078350547,1.5880237476551236,-16.352159786199948,1.9532667785257936,-24.458859063725626,-7.507141387180969,-10.347135720245777,1.5972290559006959,-16.59864181444825,-2.2274644890382183,4.15076800851183,1.3195292097385816,1.5188540195991411,21.55751832968152
2016-07-15,39.80093,-6.27123,0.8410292452583673,0.14884517469749808,0.35156854311127383,1.381916658545023,-17.869438558807026,1.9446735660529868,-26.061961489755102,-14.005892711066064,-12.055474304710325,1.4796822593103447,-18.033757414553094,-7.872198939978025,3.920965723820295,0.9691114692275322,1.8945305603389098,10.377582205168945
2016-07-15,39.97782,-4.49185,0.5609174158114308,0.16300103536328536,0.1748649834563868,1.2397258280026047,-20.46548319891457,2.855276666955763,-28.980656648419327,-13.82269177778798,-12.403306959308189,1.9288552538940322,-18.836100078354384,-7.930156657972382,6.816858877659974,2.5465810985295083,2.226519855962536,21.8747912871741
2016-07-15,40.19028,-3.57747,0.7875757825551044,0.21508883280682492,0.15618089781286523,1.7626962024886423,-18.234127682657263,2.076865727713799,-27.80655706371413,-11.431333831413294,-11.954519440725445,1.3315025193354417,-17.72515766073756,-7.221147803620422,4.575644370626411,2.0180942416358487,1.2692509318126666,24.611326711623658
2016-07-15,40.36508,0.07989,0.8472120567450914,0.20033193784591205,0.3143455315551512,1.8980411664902854,-14.882869036566005,1.937908389943741,-20.98510841520539,-5.821765371317279,-9.062375899703857,2.0586014869257663,-14.257321816981323,-1.1467501131923594,4.000713222649593,1.2556469338064369,1.1074358505071302,11.72485083599227
2016-07-15,40.73827,-1.00363,0.5959909413710228,0.16895592962640968,0.15162582526709675,1.6414640513754213,-19.37816324206102,2.6864401009149375,-26.580668200292806,-9.408099225417384,-11.643246926865594,2.65544079927669,-17.51782848011586,-0.8904965677527408,6.28108198648679,2.2208876099544845,1.4368489804259228,25.38073028096495
2016-07-15,40.86232,0.57098,1.0036149305990616,0.2836214555722993,0.15195413298787253,2.246902827037777,-14.724384813817474,2.2049560877682075,-21.86903542219607,-4.580435031295104,-9.807843281428946,2.581135269587755,-18.59340410469079,0.8224670752233866,3.3706564455078447,1.5414982408566373,0.780228299981016,25.323732835349993
2016-07-15,40.92142,-3.0692,0.6330058723815764,0.18791751849269456,0.1755195206844431,1.534861784918486,-19.58797641976992,2.597167146962222,-26.194817847722295,-10.985795010002839,-12.146256086627298,2.145544054703411,-17.086881033353492,-4.263740597554619,5.909259587690887,2.1803073109005595,1.6060978514833721,21.789487940725298
2016-07-15,40.97913,-4.85813,0.5330274438863536,0.18538867317939917,0.14964589695967775,1.6222231330566237,-23.14950074488966,2.6796279027777268,-30.64321362738029,-13.662180388630745,-14.790584185764931,2.208930942829711,-19.405363431600204,-6.380576088065389,7.343358898557395,2.753148705299244,1.4657520402036948,25.729767279070835
2016-07-15,40.99443,-5.5754,0.5377366819805852,0.1808072518674731,0.1450317933934625,1.648566297035711,-23.255953917856797,2.0053004744318317,-30.621650277453014,-15.536031956614458,-14.938256907181408,1.5766969670930109,-20.2067939983629,-8.177097396663338,7.296457774261446,2.826938035782258,1.4263507067883197,26.58015953886912
2016-07-15,41.2211,-4.41308,1.0850500407614194,0.17386406534619397,0.32996787491346724,1.7758483825228095,-17.514803014996907,1.9135833092744052,-25.753898299475047,-13.07150750099255,-13.170563216880664,1.5023200744379541,-18.854868369149955,-9.597955186298542,2.7973564062346803,0.7569286653899001,1.252444543895978,11.122392220906304
2016-07-15,41.58075,-2.86887,0.6813990105802531,0.29103441235426514,0.13609987958052708,1.5854673673428725,-20.200567209836567,3.9229030945047945,-28.33724725298258,-12.929293545465569,-12.927300089289737,2.0910377844202177,-19.053418879766767,-7.75252803856775,6.131290235999339,3.243814324607721,1.5229153764947605,28.390180302351364
2016-07-15,41.65781,-5.10557,0.5732758296373216,0.17479990991045996,0.14915697982415482,1.3373342821348093,-21.109856185007697,2.2741743590542294,-29.050805310436463,-14.452507538723614,-13.143544904754556,1.6360264698450289,-17.83180924302593,-6.868294628382863,6.700282754628964,2.594307546722224,1.991024797191868,25.817383971676737
2016-07-15,41.74448,0.71416,0.6289109669044415,0.19506921404843033,0.16694876425426297,1.5245283062221795,-21.159502520419917,2.6945034373627634,-29.239752966598147,-14.837214306174808,-13.660635717997984,1.7953382489061724,-18.347850875677885,-9.263411742027461,6.046913060688086,2.4460754046691524,1.6237623687762832,22.95944658750513
2016-07-15,41.82753,-5.74309,0.6370142159521287,0.22449676492543016,0.0229881345417748,1.6237891955513792,-20.753296000315665,2.4978709584498366,-28.58565266324569,-7.543439476608892,-13.219112106717406,2.1288021711478713,-19.408587099727846,0.5402911537423276,6.542982592180858,5.750833760267862,1.4633739471592841,173.00280969867595
2016-07-15,41.84807,-3.87632,0.7885924699677737,0.19221848125991525,0.26430701111154814,1.8792116844319915,-17.51173775325437,2.6231057749679816,-24.31388569669477,-8.003229053413529,-11.29083100207509,2.203204044165902,-17.03747551855212,-4.771788012138731,4.393666226570279,1.4086344248192595,1.1285521121102629,14.133915605106063
2016-07-15,41.86077,-1.07946,0.8032585720129899,0.19525086917388196,0.20527781663756509,1.6815662524945472,-16.873280948285995,1.9719453590063987,-22.94386482454993,-7.444571253524828,-10.748588062576841,2.140139609728151,-16.821989473633007,-1.4610841973445086,4.313597875592477,1.4911995412631482,1.3787347028796124,18.48578792155769
2016-07-15,41.86705,-0.05219,0.5248647605385028,0.16674534529101506,0.1650919275677394,1.436542778208071,-21.987387188590457,3.1268447027029276,-29.20701579735301,-12.386715058534834,-13.574829100449483,2.307553138873234,-19.896873753843252,-5.810371536745748,7.389036782455459,2.6613072364033616,1.7844628511443006,23.22892541707557
2016-07-15,41.90971,2.24778,0.6351664608664781,0.20020846912836174,0.03208574610868968,2.5242545325226646,-19.68950250744504,2.2656957960077047,-25.756801927014678,-11.642448774790374,-12.210714364613617,1.9594800786569804,-16.952543704657344,-0.09277663555831332,6.232146003676433,4.474961078381824,0.5846262524098627,123.66594937359716
2016-07-15,42.16169,2.87706,0.6316797809350203,0.22142351561344134,0.17479253205293088,1.5162079130942132,-21.339097381372532,3.133621184516911,-27.669394805609556,-11.719898235568353,-13.805099984138542,2.246829118716842,-19.752219460266417,-6.716854733244595,6.213112998634963,2.756823185907287,1.6381606146857315,21.88427287493447
2016-07-15,42.19387,-7.78684,0.8612816634278369,0.16078568599255083,0.16400632262434442,1.5989749614571866,-16.527874962629898,1.9305613111302038,-23.882589966355976,-8.131818382762168,-10.83370913065848,1.9397174527077385,-17.307351554059853,-2.718140282426375,3.8462339507047334,1.2318171966051046,1.501602649459062,23.389303631677528
2016-07-15,42.27149,-1.97541,0.8629255483603325,0.20950571583882083,0.23691332851428584,1.662760266555516,-17.970541099945287,1.922819843279008,-26.83322274519463,-12.845750396752383,-12.238350280948746,1.4548317713851577,-20.719766939586158,-5.735491388525629,3.9522644219038,1.4018032991397609,1.4056384317422883,15.883811582423489
2016-07-15,42.4113,-5.68645,0.648161098660879,0.12926735935805567,0.3011252014438758,1.5832735366509008,-17.422062980871907,1.2003057881928412,-21.88071636999236,-11.533486415265045,-10.204420308120556,1.1575825318296487,-15.095523482341902,-6.114517507980368,5.419831731035998,1.311907416332784,1.5264112027421375,12.28351124655213
2016-07-15,42.41262,-4.67343,0.7781615582820353,0.1819101323106115,0.27862931510675304,1.5327240488908285,-17.883748298122146,1.98645782555004,-24.06554285077747,-11.974172882992626,-11.60111200883336,1.9073730812409964,-16.362857092975414,-5.9725935503095595,4.43566472881218,1.333528931741094,1.6097326540251269,13.355991215308608
2016-07-15,42.4273,-1.73358,0.6058332934690109,0.17289087695155841,0.16933383143036762,1.357676930644297,-19.710827028802864,2.577601103831395,-26.289555369968355,-13.584083872261036,-12.052304504558311,2.1620037234394505,-16.488313920452004,-5.711156356678764,6.198679090862744,2.303159461031928,1.9462090057770711,22.621977759623622
2016-07-15,42.72535,-8.29535,0.8859877601332132,0.174426970155685,0.21911420231772946,1.8442013845680731,-16.831414923071552,1.7213285625476404,-23.35120199807866,-5.535944207560648,-11.289317053010981,1.9371884679735358,-16.829857750030925,2.1638995370861225,3.71721643663153,1.1037864434244706,1.1689605232222686,17.25532054832186
2016-07-15,43.08895,-8.59496,0.8429007081051786,0.19314628197343486,0.032140390721138314,1.7117118104323605,-16.71000950983109,1.4031265361312886,-21.26675767358404,-11.403834179621825,-10.8444008120106,1.7871349882135168,-16.375169360695715,8.392571163356573,4.189275265675766,3.6320705907854545,1.33684197048897,123.45399418773253
2016-07-15,43.11323,-7.572,0.9162627891821172,0.15312005162128992,0.29473902251527184,1.4977784867045525,-16.9331363570328,1.5206796539639904,-21.636888340603285,-12.91851915024477,-11.604996967036124,1.6276624311116077,-16.708069522914464,-6.167076014035973,3.4988941599728665,0.844140025904702,1.6706218813443463,12.571328173190032
2016-07-15,43.20135,-2.13431,0.8590165721297938,0.19771447663243352,0.1624070566490266,1.784947044382106,-16.94011440759504,2.4299084969779265,-25.634639712713316,-9.432317830240343,-11.19811332436916,2.630841166279153,-21.417259983490794,1.6698253294218133,3.9359185364041545,1.3437231162591718,1.24096284121677,23.629471665411
2016-07-15,43.30779,-2.99522,0.6731658105157524,0.3174835860760151,0.03352468789210378,2.1279959461696127,-14.253075832472593,3.11430563242347,-21.348101917727945,4.019464597642297,-6.71892558122696,4.410131068350687,-16.273836820538083,14.921794803705033,7.5225087501196715,8.215269712579696,0.8797028289456986,118.31505560539873
2016-07-15,43.42863,-3.89545,0.8698195346894566,0.15916250861815484,0.2524439546942313,1.5370326277291455,-16.182558861434458,1.5243890147215338,-21.75672314483142,-12.059430815896107,-10.554826987747743,1.4877253752096262,-16.088074720574838,-5.312614957141151,3.755352142976913,0.9019423961086598,1.6024171041246604,14.84510116253303
2016-07-15,43.55671,-6.47065,0.8314137105652114,0.24465250124687588,0.20751760647603903,1.8556341295141163,-18.057675509052075,3.9977186549493577,-33.193849323392364,-11.000378682863827,-12.059052052624446,3.274720327435181,-23.409229131778705,-3.309575678392085,4.309281398790073,1.8849837324882335,1.155597343452273,18.27547290047343
2017-07-15,36.59786,-5.94015,0.7578773240582193,0.158868286201629,0.1575856291563353,1.7010729292612914,-17.317898449834566,1.5894090364317215,-23.262853623672974,-8.457770082492145,-10.906900061838742,1.5953597384263445,-15.639204137750825,1.4456647964868596,4.559635639568373,1.5094430002243968,1.351457089930319,24.383025225172897
2017-07-15,37.10579,-4.67189,0.7651010956729414,0.08910518473181386,0.20966312434447346,1.1129432968825124,-17.425772735158112,0.9418216589904321,-24.76710518968531,-13.27923706162014,-11.134453668560399,0.9074009561409123,-19.636638124365582,-3.1365608361667285,4.3106146119146045,0.7835119138846094,2.5940734907200396,18.07822375778422
2017-07-15,37.24434,-3.75542,0.6969055614004389,0.22035184145285422,0.019300140336697285,2.1062078118517396,-17.07091884777483,3.3876534405893715,-24.84123990011075,-2.4731696404948127,-10.078492549179474,3.355636701850932,-15.766250868330205,15.142238505301046,5.742491969028511,7.025872691907526,0.8991478321805637,206.2523790096179
2017-07-15,37.45555,-2.25556,0.649159467373122,0.1584796286968633,0.22185510575472547,1.4370274247492592,-18.83080673725375,1.2726960685485627,-22.232044125275902,-13.408060472580011,-11.573077611677336,1.492743582639081,-14.802493676605605,-4.634123466975998,5.570522593012013,1.792419894670923,1.7835237735271081,17.029785640463228
2017-07-15,37.50512,-5.81387,0.7687002259648724,0.1471683301750456,0.3376025934462234,1.2327395706984745,-16.91548409997666,2.1008463654655456,-22.96808337779038,-12.710282837532027,-10.599569988977658,1.855438811332601,-15.741695600025363,-6.5251754061099785,4.4174248526329665,1.1677351302815147,2.2448053871861884,10.848250213863237
2017-07-15,37.75169,-7.11385,0.7373981786665421,0.14236347767309673,0.3531487869401846,1.403468459161222,-18.004833991653637,1.3933406749437964,-22.319611252737044,-13.681346741764724,-11.469402998440273,1.4352575864321702,-15.444462954309815,-7.782337956377244,4.63286824212514,1.1242317155673303,1.8500818624670667,10.32667064966447
2017-07-15,37.81599,-4.99439,0.7442648287903141,0.14822033736459994,0.048009394623190024,1.5323434106800258,-17.58233802496398,1.5018496672616095,-23.413757375794603,-9.484618730802346,-11.070791717922301,1.7584512776075847,-15.991114769041094,6.73276946860511,4.747822765981154,2.9955573344922377,1.610380918612019,82.31702641523991
2017-07-15,38.03548,-3.86859,0.8500766273920218,0.14062484730760827,0.21503655175259107,1.3707289761157213,-17.864209648686202,1.7633142328541236,-24.45678322035327,-10.753833317464764,-12.115617728640975,1.7133506378031098,-15.977956642267406,0.8155987067131529,3.8579617300732183,0.9978028127078138,1.9181552806557924,17.601488758070182
2017-07-15,38.2,-0.88411,0.771425075228239,0.12906203083085702,0.3008168706335079,1.8288559794756394,-17.048548384447564,1.7401585637969992,-25.506278247096567,-8.699956091279457,-10.773758550049642,1.4455457441919182,-17.237181381780644,-4.788043552330459,4.336613192018873,0.9564232205658368,1.1871596478290545,12.29712655934544
2017-07-15,39.02606,-6.19655,0.6453640948727712,0.1234728767948209,0.29172612284654725,1.1082431952077054,-21.464197782875647,1.6131937456270866,-26.91104442971307,-17.224496843210304,-14.228100451680202,1.172762685672298,-18.4925404267478,-10.265343809255942,5.437009638338315,1.3067109695749044,2.6093160935225277,12.711490630217117
2017-07-15,39.0489,-1.99314,0.5914554994782781,0.10562658081286877,0.27563748165237456,1.134593761288349,-20.127538365868364,2.377679005169021,-25.78949760775133,-14.44853767718624,-12.451762083639789,1.9330476797477476,-17.69612919273223,-6.920614289245944,5.994616475639008,1.3419227123958648,2.52549091708202,13.511814489165433
2017-07-15,39.26904,-4.16304,1.0035353478803055,0.1576075197001293,0.5233552235245027,1.659851167633202,-10.247605338054514,3.1876424483624923,-18.057429893917416,-3.1862924447677337,-5.448756357633639,2.853121181032866,-12.005512172178836,2.4912694051421713,3.087560939281344,0.6582093848798574,1.409854617088133,6.6429924078377445
2017-07-15,39.3862,-0.58762,0.7937428738601878,0.14793447362485568,0.3049876432098105,1.4865081732281966,-16.24453424398987,1.3971369659992718,-22.183235667329576,-10.890090297146532,-10.108582106788178,1.3748895185282741,-15.491222890647585,-3.699257189357266,4.227438571347537,1.057259335775542,1.69086983310246,12.115285451903622
2017-07-15,39.6437,-2.38957,0.7484933571757129,0.1439749948785079,0.14332145320017725,1.2434575229780078,-16.861754064090494,1.9030860740626494,-24.054513371948673,-8.411244231216259,-10.402650088836845,1.5384248393144162,-16.536369768031754,-2.799073113430528,4.57003214700671,1.3188219988827985,2.216836865018303,26.909289995917046
2017-07-15,39.80093,-6.27123,0.7993468290917208,0.1286768775090211,0.4047097460774769,1.2713026428606384,-17.93837134869993,1.8516181118458925,-25.57990829512252,-14.064381299941449,-11.858577439337314,1.5408152351419224,-18.02358761126213,-7.825211415284905,4.144405942322979,0.9112302656310127,2.146379048657798,8.883626571311302
2017-07-15,39.97782,-4.49185,0.5439444453782946,0.12602867612159796,0.21341676321939734,1.1413104275475516,-20.451120418251627,1.7599531027983821,-26.552501566798853,-16.44610192451227,-12.305864222040581,1.3663701948974265,-17.397542083585577,-8.59880224661887,6.77296084190646,1.9230596654862926,2.504743235015562,17.742670161705657
2017-07-15,40.36508,0.07989,0.8162844869603338,0.18437957250288764,0.27771671413647186,1.472889680874507,-14.998201947689864,1.6554677447901065,-19.866266550537752,-7.739493463734716,-8.977628688400175,1.8357425854358669,-13.463187287649827,-1.8421797510545241,4.184779852874666,1.3458257809014602,1.715749897592505,13.403166235195961
2017-07-15,40.73827,-1.00363,0.5389255999964072,0.1331081342547405,0.17254828116145407,1.3319461031731419,-19.771243773576973,2.7519470472294887,-26.48618714485048,-10.36535654274487,-11.56784662606918,2.688401174495974,-16.940633595364368,-2.1688774402107587,6.885328457297856,2.0176819703665103,2.003124518680343,22.18191739190485
2017-07-15,40.86232,0.57098,0.9614054156243593,0.1870937787267097,0.39696262322657044,1.699966627255425,-14.098275852013865,1.526622001967353,-18.821139007566256,-8.50716961222996,-9.024698508430163,1.4975764894967125,-13.232830576840827,-3.404379169387374,3.329116167583685,0.9027386168274865,1.3529873680273068,9.076515434847273
2017-07-15,40.92142,-3.0692,0.5800125361179841,0.15553530458139092,0.2110216716814047,1.337075645294942,-19.162579520883995,1.8512149008871372,-24.504008293360016,-12.562268456115529,-11.305822167265735,1.6232801921993085,-15.20576286361729,-3.9077865062167465,6.414722528593831,2.0580255341876845,1.991603365206499,17.955399074077572
2017-07-15,40.97913,-4.85813,0.48373011646039765,0.14711283324133254,0.1340970880120557,1.2597091026471008,-22.99423977062237,3.612568657697734,-28.379469005128357,-12.208424764771673,-14.20493293400663,2.9486763035331967,-19.39596113241616,-5.342862154744859,7.9594787187488585,2.5120316151298043,2.175336267392659,28.829133945402226
2017-07-15,40.99443,-5.5754,0.4606308704094687,0.11546488324485467,0.1993178652083684,1.0582858532486554,-22.907316401923488,2.0777357104007006,-27.923025010902286,-16.78862446344275,-13.918336477548923,2.030540467903818,-19.88049869916361,-8.858283843652213,8.246350019820506,2.360039156712704,2.779697127880021,19.068446929322516
2017-07-15,41.2211,-4.41308,1.0362493702543416,0.12088037874660224,0.41589669542995567,1.4541709496007535,-17.63689094695609,1.8149150271062617,-24.669632254282423,-14.303639523881198,-13.044359273632798,1.47366934985905,-18.69570247366364,-9.975269137107727,2.921896237181365,0.5588381768546649,1.7507082307607718,8.617772980534948
2017-07-15,41.58075,-2.86887,0.6460922156819662,0.2791353272829345,0.15232075875438508,1.346127389332696,-20.01483678333655,3.423470695202763,-27.43913890341895,-13.897302935354098,-12.404932580532343,1.474207886791514,-17.405188673966656,-8.82007255326791,6.818738715773173,4.142206978842445,1.97148697195953,25.260373390405306
2017-07-15,41.65781,-5.10557,0.5011424634044642,0.15137920773306004,0.14855833956840644,1.3090983936732208,-21.468258897052976,2.326728793629395,-27.572460542009555,-12.992102376545901,-12.838544523219642,1.6839220994631956,-17.90866740250224,-6.8670940729324315,7.7446906275414165,2.8037819964938477,2.055538085854902,25.925449029794294
2017-07-15,41.74448,0.71416,0.657441458105187,0.18776117659358552,0.20475447902751195,1.2857209285134232,-20.68670739217519,2.425084932213854,-26.90282547142914,-14.807243578847062,-13.435984225492572,1.7353104309657372,-18.60033694668163,-9.141890570275468,5.697589082695735,2.3123768160383276,2.1110950372604433,18.53559218337069
2017-07-15,41.82753,-5.74309,0.5361869291168687,0.20055811190459522,0.016357452808714094,1.3665569277617071,-21.653961306404696,2.3109177513395416,-27.06511264669321,-9.394329868333731,-13.225420163502099,1.9457072697132969,-18.340888569608076,1.1165967054708488,7.963213306552353,6.8518429568062,1.9270643020716502,243.53685098630288
2017-07-15,41.84807,-3.87632,0.668464466575158,0.156559403923278,0.18476576450008753,1.3016132296191012,-18.59586236397155,2.5110840306865527,-24.988111654944927,-10.387238176912739,-11.501798495218093,2.0707341317498527,-16.591915354127128,-5.463867461129811,5.3444038439534385,1.631603496105591,2.0731095143912635,20.649032280534335
2017-07-15,41.86077,-1.07946,0.7703172824421846,0.16878504436989952,0.2274222609359922,1.474665354774656,-17.08049579339937,1.8748292443711372,-22.711369479848898,-10.545628424128822,-10.753010291607552,2.0645700779383374,-15.946750137776386,-3.382897832317356,4.469730938149303,1.3549937078248457,1.7124798090962414,16.588427727071963
2017-07-15,41.86705,-0.05219,0.544301641515862,0.1301339603039096,0.24582543529743536,1.1525154443173504,-21.17310211972621,2.2279152119219545,-27.0731781780482,-13.150810483550229,-13.034974721151924,1.6868179802923289,-17.173034334154927,-6.005941924760358,6.737214512444018,1.7220780146255863,2.4706693257106425,15.271709211702273
2017-07-15,41.90971,2.24778,0.6103405643207571,0.1776678721149727,0.023557056124315585,2.161166218825802,-19.922816606808947,2.109636887106681,-25.191634716675924,-11.66019759445809,-12.26233230461261,1.927785770497983,-16.810085051885306,1.3861649740466948,6.47300089338794,5.010598053609869,0.8508525467204773,168.80050388686732
2017-07-15,42.16169,2.87706,0.6188243323988438,0.19028101585142615,0.24552274778218666,1.2851255772691519,-20.922739742858194,2.917782412445892,-26.731311420584433,-12.7954292816651,-13.357551138648109,2.089865235694439,-18.511627212285987,-7.866256457659791,6.071851847168696,2.1078097487423793,2.1125362927565914,15.291769443491912
2017-07-15,42.19387,-7.78684,0.8189987290761938,0.1307848805722215,0.22366833788585835,1.7031281867024386,-16.860716253912887,1.9302090480452774,-24.64396042363773,-10.018370794881289,-10.91052643867035,1.9788344460378118,-17.37618220506606,-2.092391332757828,4.035261297035361,1.029432343900387,1.3486194587294789,16.883621963700854
2017-07-15,42.4113,-5.68645,0.7290261512947223,0.15644671085929554,0.3680553947060408,1.4507302895269494,-17.726640579845522,1.7044394293488028,-22.59391245262669,-12.463380336003539,-11.110362420170166,1.5085467064470022,-14.806719083412343,-6.133219793735851,4.753129823472232,1.2689272565405407,1.7572320154039864,9.86792927785973
2017-07-15,42.41262,-4.67343,0.6982049524105466,0.1576028992990272,0.3099678757141806,1.3395571599973897,-18.48100209689037,2.5227022497148215,-24.81915562685095,-12.251538371278517,-11.630946387707123,2.3690444785111664,-16.97264851508695,-6.428488816644187,5.017560602793839,1.332786955119034,1.9860614533296923,11.904563064104018
2017-07-15,42.72535,-8.29535,0.8497600664676992,0.1290617488178724,0.07617144349867173,1.3538984336417557,-17.028532384123693,1.5938631585079,-21.33557771593009,-5.291298456702014,-11.279172644586993,1.9726024292558921,-15.85503368703201,5.4090573429928615,3.885475944365559,1.613006010198323,1.9544313669384217,51.51311799112421
2017-07-15,43.08895,-8.59496,0.8133920701396916,0.15489060555637132,0.04362830864476141,1.4461324419241606,-16.51872080374021,1.235833096813072,-20.544136417460784,-10.87951616030654,-10.498013210716017,1.6893919183719504,-15.046304146425493,7.124910842316533,4.218714208507713,2.6574898261045266,1.765998385789461,90.68359086687384
2017-07-15,43.11323,-7.572,0.8699958884215443,0.11965941078042461,0.33309408675499164,1.4060518698198257,-17.397641390836846,1.6321143500790372,-22.43395259721707,-13.57994384278335,-11.797377603159992,1.7181611797341432,-17.281194215335713,-6.336349387918468,3.6937712011237855,0.7263103707190477,1.8448452620119682,11.00861906306434
2017-07-15,43.20135,-2.13431,0.8175465727334436,0.1721657904931942,0.13179838879066844,1.7471003605814361,-15.391129951636618,1.9148986437864788,-22.398077176423925,-8.961947874441151,-9.392418734160557,2.212488708632785,-15.819985476659973,1.2321610813302684,4.148673946472918,1.400920833233922,1.2895078555583364,29.34938466776771
2017-07-15,43.30779,-2.99522,0.637475374478349,0.2990871293044343,0.0412050811283306,2.2576136276753407,-14.067178079601797,3.000733677392382,-20.662128030633124,4.162358570390419,-6.266586181232235,4.063359045621086,-15.160708027840968,15.419789777940034,7.765266387391907,7.44951982717588,0.7717823594636922,96.07540649033683
2018-07-15,28.11818,-15.55454,0.7375940032418479,0.2097441726308178,0.04930751457532594,1.9464841197205471,-15.584636312879567,2.2349900865628625,-24.391224915931716,-6.869237120740557,-8.94088355097491,2.4912252184334513,-18.018452258193523,2.4815536126939115,5.030451930651475,2.973892140088786,1.0549872251586991,80.12353734417688
2018-07-15,28.47143,-16.54286,0.13846644519432108,0.050802450733839384,0.02144420261771533,0.4042892967630203,-35.676691367093945,1.58474457626556,-43.32087910573998,-30.522585610191793,-20.926727234480616,0.5578284648229893,-22.937736922997964,-18.975036834795603,32.32627647064328,14.209118938897838,8.89390526048147,185.53060089515984
2018-07-15,28.7,-18.0,0.3595731633928943,0.1561975296699408,0.020174760418724045,1.1360049762455302,-33.70600008778292,1.889928509796249,-44.23640591410924,-27.864746378895546,-23.23411084841925,1.0938294172520928,-27.92797412579332,-19.831359858227792,12.729113281889799,7.899092647315793,2.521111336342827,197.26753413575258
2018-07-15,36.59786,-5.94015,0.7150721342605729,0.14139332113342679,0.15411660158369792,1.3239792639487764,-17.79745733084341,1.570257871248849,-23.08750645289187,-12.404584161533416,-11.084394326054019,1.613752860907304,-15.983441409055484,-0.9061217898225005,4.871547185673824,1.5697292129258242,2.0211953532187317,24.95437453782468
2018-07-15,37.10579,-4.67189,0.7713378500142043,0.10612707535284911,0.19886670489909036,1.2228160074013452,-17.878199081040105,1.02146591551632,-27.220833773870993,-9.966047970721318,-11.618116093145067,0.9407350707438257,-19.831772327554944,0.8871213735154958,4.302279641100959,0.9274380712314908,2.2711380745665557,19.113975348611998
2018-07-15,37.24434,-3.75542,0.6404967355639484,0.2256617669335184,0.03755356733314068,2.099954681528746,-18.15970186707288,4.026355933105567,-26.66791742985709,-1.4580194833362625,-10.68446754353767,3.531623189927486,-16.22860404929665,11.350794758772109,6.295922578232553,4.507328724388032,0.9048030108383289,105.51451470683682
2018-07-15,37.45555,-2.25556,0.600313836773518,0.1472480307734206,0.17138735521372894,1.239486750403206,-19.37708773006586,1.3854881598823956,-23.808172926651892,-13.671529217066599,-11.714235925047369,1.4337181164310322,-15.47631633987416,-4.176106810100893,6.1130173359745665,1.9654115629557647,2.2271422011560804,22.33894466725268
2018-07-15,37.50512,-5.81387,0.6708781494185244,0.12748292014944615,0.2024991370669708,1.084297765268374,-17.623229345325377,2.1020786408683905,-25.528886449536174,-13.130474672432644,-10.585940841617692,1.9557346222118337,-15.87657040452616,-5.0920381999663356,5.210792555006391,1.418808027165363,2.689023558035243,18.753170595868337
2018-07-15,37.75169,-7.11385,0.6459931241102209,0.15423892889156035,0.20192517644786434,1.2876289976489093,-19.67772931642518,1.5799521088217465,-24.9617139729795,-15.6113247542781,-12.394025454415102,1.0541554395611077,-15.769999037418874,-8.811603593312825,5.613534799605457,1.8742865127683415,2.10648487048958,18.8093178392382
2018-07-15,37.81599,-4.99439,0.5366338229099176,0.16908719524262,0.04675274516155124,1.5780475877886702,-19.30463960526205,2.330760394389246,-27.925557622950762,-11.773739989735182,-10.991346530073729,1.7897828848541104,-17.351352603630545,5.980249671529934,7.346500525116234,4.058092604547501,1.5347778045180689,84.55647344724349
2018-07-15,38.03548,-3.86859,0.7661814246211267,0.1200317865676384,0.23437372821668495,1.279063973991439,-18.254000483169644,1.7856202259968166,-23.609776775296545,-11.651662279980474,-11.946877101946239,1.5799664859343987,-16.412210536115865,0.30779299968508705,4.3643494749034435,0.9699348284447752,2.127286892083768,16.066759275604003
2018-07-15,38.1893,-1.43707,0.8333704143134186,0.2525131073884293,0.13737721538083494,1.8573004396583717,-13.366889353147078,2.5075535081118083,-23.89213126165763,-3.550790171109245,-7.347995674617366,3.29868228311415,-19.220667081660686,7.26576814750249,4.440651534673621,2.5580149283054388,1.1536634109319182,28.116909881389454
2018-07-15,38.2,-0.88411,0.7258913695923342,0.1381122331274039,0.25051287553277585,1.6000197324583225,-17.63677106218213,2.0318781373257484,-26.12362320941573,-9.350026995219299,-11.015028371952786,1.5927848709762757,-17.37415895670906,-4.4421510465941525,4.738264831473737,1.2751894570753117,1.4999691684141108,14.967243166615845
2018-07-15,39.02606,-6.19655,0.5753087749311007,0.13169456810357424,0.1921785741844209,1.0185339462480432,-22.353657215250163,1.9481887326335852,-30.30560489265946,-17.206543777506074,-14.489365656101315,1.206536019906108,-18.695299244254556,-9.279674487153684,6.366273756225132,1.9119097046731632,2.9272132408887637,19.81397479909216
2018-07-15,39.0489,-1.99314,0.5566525877105799,0.13227307440627128,0.14184898787304526,1.2901288114887561,-19.723325232474657,2.804488515804316,-31.309193054738465,-14.23864042138984,-11.68472813856581,2.156771654333206,-18.1799088560562,-6.4593581197434995,6.64890845785047,2.1600494979803613,2.100465600317974,27.199002756226903
2018-07-15,39.26904,-4.16304,1.000814299394752,0.18229858867499665,0.47575844480747975,1.7013393189172765,-10.219502522925541,3.3381799893327995,-18.324834184840874,-2.785981797995295,-5.389360686454038,2.892502556055497,-11.77005872563884,1.5647850401856163,3.1319659187364226,0.7622806028987009,1.3510889071473287,7.407627954178803
2018-07-15,39.3862,-0.58762,0.7489210470797043,0.15512982955283594,0.14747450669510934,1.494325093389292,-16.62696906245321,1.496778810759433,-22.962557904204676,-10.679682359777981,-10.15722585879852,1.4841092298378822,-14.834289403474397,-3.639549296357324,4.607595203560298,1.4485498412183506,1.6767937028532156,26.123331955058855
2018-07-15,39.6437,-2.38957,0.7416487724749737,0.1534098284232772,0.12147119729219323,1.3863802354770844,-16.984507135875447,1.9150750089665896,-25.23196398932709,-8.234144967468811,-10.463146043427262,1.434737214715543,-15.563204077550425,-1.520769209535465,4.662565286152137,1.4958089330928124,1.885211356625775,31.929616972311457
2018-07-15,39.80093,-6.27123,0.7645630352660915,0.13714270330459727,0.26788905963547255,1.3203847352477966,-18.340928290933014,1.9514623120621566,-27.63029554234211,-14.098112975297823,-12.005179664741629,1.4138327457153521,-17.986505207105708,-7.681219532167454,4.424292544463841,1.1447336888315451,2.0294200570633834,13.93155414947875
2018-07-15,39.97782,-4.49185,0.46351302798666044,0.15567038835847039,0.13987263074449557,1.0848741600344907,-22.16579732293192,3.4836802141514585,-30.286497389731935,-14.149886316393994,-13.076843352108598,2.126955807506535,-18.054955537518893,-7.756657982965435,8.832152738383249,3.8659006627181784,2.687063575993764,27.597445967158322
2018-07-15,40.19028,-3.57747,0.7651273515114042,0.1373197876243304,0.17695586073291802,1.3488754533805047,-17.797383405171534,1.027831283099587,-22.84694618125163,-14.271076862618116,-11.467425256343931,1.000717892841428,-14.593066732804191,-3.6187623931031596,4.412381958064218,1.108667091226706,1.9654331613607015,21.60450704165858
2018-07-15,40.36508,0.07989,0.7887770109123033,0.1723837109927608,0.25386537783429275,1.7443945566393773,-15.286465794429876,1.6621300081904908,-20.204287739053672,-8.60198636232531,-9.086374674891802,1.8318551322517653,-13.140456754179384,-1.98570148313292,4.346479015460584,1.3544508918108782,1.293059207720819,14.75638251314028
2018-07-15,40.73827,-1.00363,0.5839125518490366,0.13990179089562632,0.18401480051158436,1.2847218231827902,-19.87916693534342,2.4301443058464454,-25.96593394374233,-10.319139464714555,-12.08164863589503,2.5097107784164945,-16.688331877917246,-0.37662068771946966,6.287556331997516,1.9593206394930158,2.1135144805825252,20.73738193275484
2018-07-15,40.86232,0.57098,0.9448662927743595,0.19788539693986815,0.2670997620830596,1.7715430311366112,-14.221646638408474,1.513214428653902,-19.113515875307577,-8.280909069564117,-9.036746382458322,1.4240376867662048,-13.865509363306302,-4.12236092703353,3.4330789774892008,1.0013756542243701,1.257918622181943,13.975677884565565
2018-07-15,40.92142,-3.0692,0.6911694110480233,0.14644895679311973,0.30921065222771726,1.3843186635422584,-18.29575110043845,1.60441484084881,-23.89321744680258,-11.706600623476168,-11.400306332687014,1.6179214746331403,-15.388020322600179,-5.354575378229482,5.061750310267037,1.3555477363113868,1.8895081062944104,11.936164945100957
2018-07-15,40.97913,-4.85813,0.44285520552547036,0.18786726064140236,0.036261087670993605,1.397040704013927,-24.260728635724767,3.519469661599155,-32.114828689079346,-13.171422800379545,-14.840699635625969,2.3993355511619137,-19.371097861460868,1.7978595850897316,9.8178918987653,5.431419221420052,1.863195029684779,109.3110870885356
2018-07-15,40.99443,-5.5754,0.4921498199931555,0.15752607371719007,0.09187279899742165,1.2389508695288902,-24.083683277495556,2.202022790356131,-31.502529108585144,-16.624315946169823,-15.329548450286744,1.629655573601315,-19.462953784026652,-8.289153977911251,8.072734160809654,3.2997128788405226,2.2285380303425555,42.5384579946482
2018-07-15,41.2211,-4.41308,0.9890089895260312,0.13875062762890034,0.21281435095337348,1.3983575890540088,-18.029465774140327,1.7486378394377504,-26.499262612675974,-14.55133418028582,-13.14724275150378,1.3163077233331382,-18.196084631785475,-9.087137211438092,3.157676867799258,0.9091631045832839,1.8604986530705687,17.795724922124162
2018-07-15,41.58075,-2.86887,0.6370209138787776,0.26755196657339847,0.14962600964530293,1.3166899768071985,-19.42507866882973,3.0040382907755787,-27.392359770724774,-13.87916080268197,-11.767146083407745,1.6362017640863946,-16.31778755213908,-7.708222069888601,6.822511124997367,3.9862534813362998,2.0379209004837104,25.733320025590675
2018-07-15,41.65781,-5.10557,0.5170911050731528,0.16234520499171545,0.16336202002412423,1.3005169778674077,-21.491392384770528,2.016725254870709,-27.085988941432063,-13.477968275220318,-12.993963197454832,1.3113995982182751,-16.523349703352682,-6.543019212537766,7.580030272737977,2.9236166992336705,2.0756999470773647,23.48549546222131
2018-07-15,41.74448,0.71416,0.569026660626576,0.22848694528914668,0.09191815347915762,1.4316857965487702,-22.05572657879037,3.373606496718377,-30.749614686484072,-15.80529730429956,-13.865292378355877,1.797352101599095,-18.207343032696322,-9.309574329928163,7.591868103148608,4.510018945804918,1.7939091172395665,42.51697514144469
2018-07-15,41.82753,-5.74309,0.5712563576172675,0.20507842026415388,0.013760384447053546,1.2727945255520092,-20.900596127503185,2.235216133446735,-30.99149146275327,-9.323565936706903,-12.797816827701245,1.7935437752520709,-17.790775087258716,1.2533365453257952,7.525428001020441,8.046148819215697,2.1426910783303414,289.68955270770095
2018-07-15,41.84807,-3.87632,0.6864321379859268,0.14031160213980842,0.2050341909685391,1.3150646982228977,-18.350532734193187,2.087418375100652,-25.259866805615296,-10.260179731390375,-11.421158622106967,1.850301975464401,-15.557973258611138,-4.995911479089229,5.103107279251572,1.41651396001216,2.0416754441096074,18.508941319029905
2018-07-15,41.86077,-1.07946,0.7526753800571679,0.18526506315334015,0.1826709343726112,1.5828927033646585,-17.150222610566573,1.896031782861439,-23.64936485846395,-10.524482978176227,-10.67185520672688,1.9693995340997736,-15.952737505357604,-2.757474072316889,4.673308646268103,1.585004723113907,1.527019040202437,20.897298624645018
2018-07-15,41.86705,-0.05219,0.506552611096528,0.1426501023055626,0.12983389143296736,1.5072123940527864,-22.411493806065554,2.7820910458273627,-31.092935642745182,-13.180560584780244,-13.864640204111566,2.0921079501167927,-18.26990706965117,-5.688261384680594,7.52839139927047,2.563375394884049,1.6539059894831984,29.80859670654778
2018-07-15,41.90971,2.24778,0.5833895296817312,0.17441799447947354,0.023952793537586784,2.29819409349207,-19.173520121377283,1.7196167564868625,-24.7754684203827,-11.812341268390142,-11.259564249017355,2.001660341021873,-17.398613065303007,2.4426750261999737,7.026195046786823,6.727037783615526,0.7404970325731114,165.9951353992673
2018-07-15,42.16169,2.87706,0.6232363027002443,0.18495420013423475,0.19584307810284876,1.3342624127766096,-20.433398346445315,2.5806013058074404,-27.417462245882007,-12.950242345804472,-12.914960437650327,1.8782659128282424,-17.66519408864645,-7.752088378991943,5.993985972351206,2.072496655290143,1.9979110268691236,19.42451558027169
2018-07-15,42.19387,-7.78684,0.7852332245692789,0.1252006773873168,0.18235323547375712,1.4631670784508108,-16.869786531417333,1.7472030011821573,-23.09491097325938,-10.59992741991114,-10.6902429438742,1.8023229238347245,-16.29207776599046,-2.42989063696125,4.254933528222429,1.129015199236753,1.7337957905908923,20.935448469603102
2018-07-15,42.27149,-1.97541,0.8577953084391178,0.18606715106815702,0.24160192474083694,1.4596933335511417,-17.451435585739446,1.8544075581924209,-27.391328287286257,-11.772808549894972,-11.710725084340648,1.3602088744288037,-19.070171731599267,-6.229236691665003,3.9186492316040997,1.257364188183647,1.740301615455625,15.556159493724005
2018-07-15,42.4113,-5.68645,0.6732548237079331,0.15377139696309575,0.28040764936667917,1.3904494347860645,-18.2434793823724,1.2434044824684058,-22.45778333287086,-13.515732141098091,-11.184930969751608,1.307525887532983,-16.27970901426289,-8.32190067152234,5.312800580536353,1.6835864838678256,1.8767676838355816,13.264946084867113
2018-07-15,42.41262,-4.67343,0.76811569517702,0.1337289832683949,0.28313024695115535,1.3484830856777528,-18.11394455474238,1.86843436022168,-23.062058449973904,-11.971937007825183,-11.808228731661703,1.9360386933983191,-16.756613921594443,-6.326361441639383,4.382244510692243,1.041157239082142,1.9662960125225333,13.127773500264938
2018-07-15,42.4273,-1.73358,0.5796825756823222,0.1526074894928252,0.17885050694087756,1.2341389054817076,-20.44524024597876,1.75430804408617,-27.94038678292104,-15.086549304959608,-12.584608653339826,1.4983330687939702,-17.0535842341601,-7.558209613671126,6.438582103209672,2.2361709818211395,2.2411262478097838,21.365047035188308
2018-07-15,42.72535,-8.29535,0.8419303729119955,0.13617298122128912,0.272626768710411,1.4418469443298807,-16.49792352904358,1.4349572598139648,-20.937060570216453,-4.903055981794251,-10.70079872240855,1.6551568436315198,-15.547321035150684,-0.6220339060771112,3.8891221115145993,0.899286264107003,1.7742195631305775,13.672073541864375
2018-07-15,42.9655,-2.75258,0.8295539483855146,0.12842782836724406,0.29723506886999596,1.3857665876860485,-17.35808581236924,1.5330205069105156,-22.312487529998414,-11.477990214653037,-11.484372256574204,1.6032775669376997,-18.166452927011157,-6.254994376752,3.949078299401148,0.8525095164074643,1.8864889913958711,12.457362266191785
2018-07-15,43.08895,-8.59496,0.7942599116493891,0.16028588465908686,0.06572426220350752,2.289791362203583,-16.833075789167737,1.3574874551874567,-20.99761073671938,-7.694793606162898,-10.684357500985314,1.61039683936889,-15.91596709118077,0.6848195113764084,4.288426440286925,1.6408794928740813,0.7468840463048111,59.86032563765366
2018-07-15,43.11323,-7.572,0.860595979835468,0.11249335486845145,0.3961424856713927,1.3727036820635663,-17.256658487261614,1.683569240691449,-22.522213443336312,-13.750954768872,-11.601967625527513,1.6966128360616857,-17.267654975984616,-7.150344727594243,3.7285225556814394,0.6331939422967782,1.913957361858938,9.097376940574033
2018-07-15,43.20135,-2.13431,0.7776661188368174,0.17840994988272663,0.1351102322078296,1.627894488733253,-14.546570372129652,2.406187439730382,-21.475965204819943,-6.877203761549229,-8.25695707356286,2.840165263033169,-15.967681947253237,2.7877285968624097,4.467373015715987,1.6144983196518816,1.4571617065382427,28.605455742590312
2018-07-15,43.30779,-2.99522,0.6208342605886857,0.28672776559319213,0.038847681707479834,2.3382689203974962,-14.263917347851018,3.1158464348276254,-22.378307795033614,3.5212333014922805,-6.357179822549123,3.9442022532201264,-15.606202880696376,14.523577303893877,7.8224634486200815,7.279199198676679,0.7106672227076503,101.96624725562013
2018-07-15,43.55671,-6.47065,0.7540121887927356,0.2488051078020793,0.13338968767839934,1.7069707989871428,-18.171535639981165,4.917914234474475,-36.446111954407066,-8.402064608920762,-11.565905704692073,3.9275293577623827,-24.241872131949723,-1.15444046225551,5.129112604239441,2.866986307777105,1.3433324122319266,28.987325629279105
2019-07-15,28.11818,-15.55454,0.7217307723103784,0.18833579619182647,0.13431487273378234,1.663381922443187,-15.236512349744691,2.0487719511716382,-25.361032966482675,-7.050340146041902,-8.513087428745811,2.192896273851384,-18.11900855933044,-0.9815558389437415,4.995623807328415,2.0068617205175316,1.4047393722571972,28.780767524741407
2019-07-15,28.47143,-16.54286,0.15708502448513298,0.06162818870625283,0.03074558529523297,0.47666987324821997,-36.12950095948769,1.6762958896726694,-42.98959408834744,-31.83846482825032,-21.90153104339948,0.6839734201153407,-24.6759668858882,-19.604424982723295,29.049550038421284,13.56233740984449,7.391551940848273,129.09997895926185
2019-07-15,28.7,-18.0,0.257022566810491,0.10116701250818157,0.03198523128930068,0.7568929606101287,-33.26367916632817,1.750782527337456,-42.25976005896793,-28.053252385407824,-21.280847305988278,0.7790670689163214,-24.491054221503113,-18.318697869713194,17.525537695116725,9.12709478747598,4.284763114688786,124.05771691380681
2019-07-15,36.59786,-5.94015,0.7049231480486562,0.1446072924572628,0.12575877104593025,1.2857660922483223,-18.03498513494838,1.6394047323346292,-24.626132906534515,-12.636575395881248,-11.237078233647397,1.6778508650562596,-16.968254878379426,-0.41676969874674274,4.993523658191287,1.8072361682202926,2.1109857571414885,30.806926600285397
2019-07-15,37.10579,-4.67189,0.703070125077567,0.09347473595544613,0.259070848414458,1.1758547066110918,-18.116611009970587,0.9733169554090956,-25.304314855715745,-12.787299596178698,-11.368022642815907,0.8370349991155366,-15.601142306080263,-5.314605047432962,4.795990583840534,0.8417036270091046,2.4017808301574286,14.439791950659206
2019-07-15,37.24434,-3.75542,0.6640699270641449,0.21334605275234728,0.0349899242706255,2.055357992558867,-17.72850547717641,3.681657706450546,-26.926426895004525,-3.4129153791608866,-10.482430172750572,3.4405272267832636,-18.86584167795679,11.750254384344746,5.908274547948627,4.315988229497062,0.9461329921509704,113.31862410054006
2019-07-15,37.45555,-2.25556,0.5857149375223522,0.15279060276246945,0.173193527520564,1.2881228498311221,-19.62905844425344,1.4178390962016763,-23.816064951278115,-14.000569792508731,-11.825367038450047,1.4376275898042343,-15.937345088300827,-4.419209568722396,6.342016947789129,2.120621087710443,2.1052938782387223,22.095551301852566
2019-07-15,37.50512,-5.81387,0.6824277785345927,0.14161161211350545,0.3016252633087863,1.2481427098427134,-18.360242041451777,1.7756505383479924,-23.25656153541037,-11.037478383637076,-11.397443195168616,1.4296804510687828,-15.169820751439945,-5.3978678695719,5.1464353786786665,1.432946363936736,2.2047617379458684,12.261488630363942
2019-07-15,37.75169,-7.11385,0.6416260823972378,0.1451405634579261,0.26731992113130265,1.406921225609913,-18.4912091503819,1.3675010163729218,-23.341821712259396,-14.942718714909775,-11.194393993719215,1.366464036843078,-15.665673772618835,-7.30746705241282,5.572005535479994,1.5696896423272793,1.8430873933726912,13.963344232154226
2019-07-15,37.81599,-4.99439,0.606119190837204,0.15210424561034466,0.03385866609768167,1.405730334892222,-18.260794650913095,1.9484953603810147,-27.33913135660597,-8.991564135537475,-10.623387803028532,1.8493808282726665,-16.659823084221046,9.946510033502797,6.265195109061657,4.316740906602056,1.8454959679778709,117.13814485367111
2019-07-15,38.03548,-3.86859,0.7598205580178474,0.13504525258367278,0.2439458004637232,1.4267686891935387,-18.59971416486986,1.8185080887660892,-23.64419376960892,-10.751497549716142,-12.232545105644203,1.7124484567309115,-15.735419241775919,0.24220744390269056,4.450675915030354,1.10132846588435,1.8035378336350687,15.39708489507215
2019-07-15,38.1893,-1.43707,0.8041757964215255,0.2418110496471999,0.10283745323645722,1.9652792296160655,-13.50242444004823,2.6737484266544396,-25.334628847517976,-4.760891530610715,-7.282012716349695,3.434835958522583,-17.910886004504352,8.553330591591624,4.695407399667062,3.0673187377661915,1.0353341854538578,37.89633469240706
2019-07-15,38.2,-0.88411,0.6988610479375023,0.14942065379011965,0.18905770984649645,1.9783592401308878,-17.627219925562798,2.060747597707186,-26.666155832400452,-8.272434399197785,-10.783642979750036,1.5135001173243159,-16.7268286128198,-4.625759408426344,5.030062282856668,1.5862260612393106,1.0218774825422308,20.157560848736402
2019-07-15,39.02606,-6.19655,0.5389111116905935,0.13399962258772757,0.1915500138020173,0.96824459482202,-22.90120891542525,2.1146346487922036,-30.468498479954306,-16.948106889161696,-14.687034505353564,1.2753156239807804,-18.42550256773835,-10.30853633142165,6.93793624959999,2.212738053591278,3.1311875340086655,19.88227466344288
2019-07-15,39.0489,-1.99314,0.5033196400530663,0.13298690644746522,0.15552165158944461,1.2627962341772867,-23.398551098797668,2.03651068444245,-28.98173268644209,-16.998593385190716,-14.83222697626685,1.7983974194080434,-18.78407027106387,-9.724277762466148,7.537770703261748,2.448332923218226,2.167573589262408,24.719891469256254
2019-07-15,39.26904,-4.16304,0.9951924465194528,0.18701979400974827,0.45016362050159103,1.7925230491497126,-9.856718439371917,3.2965130575886072,-18.449008838478605,-2.358907260981293,-4.989276856879593,2.9509374883707022,-11.833318992089692,2.5675836331902007,3.1659759482820613,0.8087131356640888,1.231491529159086,7.885658053716187
2019-07-15,39.3862,-0.58762,0.7377688634302025,0.14910008913575695,0.20628334478463228,1.366015206017493,-16.610890698521633,1.3460229352454105,-21.659117423393795,-11.335733143724166,-10.064711019297691,1.4330808639378267,-14.623049704571795,-2.4954378115061138,4.679800148516287,1.3908459377840106,1.9282250903060418,18.390804449947975
2019-07-15,39.6437,-2.38957,0.7351018291195108,0.15332297305684833,0.16499242638659786,1.3810935050635973,-16.838726402785362,2.1495418820923384,-25.961529753071915,-8.868407287183746,-10.26940236010669,1.6627682942240423,-16.7210855108967,-1.9129965502346216,4.70970205626383,1.414463529610922,1.8962557461421166,23.243537037436496
2019-07-15,39.80093,-6.27123,0.7400119039012654,0.13839027432437118,0.1950203585215295,1.1846547022676281,-18.594071441122875,2.0727367978974836,-28.940603414015353,-14.667260060932232,-12.07409139042532,1.4660385354533163,-18.516420540064953,-8.414436459759063,4.636129981699692,1.3308305614987925,2.3765113094501946,19.510679143061953
2019-07-15,39.97782,-4.49185,0.4668592635887507,0.14509422037166347,0.09985336830848855,1.0463412215643273,-21.654890114703015,3.0116405423544177,-30.926971628020986,-14.733886258457217,-12.631443847109656,1.7439872225938249,-18.415810900904397,-7.046111447911546,8.658579633850804,3.9065862414447343,2.8228447064522793,39.05873880630984
2019-07-15,40.19028,-3.57747,0.6913061994174875,0.15471133978405002,0.2045361398265277,1.2876838566235562,-18.078787335885625,2.0468916072976744,-28.196315507874928,-13.7653108695453,-11.160217457502585,1.5047327862623783,-18.141917681402795,-5.818291057988862,5.158205461644933,1.7985591624117312,2.1063525254470647,18.556446129239077
2019-07-15,40.36508,0.07989,0.7834920459117618,0.18047538208849082,0.2697868127352636,1.6727706733928471,-15.181766399121383,1.8648555451617062,-20.986976241519727,-7.463832332264252,-8.933960263486368,2.04691187052662,-13.872329417044858,-1.4160017581960582,4.413725745918366,1.4395684128975306,1.3912423045335203,13.826521576223666
2019-07-15,40.73827,-1.00363,0.4896977116842158,0.13789858352683307,0.1259741590475873,1.1080962596462598,-19.649388425690635,2.284020305601417,-25.938953649282148,-10.223578318908876,-10.920244283932709,2.1887349865839156,-16.81110488874176,-0.657383059960053,7.89604676067777,2.810728934303807,2.6097946953425595,30.752543777561417
2019-07-15,40.86232,0.57098,0.9472740832471152,0.2303954232617387,0.2711288394362423,2.292712297531723,-14.661153816340788,2.07498066243046,-22.02991101468094,-4.927668871006485,-9.458318610020674,2.228119417607466,-17.033440455056635,0.7306564380696305,3.5049810530483754,1.2736651540074253,0.7446585008970816,13.75313363313616
2019-07-15,40.92142,-3.0692,0.544875609080121,0.1849988277553726,0.1544262540372252,1.3110148167672644,-20.375472018916433,3.147195092788549,-28.03104820805489,-11.603729028083784,-12.102380944623404,2.057591018187275,-17.288505310552353,-4.859555490583803,7.295029121284556,3.059526531878454,2.051071543083935,24.902331342154945
2019-07-15,40.97913,-4.85813,0.29477858321979655,0.16358292019724452,0.06757118780231049,1.3427229847511284,-27.586161784878,2.9297390590653154,-35.256960047727496,-13.61327931990678,-16.10350892213112,1.5181522639478762,-20.288757809605393,-9.731047983031804,15.762956942321454,7.250836196965639,1.9790210232689165,58.19682826506753
2019-07-15,40.99443,-5.5754,0.31070387305570485,0.11293285301679787,0.056820107791732265,0.8825454559768215,-25.848864930357422,2.384121158950416,-34.42734898648113,-18.374109951775157,-14.820618535977474,1.617536158091456,-19.409322500044247,-9.371410580639425,13.712352837354105,5.706149588497264,3.532344450827984,69.39761372262002
2019-07-15,41.2211,-4.41308,0.9516863931104588,0.13498382915596227,0.2971411738464001,1.3810596056040483,-18.146271511341343,2.1736749198419267,-27.616420026706866,-14.265977247369065,-13.045801652815246,1.6610763708632041,-19.528170758998353,-9.775533073928473,3.3083037053755944,0.8122987113123575,1.896326837573733,12.461614720778153
2019-07-15,41.58075,-2.86887,0.56566803319365,0.3064059266102219,0.12470360554796672,1.4382758142975118,-21.001788610139876,4.156869064014744,-30.504358176309054,-13.665035599193942,-12.488844800097338,1.7340205618129418,-18.438696936888434,-8.891305073459282,8.788687386933235,5.52257877085353,1.781107740418826,31.076057323470224
2019-07-15,41.65781,-5.10557,0.37887485821973094,0.13744273762971482,0.10210591934259587,0.9722573102157501,-23.6482662400733,2.606671876604888,-31.39407897396329,-13.009198297196626,-13.57244001226542,1.752355522142659,-17.861256937627964,-5.838793270443244,11.01018568269877,4.547415427609331,3.114137232984522,38.17500597177725
2019-07-15,41.74448,0.71416,0.5803112322512756,0.1730319254323166,0.1608585384662564,1.3374075948008621,-20.111312935122534,2.0138307320156215,-28.87244255312748,-15.083754884371814,-12.220319039648508,2.108359963968164,-18.72622978463835,-6.750658946522606,6.547472432050441,2.376595204485827,1.9908608381991384,23.866569335634537
2019-07-15,41.82753,-5.74309,0.5218992845827504,0.21543793147714052,0.012108284011781744,1.2729480283641068,-21.520562966373085,2.5225141389549233,-29.230539381098588,-9.959513964441111,-12.868137023404968,1.7091675113639135,-17.564118513780343,1.4334426061955055,8.795136513041555,10.083122425549057,2.1423121061277635,329.35234357798953
2019-07-15,41.84807,-3.87632,0.5601673693023553,0.14907603359440816,0.19959816259100202,1.2847261672396755,-19.774988310729693,2.3552932153335377,-28.149850465676792,-11.423942775704205,-11.739152563526147,1.8572697800935414,-16.771555836680644,-5.687492686868314,6.695395779595185,2.234642463505022,2.113503952826213,19.040264640093046
2019-07-15,41.86077,-1.07946,0.7422169638169048,0.18585012666711873,0.16140305075182268,2.0919091907014145,-16.923970141505585,1.94160510229884,-25.49972103373538,-9.437177550974969,-10.36742132124566,1.8924205715780789,-16.505647908969912,-2.0093180711719585,4.764761953684954,1.6797034008947231,0.912128890575219,23.782679022285016
2019-07-15,41.86705,-0.05219,0.4117075374931171,0.15360543889581352,0.1183637115717402,1.380170030083567,-23.80139016193957,3.221262321082823,-30.36374475237612,-13.054730566921545,-14.138192053647415,2.2242022362539706,-18.871862618435273,-5.969673412090667,9.93185201323527,3.7060365408530367,1.8981936376040611,32.794141353666504
2019-07-15,41.90971,2.24778,0.5613687543897365,0.16763573223155856,0.020148746220580348,2.1524676907003677,-20.252875049490406,2.147458315308326,-25.976059010518078,-12.673474164081282,-12.147406901411665,2.1320493470745694,-17.21707112471966,2.2332362710703126,7.334386617098844,7.535739514960442,0.8583321911319765,197.52351884378376
2019-07-15,42.16169,2.87706,0.5230485835694465,0.21550804954457858,0.17656480937277624,1.2795290643150365,-22.171886528708036,3.2459414049154125,-28.040083827299974,-12.988639527714456,-13.600696661768229,2.0916863398231933,-19.179332242411334,-7.866631509453926,7.980290134532445,3.5553907644624334,2.1261501684928885,21.654570943153878
2019-07-15,42.19387,-7.78684,0.7568741986614991,0.12869582120569267,0.16674508362191448,1.3288165047453468,-17.165625281722896,1.8733243821741354,-23.44940318040612,-10.72742193796068,-10.776729740247468,1.8882250058882977,-16.507865725011627,-1.743770458966013,4.4885051395001385,1.3271382108833754,2.010197409285307,22.988713268870857
2019-07-15,42.27149,-1.97541,0.8011583485129136,0.1925712983597118,0.268464927000383,1.4302696596290554,-17.983692536841485,2.2913465111201043,-28.225699404361308,-11.959346650229495,-11.842052464188047,1.521737763225445,-19.70284994723972,-5.527953844601914,4.336062392317296,1.5056926147604797,1.7966754192614358,13.899525404278577
2019-07-15,42.4113,-5.68645,0.7341716706221322,0.11455621542222401,0.3581987278169351,1.1888435380718534,-17.5132382399964,1.0544674425824485,-22.5090742781738,-13.272984904075614,-10.977373297867945,1.1476740091876578,-14.626480522861936,-6.092190665704015,4.599184057115252,1.005971008647019,2.3646143263624664,10.166985500976661
2019-07-15,42.41262,-4.67343,0.7558915044300529,0.13464539720212737,0.21485155659948868,1.3174473032190648,-18.452141490452515,1.8999317577544794,-23.56552186773645,-12.542857453327834,-12.058347987675175,1.6024140115887633,-17.568108634649974,-6.974793055736491,4.473771509930078,1.0754825110012656,2.0361745704942864,17.61750532930288
2019-07-15,42.4273,-1.73358,0.4720763330151016,0.14008874837445995,0.12152134050885947,1.3051295855463547,-21.848275126137796,2.0288287818424093,-28.51205595033543,-15.668205238019075,-12.91785122421108,1.5451330110193384,-17.283836588634003,-7.535371496451511,8.321402518934939,3.128113382362567,2.06482976426093,31.916029260789642
2019-07-15,42.72535,-8.29535,0.7825721719309217,0.14932877830189809,0.07903431170190615,1.3725589293737472,-17.465322123195033,1.948295409939001,-23.20639646803886,-5.64861609380033,-11.238864388450105,2.063290886578764,-16.433379952945714,5.192768627869186,4.367772580198923,1.7131937733100564,1.914264673375493,49.61092978308974
2019-07-15,42.9655,-2.75258,0.8054145656404154,0.13567674514823516,0.3385381704880344,1.3676191550096692,-18.26232289623036,2.0810490289836263,-23.82312283872784,-11.551772681591277,-12.219450624974106,1.9988223227665884,-17.753865449373315,-5.875038199294873,4.115250701789787,0.9133246935403129,1.9247908566853318,10.815506636175254
2019-07-15,43.08895,-8.59496,0.7583289604849334,0.1560516358055546,0.16052822710154202,1.648569407710415,-16.87414574728632,1.4181406594297654,-21.279002255756893,-10.481205924638235,-10.471011215933402,1.585965625094192,-16.09624617744759,-0.2636928711396247,4.540285245328889,1.4426564966286384,1.4263461285232304,23.917736103008245
2019-07-15,43.11323,-7.572,0.8273374711145666,0.11131989377720071,0.27291464795417386,1.3953736408861332,-17.51099753317831,1.654038487313825,-23.5292484417,-13.798999412316384,-11.635238163195828,1.6797840150113321,-16.744870900712975,-6.061481983229198,3.930733289920611,0.7481527118156276,1.866615709796407,13.6565969616686
2019-07-15,43.20135,-2.13431,0.7555328162213532,0.15756794506991945,0.1372113322565988,1.3760705967691083,-15.43675839774772,2.676215525332426,-24.13010583459976,-7.636830658965519,-9.01355013094218,2.9041265933153717,-16.843300688657603,1.9701236155467887,4.559279786394596,1.4415108693810146,1.9068276070949013,28.152111084524734
2019-07-15,43.30779,-2.99522,0.5972222815427138,0.28703403427939334,0.03611953559844398,2.1174572438180164,-14.1820135775309,3.192381218614782,-23.013029050840125,1.5060657306037322,-6.043880664827097,4.200524087304102,-15.7132891104987,15.122849145456733,8.307618653783752,7.833114896461644,0.8890582143644821,109.74339505550891
2019-07-15,43.42863,-3.89545,0.7839023632956132,0.11293355786108068,0.4196392460474514,1.2426255062818903,-16.481794507962988,1.4774200758901235,-22.099943641523208,-11.98077599063422,-10.308569642335287,1.4499054224508328,-16.613315855074504,-6.080913781480946,4.210873787068599,0.7666781539682118,2.218990741602078,8.531996918009174
2019-07-15,43.55671,-6.47065,0.7662212232755106,0.2603683610461363,0.09610772558597439,2.067602464564806,-19.831630154570405,5.0462090683332885,-37.94713851319103,-12.667087280927838,-13.285475314004005,3.8230473275676413,-26.206674906973912,-5.843504259678701,5.152932268341818,3.2868199908586875,0.9346078700104129,40.619963177900296
2020-07-15,36.59786,-5.94015,0.7364533729292976,0.1365953190870923,0.11541633307591523,1.3642676908550504,-17.44881114715764,1.4913266124086917,-22.55861006159799,-11.178496485701094,-10.904324548215618,1.612447106207581,-15.730157941523945,-0.19568495316942133,4.668670736721479,1.5185128753593176,1.9319759067907063,33.65713988131121
2020-07-15,37.10579,-4.67189,0.7485087173591418,0.11310176448489406,0.16312053979150248,1.3792697292234166,-18.22324094356237,0.877437153937821,-24.454681702678553,-13.623900827402007,-11.792486829559822,0.8076281836025002,-16.037872580101805,-3.5579195742001337,4.493595836346077,1.1082954214529024,1.9000853968223883,23.521743277166216
2020-07-15,37.24434,-3.75542,0.6391584907789326,0.20535794094005083,0.04215042685567968,1.9197176432963357,-17.87486326029196,3.665378436558739,-26.8552249209611,-3.5976122787263174,-10.432144042933217,3.450431016673916,-17.004770305700408,7.546816660575587,6.129587687217175,3.8330215404472687,1.0836397550275279,93.89820859218675
2020-07-15,37.45555,-2.25556,0.5974016629877072,0.1433642415286908,0.15772247972667727,1.2374868814122082,-19.123431592683023,1.3223773630046145,-23.181781975460083,-13.395025830964169,-11.443238600445255,1.4439521627359422,-15.288812524535341,-4.650038706729374,6.116417932120125,1.8649637464482531,2.2323574981540317,24.361001215119984
2020-07-15,37.50512,-5.81387,0.6601011605254571,0.11268446157493862,0.26758635630635574,1.1926489842137489,-17.39097315628497,1.512633556532684,-24.75949282530304,-12.641086970242583,-10.289771526329234,1.713251505730347,-15.615680735733758,-5.849917730831145,5.237276650974638,1.0891491621411296,2.353878679263699,13.94844526161288
2020-07-15,37.75169,-7.11385,0.5863669911226023,0.1738525692887527,0.16894049246983578,1.2212403078025444,-20.147268121169315,2.6333442929991984,-27.76318138141173,-15.09973498761558,-12.294225292165482,1.6521886190318404,-17.940845774252445,-8.51127529747798,6.551001718490248,2.6448881633667463,2.2753586451772585,22.676976085021163
2020-07-15,37.81599,-4.99439,0.6531529152887625,0.1555382066843712,0.06289637500966742,1.428696715841651,-18.252946628554323,1.947271317782205,-26.695104714451773,-10.839425058016605,-11.019584545317977,1.8058283556285353,-16.764407873689585,6.483647527280466,5.624944096138922,2.871536763622899,1.7997544584846221,62.596669909596294
2020-07-15,38.03548,-3.86859,0.7719024374868486,0.12068462680689203,0.2549704000689422,1.4337030836688889,-18.058506905138458,1.7790627053363308,-21.99268802109927,-10.625098995437478,-11.79302659110182,1.6121734994963466,-15.343005062240849,0.07171588532759696,4.3185768816275125,0.9184253215617264,1.7899779567774108,14.688095555085718
2020-07-15,38.1893,-1.43707,0.8350160720020886,0.17945828833751123,0.3334804238872886,1.639073612394428,-14.079694035386117,1.2764085322521428,-19.41117904818197,-9.601480224767139,-8.194094114186589,1.4909479361852855,-12.886954681940221,-1.6453576412820707,4.040729907913538,1.2323339498437935,1.440402901829791,10.994707075675125
2020-07-15,38.2,-0.88411,0.7258132756491034,0.12356154628143677,0.2599910668164109,1.8139532178313411,-17.32013136771173,1.7018294050464662,-25.885698639144117,-8.69610084668111,-10.715640224433713,1.376655763139647,-18.10301267988178,-3.2637302900584118,4.683854983138506,1.0656182029205505,1.20512853401047,14.385143993522458
2020-07-15,39.02606,-6.19655,0.5762946436650758,0.1260762899014691,0.25143549984024244,1.013066419365292,-21.981512986074105,1.7838416695277635,-27.10078431562017,-16.93444569118042,-14.141087526363183,1.1119620460329465,-18.167481677433493,-10.051426932715096,6.289741072671523,1.6718392031746847,2.9484084395039827,14.908652527354045
2020-07-15,39.0489,-1.99314,0.5354623457683252,0.15743101095011394,0.22062857210896325,1.2244676432327772,-22.68194282184832,1.900768772834859,-27.196000693150538,-15.051175686781809,-14.386852558700683,1.5137436626015748,-18.152444164708488,-7.190047556475941,7.162469751638944,2.4698645769113083,2.266725766178193,17.130018074107348
2020-07-15,39.26904,-4.16304,0.9868310100954486,0.18133624031110737,0.4334694113906706,2.012740478650881,-10.151375450520723,3.35253961555227,-18.394860382447575,-2.334297046780181,-5.238533378220005,2.9265474582046545,-11.35605040112733,2.1614917104599387,3.1931963826979084,0.7863804589875527,0.9873401675118882,8.227871436572816
2020-07-15,39.3862,-0.58762,0.7582923812245111,0.14848390568809924,0.1904628200018545,1.3996097831127028,-16.499204155344835,1.3031008518465046,-21.872525224598828,-10.859564584010975,-10.105075828658459,1.4090907403533095,-14.749795847751432,-2.5484746882569045,4.510935994710706,1.3072710675342631,1.857939440166018,20.001474198276874
2020-07-15,39.6437,-2.38957,0.7143098850919616,0.15339592732795118,0.12054660059241248,1.3506208964503281,-17.22140264090064,1.9988675468261212,-25.728827191799557,-7.468308004938246,-10.492384600366188,1.4952150887112394,-16.247296490086487,-3.400150650103703,4.907621946982677,1.690317205722437,1.9616008537352791,32.18218830180575
2020-07-15,39.80093,-6.27123,0.7759041494081025,0.12674352700849376,0.33433818595980097,1.2570528195461173,-18.051249360415316,1.8711543300919158,-26.04204274900364,-14.119962327783197,-11.808463787759981,1.3863091548498385,-18.11991787522078,-8.20296255793288,4.305052198892305,0.9667445281995881,2.1820460825538546,10.963934028406012
2020-07-15,39.97782,-4.49185,0.48051839634634824,0.14503301208214525,0.160410131979435,0.9855114892580158,-21.205650689950893,2.6427500667894526,-28.179363874244125,-14.440771527909932,-12.348416410287445,1.7178618226432205,-19.01377558135563,-7.459485790374035,8.23042412016712,3.2374775051190987,3.0588060551293723,23.936080724083006
2020-07-15,40.36508,0.07989,0.7727206121246458,0.15915493976709658,0.20571934175291262,1.4086694643123479,-15.615128892635342,1.6799401726675922,-19.80807469559054,-7.898457358977538,-9.315202899454466,1.8850121456431035,-13.275147287145819,-1.9771406734423729,4.4297537327510845,1.3712267333358348,1.8395589606626626,18.44396655130444
2020-07-15,40.73827,-1.00363,0.5483257111104878,0.13507185772852068,0.16652738891498714,1.1757538258172355,-19.961782990320078,2.5542697429174517,-25.893452940884906,-10.311051138668947,-11.838439600894697,2.4087236627498023,-16.242080024395975,-0.575076317996671,6.78992696856085,2.175386180174228,2.4020727061803995,23.020072770383823
2020-07-15,40.86232,0.57098,0.9713358891875897,0.226217727372074,0.22785829854880127,1.976895631664259,-14.983729623575432,1.9288122663686917,-21.94122166092669,-6.324623406250388,-9.930486461365913,2.2456645023549915,-17.591557234965748,0.5654979053510811,3.3858008148855756,1.291525075193418,1.0233743936358344,16.554769896358657
2020-07-15,40.92142,-3.0692,0.5873594159300607,0.1641566242698764,0.24425028232324184,1.619367979775623,-19.52095687415218,2.3686749101496205,-26.04065261874117,-11.216386017007956,-11.718232460898392,1.9191595732266267,-16.115859010101133,-4.695056172597757,6.353655367603458,2.08522678076682,1.4700994770529134,15.376644325456228
2020-07-15,40.97913,-4.85813,0.5156824315689872,0.19466818705002165,0.15366820094305028,1.4221943333726683,-22.805351304390726,3.7690282329984117,-28.94343568753752,-13.430924541209984,-14.219896955760305,2.6297343456956694,-18.96965079407176,-7.1688202164235975,7.889858411503122,3.3866438536639016,1.8125551523709034,25.030108867366824
2020-07-15,40.99443,-5.5754,0.42429505231728526,0.14619046852481302,0.07763567063522585,0.9695165179414674,-23.08071697640176,3.07179201153515,-28.47597431183363,-15.848874143488715,-13.577188526268637,2.172696381905397,-19.46677176700165,-8.374036642077776,9.576259314545757,3.6599332816910533,3.1257677677251205,50.52270814783261
2020-07-15,41.2211,-4.41308,0.9670648485313781,0.13753872886210577,0.33072130287905005,1.3861397107851496,-18.201248233933942,1.973993083135397,-25.209260652666742,-14.458431021130567,-13.191005914503661,1.4949270417293328,-19.379260724487352,-9.661983514594294,3.2451785893721476,0.8432496620284697,1.8857120020999067,11.094775767930686
2020-07-15,41.58075,-2.86887,0.6716070281447485,0.2367339964352856,0.20706282907985177,1.2831784603105345,-19.335089830763707,2.9827903719012347,-26.823996151983973,-14.061814952447083,-12.098169265917871,1.4652595776547426,-17.43005677513272,-8.551227486899537,5.873776932787724,2.782765539106107,2.117259308601536,18.317808115417176
2020-07-15,41.65781,-5.10557,0.4539859095347226,0.15477094699714447,0.09906089066492914,1.0995798615713182,-22.271677130415082,2.150383409039078,-27.03114779319575,-13.346953788180722,-13.098049456834685,1.4587531735345893,-17.011337832684042,-5.328875752841183,8.92174702308805,3.691826893600933,2.6377530544111027,39.37920488247875
2020-07-15,41.74448,0.71416,0.5997171819254669,0.1408341476514578,0.23667604814098686,1.1476645291686451,-19.07236834755,1.5819171123728566,-24.86754531179689,-15.252725290651785,-11.418789014644164,1.6228865183439518,-17.379068078929947,-7.660809954059342,6.060114450415975,1.7327955997668139,2.485339050164383,15.900738504883341
2020-07-15,41.82753,-5.74309,0.5476251089302849,0.21444624880395008,0.011808076747354816,1.3936844340636516,-20.92411400655185,2.663573503349556,-28.05111771142225,-9.081825580270205,-12.56463321273009,2.070649692702834,-17.736833805799435,1.6937099553088002,8.103343459587736,9.89386010288687,1.8700901740984175,337.75118578443005
2020-07-15,41.84807,-3.87632,0.6491894791723084,0.15142345441505162,0.24808065736943827,1.3271212392333425,-19.018156286939277,2.656416472226978,-26.009968497366266,-11.66219679707859,-11.773614659272313,2.1510187507638223,-16.941593400877128,-5.080957429427334,5.5253908777616765,1.6507480770392504,2.014042637363515,15.123788296978171
2020-07-15,41.86077,-1.07946,0.7433121553661256,0.17846189899669745,0.169496069788706,1.513825243249529,-17.04944140901657,2.0509718562929,-23.552018435011806,-9.740635663284909,-10.506621969416306,2.151237897658789,-16.981356699344765,-2.6381551612550025,4.74221129237392,1.6389949507234154,1.6423129207528127,22.59936725958546
2020-07-15,41.86705,-0.05219,0.5917012434597669,0.13060600705046987,0.21227210514929998,1.2667336384509988,-21.091215691630524,1.9646017871603048,-25.923724725121943,-14.280666112107049,-13.381825602299147,1.6813880186232049,-17.060175970030805,-6.739925744774738,6.115743407220415,1.7051055565946243,2.1577277800022143,17.84373831025339
2020-07-15,41.90971,2.24778,0.6268589590614824,0.15399670213501446,0.03814278221789909,1.9730024899073046,-18.33614855080386,1.6046605061913843,-23.56673870171224,-12.42757344242693,-10.861115898993454,1.598058003933378,-15.931529541639222,1.4633280962478357,6.11402535636463,4.52157403092124,1.0273669295713495,103.86911985468481
2020-07-15,42.16169,2.87706,0.7373612083787393,0.14123605170639095,0.31057533796380726,1.315338460104514,-18.91498184753304,2.398850060654455,-24.956410773077717,-12.440680397756514,-12.378310803220382,1.9232728588029695,-17.762820019541216,-6.977588336181192,4.638457884610345,1.1616745532743558,2.0410423790711394,11.879322699042312
2020-07-15,42.19387,-7.78684,0.7514147854551196,0.12434464172919922,0.21644412620873243,1.425755785194724,-17.356973504070027,2.0601725817577394,-24.69609001024009,-8.83965539940463,-10.93808805073912,2.0068495521438017,-17.006565195586823,-2.003331666982683,4.493561105856423,1.113712688928758,1.8055295595056597,17.480519984832096
2020-07-15,42.27149,-1.97541,0.8285720065591183,0.18035380951754884,0.29486506043095206,1.3877478780912331,-17.791217244159938,1.947096983590169,-26.945940523447778,-13.01370298153727,-11.857309091098747,1.3822614385416696,-19.344754393182157,-6.513967184289413,4.096014386841879,1.289098474171883,1.8823679453228699,12.565527208119903
2020-07-15,42.4113,-5.68645,0.6160313302315539,0.1044833234442437,0.29142659507262975,1.1994317156093472,-17.847850841798486,0.9425624179282052,-22.95597173911195,-14.228740550186005,-10.390233375633061,1.1498992741456966,-14.791940063717293,-6.553828619457839,5.683360625195843,1.194546379291162,2.3349126490021823,12.72558327767963
2020-07-15,42.41262,-4.67343,0.7034248119558594,0.1368324057508718,0.23014791597774503,1.2440672051027464,-18.525129733114056,1.6872712837217156,-24.02323310483718,-12.429150242623178,-11.735930891399228,1.8602146844723053,-16.575129824132933,-5.619042240805556,4.918355883638531,1.2473714957038382,2.215260384321154,16.380126963160485
2020-07-15,42.4273,-1.73358,0.5491312833057732,0.13794095734856754,0.1795575508487554,1.0479691638700834,-20.72072639612146,1.702876410439965,-25.67486105036111,-14.550852773325417,-12.599085946291776,1.2911777050745865,-16.584434422667883,-8.243114946809893,6.796134013859644,2.1687392544924715,2.8169062009689814,21.27698017205232
2020-07-15,42.72535,-8.29535,0.7886278554843473,0.14164809949717355,0.06766159046637892,1.3647588896638234,-17.695140505013335,2.1144438867390836,-24.7424919854597,-4.775467047891219,-11.515988470979662,2.2077403043086634,-17.128991781015152,6.816631203669159,4.328177895970811,1.9887249214764517,1.9309206412169309,58.11773537140842
2020-07-15,42.9655,-2.75258,0.8144843643446464,0.12722924845412967,0.31258821864774494,1.347338581057954,-17.811151434855585,1.9559896750173562,-23.250370267997628,-10.741863923950412,-11.83530715990628,1.908934044533904,-18.57269705441461,-5.834687505966322,4.046119748406141,0.8977065604437129,1.9688157499795853,11.79638758397223
2020-07-15,43.08895,-8.59496,0.7614162014617194,0.16035020944995274,0.039680322282861794,1.4930941700634097,-17.07016589714155,1.5868813102327401,-22.54127631754514,-11.97688106739924,-10.66978354167871,1.8269950741968923,-15.79431369366775,7.5265099818036205,4.654307137604292,3.1820670401811912,1.6790004811485704,99.80563286472164
2020-07-15,43.11323,-7.572,0.7974443386806601,0.11375922134910103,0.26977362567622964,1.2741276061133084,-18.059229106415565,2.0703274804862772,-23.706649082747028,-13.6827808813025,-11.978124460295703,1.890421436699211,-16.84897602670381,-6.868794328406204,4.126890935275445,0.8118639280367876,2.139402977227604,13.827246325408483
2020-07-15,43.20135,-2.13431,0.7722700155011094,0.1429731884775263,0.2232703713067027,1.5041434287431534,-16.173383770856738,1.6297920072601773,-22.41204331062682,-11.100939918263283,-9.890304721591486,1.732687318699893,-15.439410068623726,-1.9164519534139657,4.371187439007313,1.1090149023295814,1.6593208623344904,16.915498489968776
2020-07-15,43.30779,-2.99522,0.6145453583484883,0.2881609723371855,0.023641741256720885,2.2296190333434827,-13.956068974500804,3.1762861644057296,-21.512966682576135,2.5202209350771523,-5.968323569699539,4.161659903887483,-16.149951270789416,17.64992800269122,8.189463149228152,8.714459005629607,0.7940284596520047,168.19227549971083
2020-07-15,43.42863,-3.89545,0.7957631991205757,0.12051911242599321,0.4500046684972508,1.5875816043421718,-16.58598684293261,1.6472353956524017,-22.071104698274745,-12.741756159207458,-10.488904394390861,1.4952761995996782,-16.87746388434926,-6.507237831190372,4.147255647649831,0.8115980456250378,1.5195555233568194,7.888796672615936
2020-07-15,43.55671,-6.47065,0.7692283566327588,0.2311973813813171,0.13747728638925907,1.9196174303202485,-19.447488529918413,4.132480636573672,-29.990219144979676,-12.032332586562504,-13.005036845464012,3.35322519453609,-25.216471309904314,-6.176869868387977,4.813638214844436,2.267236871364849,1.0837485307333778,28.095715409120228
